,Opp,teamid,season,Team,HomeAway,Age,W,L,ERA,G,GS,CG,ShO,SV,HLD,BS,IP,TBF,H,R,ER,HR,BB,IBB,HBP,WP,BK,SO,K/9,BB/9,H/9,K/BB,IFH%,BUH%,GB,FB,LD,IFFB,IFH,BU,BUH,K%,BB%,K-BB%,SIERA,HR/9,AVG,WHIP,BABIP,LOB%,FIP,E-F,xFIP,ERA-,FIP-,xFIP-,GB/FB,LD%,GB%,FB%,IFFB%,HR/FB,RS,RS/9,Balls,Strikes,Pitches,WPA,-WPA,+WPA,RE24,REW,pLI,inLI,gmLI,exLI,Pulls,Games,WPA/LI,Clutch,SD,MD,FB%1,FBv,SL%,SLv,CH%,CHv,XX%,wFB,wSL,wCH,wFB/C,wSL/C,wCH/C,O-Swing%,Z-Swing%,Swing%,O-Contact%,Z-Contact%,Contact%,Zone%,F-Strike%,SwStr%,Pull,Cent,Oppo,Soft,Med,Hard,bipCount,Pull%,Cent%,Oppo%,Soft%,Med%,Hard%,PlayerName,playerid,tERA,pfxFA%,pfxSI%,pfxCU%,pfxCH%,pfxvFA,pfxvSI,pfxvCU,pfxvCH,pfxFA-X,pfxSI-X,pfxCU-X,pfxCH-X,pfxFA-Z,pfxSI-Z,pfxCU-Z,pfxCH-Z,pfxwFA,pfxwSI,pfxwCU,pfxwCH,pfxwFA/C,pfxwSI/C,pfxwCU/C,pfxwCH/C,pfxO-Swing%,pfxZ-Swing%,pfxSwing%,pfxO-Contact%,pfxZ-Contact%,pfxContact%,pfxZone%,piCH%,piCU%,piFA%,piSI%,pivCH,pivCU,pivFA,pivSI,piCH-X,piCU-X,piFA-X,piSI-X,piCH-Z,piCU-Z,piFA-Z,piSI-Z,piwCH,piwCU,piwFA,piwSI,piwCH/C,piwCU/C,piwFA/C,piwSI/C,piO-Swing%,piZ-Swing%,piSwing%,piO-Contact%,piZ-Contact%,piContact%,piZone%,Events,EV,LA,Barrels,Barrel%,maxEV,HardHit,HardHit%,gamedate,dh
0,- - -,20,2019,- - -,H,27,1.0,0.0,3.4253731122355364,36.0,0.0,0.0,0.0,0.0,6.0,1.0,44.2,199.0,37.0,21.0,17.0,7.0,18.0,2.0,7.0,2.0,0.0,46.0,9.268656656637333,3.6268656482493915,7.455223832512638,2.55555556,0.07407407,0.0,54.0,44.0,30.0,5.0,4.0,0.0,0.0,0.23115578,0.09045226,0.14070352,4.244450172364834,1.4104477520969856,0.21264367816091953,1.2313432756402254,0.24793388429752067,0.78544061,4.870726359770197,-1.4453532475346607,4.792931268422302,82.48739142761904,113.58066422464714,108.14162946295585,1.22727273,0.234375,0.421875,0.34375,0.11363636,0.15909091,27.0,5.440298472374087,277.0,502.0,779.0,0.030630019718955737,-2.1778858420002507,2.2085159087291686,-2.005000315606594,-0.20458122016862035,0.6314794340298748,0.727184283045622,0.8753888835716579,1.0631615457196648,26.0,36.0,-0.14332712488248944,0.19183229871449528,10.0,5.0,0.50962773,93.22670025,0.44672657,81.76080692,0.0436457,87.17647059,0.01026958,5.057041794061661,-0.8177675418555737,-2.9638127125799656,1.2738140539198137,-0.23499067294700393,-8.717096213470487,0.32244009,0.6625,0.46213094,0.61486486,0.85377358,0.75555556,0.41078306,0.58291457,0.11296534,46.0,38.0,44.0,27.0,55.0,46.0,128.0,0.359375,0.296875,0.34375,0.2109375,0.4296875,0.359375,Austin Brice,17237,5.035577183393504,0.31450578,0.19512195,0.44672657,0.0436457,93.11142864616549,93.32828913236919,81.72442497604195,87.12352999518899,-8.355877559039058,-10.434736797684117,5.950172402392859,-10.170293976278867,4.926653081543591,-0.46769736628783376,-0.7234770189756634,-0.20470588807674014,2.564175944775343,2.824919879436493,0.2889137640595436,-2.9216485656797886,1.0466024264389155,1.8584999206819033,0.08302119656883437,-8.59308401670526,0.28426396,0.64415584,0.46213094,0.57142857,0.83870968,0.75555556,0.49422336,0.04320203,0.43964422,0.31257942,0.1905972,87.06408579209271,81.6774939388209,93.11208169828585,93.33238199869791,-9.70314469056971,6.8742809888255385,-7.757977834561976,-9.849037443796794,-1.4104206746115404,-1.8299454054391453,4.241923835219406,-1.5010262451569238,-2.9216485656797886,0.016020018607378006,2.5520700700581074,2.875936482101679,-8.59308401670526,0.004630063181323123,1.0374268577471981,1.917290988067786,0.28608247,0.63682864,0.46213094,0.57657658,0.83534137,0.75555556,0.50192555,128.0,87.95703107118607,13.6484375,6.0,0.046875,108.4,47.0,0.3671875,2050-01-01,0
1,PHI,20,2019,MIA,H,27,0.0,0.0,0.0,1.0,0.0,0.0,0.0,0.0,0.0,0.0,1.0,4.0,1.0,0.0,0.0,0.0,0.0,0.0,0.0,0.0,0.0,2.0,18.0,0.0,9.0,2.0,0.0,0.0,0.0,1.0,1.0,0.0,0.0,0.0,0.0,0.5,0.0,0.5,1.2507009348869325,0.0,0.25,1.0,0.5,1.0,-0.7859900474548338,0.7859900474548338,1.2032179653644564,0.0,-19.445760995730854,26.45066532970623,0.0,0.5,0.0,0.5,0.0,0.0,0.0,0.0,10.0,13.0,23.0,0.0005200000014156103,-0.0004600000102072954,0.0009800000116229057,0.4779999852180481,0.050581999123096466,0.011500000022351742,0.009999999776482582,0.009999999776482582,,0.0,1.0,0.036249998956918716,0.008967392382639792,0.0,0.0,0.52173913,93.41666667,0.47826087,81.72727273,,,,-0.12819597125053406,0.20003768801689148,,-1.0682997604211173,1.818524436517195,,0.16666667,0.54545455,0.34782609,1.0,0.66666667,0.75,0.47826087,,0.08695652,2.0,0.0,0.0,0.0,1.0,1.0,2.0,1.0,0.0,0.0,0.0,0.5,0.5,Austin Brice,17237,1.440575682642002,0.43478261,0.08695652,0.47826087,,93.47999877929688,93.0,81.65454656427556,,-8.581999969482421,-11.239999771118164,6.105454878373579,,5.741999816894531,-0.6650000214576721,-0.5254545211791992,,0.5137157328426838,-0.6419117078185081,0.20003769174218178,,5.137157328426838,-32.09558539092541,1.8185244703834706,,0.16666667,0.54545455,0.34782609,1.0,0.66666667,0.75,0.47826087,,0.47826087,0.43478261,0.08695652,,81.58099920099431,93.42135009765624,92.93994903564453,,7.143827958540483,-7.935413360595703,-10.629600524902344,,-1.8734859119762073,4.865076065063477,-1.7762351036071777,,0.20003769174218178,0.5137157328426838,-0.6419117078185081,,1.8185244703834706,5.137157328426838,-32.09558539092541,0.16666667,0.54545455,0.34782609,1.0,0.66666667,0.75,0.47826087,2.0,93.75,24.5,0.0,0.0,108.4,1.0,0.5,2019-08-24,0
2,PHI,20,2019,MIA,H,27,0.0,0.0,0.0,1.0,0.0,0.0,0.0,0.0,0.0,0.0,1.0,3.0,0.0,0.0,0.0,0.0,1.0,0.0,0.0,0.0,0.0,1.0,9.0,9.0,0.0,1.0,0.0,0.0,1.0,0.0,0.0,0.0,0.0,0.0,0.0,0.33333333,0.33333333,0.0,7.336575887306932,0.0,0.0,1.0,0.0,1.0,4.214009952545166,-4.214009952545166,4.214009952545166,0.0,98.13696336576464,94.96713989828582,1.0,0.0,1.0,0.0,0.0,0.0,4.0,36.0,7.0,7.0,14.0,0.0053400001488626,-0.0032599701080471277,0.008599969558417797,0.4779999852180481,0.050581999123096466,0.10866700112819672,0.12800000607967377,0.12800000607967377,0.0,1.0,1.0,0.004798819776624441,0.04434213463844119,0.0,0.0,0.78571429,93.90909091,0.21428571,82.0,,,,0.7886814475059509,-0.00544363260269165,,7.1698313409631895,-0.18145442008972168,,0.22222222,0.6,0.35714286,0.0,0.33333333,0.2,0.35714286,0.66666667,0.28571429,0.0,1.0,0.0,0.0,0.0,1.0,1.0,0.0,1.0,0.0,0.0,0.0,1.0,Austin Brice,17237,3.687333320631758,0.5,0.28571429,0.21428571,,93.81428745814732,94.25,82.03333536783855,,-8.321428571428571,-9.850000381469727,5.950000127156575,,5.361428397042411,-1.9299999475479126,1.2966666221618652,,-0.0420989915728569,0.8307804353535175,-0.00544363260269165,,-0.6014141653265271,20.76951088383794,-0.18145442008972168,,0.22222222,0.6,0.35714286,0.0,0.33333333,0.2,0.35714286,,0.21428571,0.5,0.28571429,,81.9530029296875,93.76038469587054,94.21405029296875,,6.704953511555989,-7.677735464913504,-9.396485328674316,,0.13016464312871298,4.618427276611328,-3.009739875793457,,-0.00544363260269165,-0.0420989915728569,0.8307804353535175,,-0.18145442008972168,-0.6014141653265271,20.76951088383794,0.22222222,0.6,0.35714286,0.0,0.33333333,0.2,0.35714286,1.0,105.9000015258789,-9.0,0.0,0.0,105.9,1.0,1.0,2019-08-23,0
3,@ATL,20,2019,MIA,A,27,0.0,0.0,9.0,1.0,0.0,0.0,0.0,0.0,0.0,0.0,1.0,8.0,3.0,3.0,1.0,0.0,0.0,0.0,0.0,0.0,0.0,0.0,0.0,0.0,27.0,0.0,0.66666667,0.0,3.0,3.0,2.0,1.0,2.0,0.0,0.0,0.0,0.0,0.0,6.485575934886932,0.0,0.375,3.0,0.375,0.0,3.214009952545166,5.785990047454834,9.181633991003036,216.73157887435514,74.62041849346555,208.0151643205836,1.0,0.25,0.375,0.375,0.33333333,0.0,0.0,0.0,9.0,20.0,29.0,-0.1763399988412857,-0.21500399708747864,0.03866399824619293,-2.4619998931884766,-0.23996099829673767,0.7586669921875,0.7839999794960022,0.7839999794960022,0.0568000003695488,1.0,1.0,-0.19440799951553345,-0.038025994130132273,0.0,1.0,0.51724138,93.66666667,0.48275862,82.0,,,,-0.9548221230506897,-1.145833134651184,,-6.365480820337931,-8.1845223903656,,0.41176471,0.75,0.55172414,0.57142857,0.88888889,0.75,0.4137931,0.5,0.13793103,4.0,3.0,1.0,2.0,5.0,1.0,8.0,0.5,0.375,0.125,0.25,0.625,0.125,Austin Brice,17237,3.648167353292023,0.48275862,0.03448276,0.48275862,,93.56428745814732,94.5999984741211,81.86428397042411,,-7.716428484235491,-9.430000305175781,5.294285910470145,,3.890714372907366,-1.5299999713897705,-0.354285682950701,,-0.8927804417908192,-0.062041692435741425,-0.04444050416350365,,-6.377003155648708,-6.2041692435741425,-0.3174321725964546,,0.42857143,0.66666667,0.55172414,0.5,0.9,0.75,0.51724138,,0.4137931,0.48275862,0.03448276,,81.97440083821614,93.69144984654018,94.74739837646484,,6.009239196777344,-7.282470703125,-8.61303997039795,,-1.1208146413167317,3.479732240949358,-2.3599300384521484,,-0.31733424961566925,-0.8927804417908192,-0.062041692435741425,,-2.644452080130577,-6.377003155648708,-6.2041692435741425,0.42857143,0.66666667,0.55172414,0.5,0.9,0.75,0.51724138,8.0,84.1624984741211,17.75,0.0,0.0,106.3,2.0,0.25,2019-08-20,0
4,@COL,20,2019,MIA,A,27,0.0,0.0,27.000028163224034,1.0,0.0,0.0,0.0,0.0,0.0,1.0,0.2,4.0,1.0,2.0,2.0,1.0,1.0,0.0,0.0,0.0,0.0,1.0,13.500014081612017,13.500014081612017,13.500014081612017,1.0,0.0,0.0,0.0,2.0,0.0,0.0,0.0,0.0,0.0,0.25,0.25,0.0,7.833325934886932,13.500014081612017,0.3333333333333333,3.0000031292471148,0.0,0.0,24.214031857274968,2.785996305949066,10.681641780350029,650.1954148297332,568.468375935308,242.1507824533071,0.0,0.0,0.0,1.0,0.0,0.5,0.0,0.0,6.0,10.0,16.0,-0.44374799728393555,-0.6032959818840027,0.15954799950122833,-1.465999960899353,-0.12006600201129913,2.6214001178741455,2.5471999645233154,2.5471999645233154,0.4083999991416931,1.0,1.0,-0.19066199660301208,0.021382994035560432,0.0,1.0,0.375,92.66666667,0.625,81.2,,,,-0.0247274711728096,-1.123694896697998,,-0.41212451954682666,-11.23694896697998,,0.25,1.0,0.4375,0.33333333,1.0,0.71428571,0.25,0.25,0.125,1.0,0.0,1.0,0.0,1.0,1.0,2.0,0.5,0.0,0.5,0.0,0.5,0.5,Austin Brice,17237,20.731250592733847,0.375,,0.625,,92.75,,81.29000244140624,,-6.935000101725261,,4.481000137329102,,2.609999974568685,,-0.9420000076293945,,-0.0247274711728096,,-1.123694859445095,,-0.41212451954682666,,-11.23694859445095,,0.25,0.625,0.4375,0.5,0.8,0.71428571,0.5,,0.625,0.375,,,81.27333984375,92.76443481445312,,,4.772806167602539,-6.737978617350261,,,-1.3107183456420899,2.522284984588623,,,-1.123694859445095,-0.0247274711728096,,,-11.23694859445095,-0.41212451954682666,,0.25,0.625,0.4375,0.5,0.8,0.71428571,0.5,2.0,86.19999694824219,37.0,0.0,0.0,91.5,0.0,0.0,2019-08-18,0
5,LAD,20,2019,MIA,H,27,0.0,0.0,40.50004224483605,1.0,0.0,0.0,0.0,0.0,0.0,0.0,0.2,6.0,2.0,3.0,3.0,1.0,1.0,0.0,1.0,0.0,0.0,1.0,13.500014081612017,13.500014081612017,27.000028163224034,1.0,0.0,0.0,1.0,1.0,1.0,0.0,0.0,0.0,0.0,0.16666667,0.16666667,0.0,6.184520390189155,13.500014081612017,0.5,4.500004693870673,0.5,0.38461538,28.71403655114564,11.786005693690413,12.19783134263005,975.2931222445999,674.2929382442742,276.6546485547913,1.0,0.33333333,0.33333333,0.33333333,0.0,1.0,0.0,0.0,12.0,16.0,28.0,-0.007300000172108412,-0.008799930103123188,0.0014999399427324533,-2.742000102996826,-0.2901589870452881,0.026666700839996338,0.029999999329447746,0.029999999329447746,0.1080000028014183,1.0,1.0,-0.25240200757980347,-0.021347648064115876,0.0,0.0,0.46428571,93.76923077,0.46428571,82.46153846,0.07142857,87.5,,-1.3963114023208618,-0.2367115467786789,-0.3628454804420471,-10.740856940929707,-1.8208580521436837,-18.142274022102356,0.11764706,0.63636364,0.32142857,1.0,1.0,1.0,0.39285714,0.33333333,0.0,2.0,1.0,0.0,0.0,0.0,3.0,3.0,0.66666667,0.33333333,0.0,0.0,0.0,1.0,Austin Brice,17237,26.851272284221185,0.32142857,0.14285714,0.46428571,0.07142857,93.56666395399306,94.07499694824219,82.38461538461539,87.30000305175781,-8.936666700575087,-10.675000190734863,5.7515382033128,-9.475000381469727,5.187777625189887,-1.5325000286102295,1.0092307604276216,-2.315000057220459,-1.303167663514614,-0.09314369410276413,-0.2367115430533886,-0.3628454804420471,-14.479640705717934,-2.3285923525691032,-1.8208580234876044,-18.142274022102356,0.0,0.6,0.32142857,,1.0,1.0,0.53571429,0.07142857,0.46428571,0.32142857,0.14285714,87.27529907226562,82.28891225961539,93.53905571831598,94.04454803466797,-9.060310363769531,6.610296982985276,-8.408365885416666,-10.086708068847656,-4.023099899291992,-0.2272463578444261,4.309487660725911,-2.887054920196533,-0.3628454804420471,-0.2367115430533886,-1.303167663514614,-0.09314369410276413,-18.142274022102356,-1.8208580234876044,-14.479640705717934,-2.3285923525691032,0.0,0.5625,0.32142857,,1.0,1.0,0.57142857,3.0,104.73333740234375,10.666666666666666,1.0,0.33333333,106.9,3.0,1.0,2019-08-15,0
6,LAD,20,2019,MIA,H,27,0.0,0.0,9.0,1.0,0.0,0.0,0.0,0.0,0.0,0.0,1.0,4.0,1.0,1.0,1.0,1.0,0.0,0.0,0.0,0.0,0.0,1.0,9.0,0.0,9.0,1.0,0.0,0.0,0.0,2.0,1.0,0.0,0.0,0.0,0.0,0.25,0.0,0.25,4.912325934886932,9.0,0.25,1.0,0.0,1.0,14.214009952545165,-5.214009952545165,5.1924259781837465,216.73157887435514,333.30241208875566,117.2329148251449,0.0,0.33333333,0.0,0.66666667,0.0,0.5,0.0,0.0,5.0,9.0,14.0,-0.0003600000054575503,-0.0004600000102072954,9.999999747378752e-05,-0.5220000147819519,-0.05523810163140297,0.0,0.0,0.0,0.0,1.0,1.0,0.0,,0.0,0.0,0.57142857,93.75,0.35714286,83.0,0.07142857,87.0,,-0.7420368790626526,0.2200317680835724,-0.02982518821954727,-9.275460988283157,4.400635361671448,-2.982518821954727,0.14285714,0.42857143,0.28571429,0.0,1.0,0.75,0.5,0.75,0.07142857,1.0,0.0,2.0,1.0,0.0,2.0,3.0,0.33333333,0.0,0.66666667,0.33333333,0.0,0.66666667,Austin Brice,17237,18.63008407576545,0.5,0.07142857,0.35714286,0.07142857,93.72856794084821,93.69999694824219,83.07999877929687,86.9000015258789,-9.767142159598214,-11.329999923706055,4.693999862670898,-9.449999809265137,4.975714547293527,-1.3300000429153442,2.553999900817871,3.119999885559082,-1.154340598732233,0.4544679522514343,0.22003177180886271,-0.02982518821954727,-16.490579981889045,45.44679522514343,4.400635436177254,-2.982518821954727,0.14285714,0.42857143,0.28571429,0.0,1.0,0.75,0.5,0.07142857,0.35714286,0.5,0.07142857,86.83439636230469,83.0340576171875,93.72916085379464,93.66079711914062,-8.839380264282227,5.273246002197266,-9.04446029663086,-11.064299583435059,1.3067200183868408,1.2846932411193848,3.898685727800642,-2.643510103225708,-0.02982518821954727,0.22003177180886271,-1.154340598732233,0.4544679522514343,-2.982518821954727,4.400635436177254,-16.490579981889045,45.44679522514343,0.16666667,0.375,0.28571429,0.0,1.0,0.75,0.57142857,3.0,92.66666666666667,39.666666666666664,0.0,0.0,101.2,2.0,0.66666667,2019-08-13,0
7,ATL,20,2019,MIA,H,27,0.0,0.0,18.0,1.0,0.0,0.0,0.0,0.0,0.0,0.0,1.0,7.0,2.0,2.0,2.0,1.0,1.0,1.0,1.0,0.0,0.0,2.0,18.0,9.0,18.0,2.0,0.0,0.0,0.0,2.0,1.0,1.0,0.0,0.0,0.0,0.28571429,0.14285714,0.14285715,4.836759529934688,9.0,0.4,3.0,0.5,0.76923077,18.214009952545165,-0.2140099525451653,9.192425978183746,433.4631577487103,427.36859157795203,208.26075714744107,0.0,0.33333333,0.0,0.66666667,0.5,0.5,0.0,0.0,8.0,19.0,27.0,-0.05347999930381775,-0.06871999800205231,0.015239999629557133,-1.5219999551773071,-0.1610579937696457,0.20028600096702576,0.27399998903274536,0.27399998903274536,,0.0,1.0,-0.19066500663757324,-0.07635315262270609,0.0,0.0,0.44444444,93.75,0.48148148,82.92307692,0.07407407,87.5,0.14814815,-0.4347727596759796,-1.2485463619232178,0.044380322098731995,-3.6231063306331635,-9.604202784024753,2.2190161049365997,0.25,0.66666667,0.48148148,1.0,0.8,0.84615385,0.55555556,0.71428571,0.07407407,1.0,0.0,2.0,1.0,0.0,2.0,3.0,0.33333333,0.0,0.66666667,0.33333333,0.0,0.66666667,Austin Brice,17237,15.64341050165603,0.37037037,0.07407407,0.48148148,0.07407407,93.84000244140626,93.9000015258789,82.73076923076923,87.55000305175781,-8.597999572753906,-10.725000381469727,5.383077181302584,-11.065000534057617,5.1,-1.409999966621399,0.8946153934185321,-0.7000000476837158,-0.34505587443709373,-0.08971688523888588,-1.264354307204485,0.044380322098731995,-3.4505587443709373,-4.485844261944294,-9.725802363111423,2.2190161049365997,0.22222222,0.61111111,0.48148148,1.0,0.81818182,0.84615385,0.66666667,0.06451613,0.41935484,0.32258065,0.06451613,87.54094696044922,82.70171649639423,93.83986206054688,93.90130615234375,-10.550740242004395,6.31566150371845,-8.01212387084961,-10.250044822692871,-2.062804937362671,-0.48147645363440883,4.230960845947266,-2.650020122528076,0.044380322098731995,-1.264354307204485,-0.34505587443709373,-0.08971688523888588,2.2190161049365997,-9.725802363111423,-3.4505587443709373,-4.485844261944294,0.25,0.57894737,0.48148148,1.0,0.81818182,0.84615385,0.7037037,3.0,92.13333129882812,37.333333333333336,1.0,0.33333333,102.9,1.0,0.33333333,2019-08-09,0
8,NYM,20,2019,MIA,H,27,0.0,0.0,0.0,1.0,0.0,0.0,0.0,0.0,0.0,0.0,1.0,3.0,0.0,0.0,0.0,0.0,0.0,0.0,0.0,0.0,0.0,2.0,18.0,0.0,0.0,2.0,0.0,0.0,0.0,1.0,0.0,0.0,0.0,0.0,0.0,0.66666667,0.0,0.66666667,0.37224257761026613,0.0,0.0,0.0,0.0,1.0,-0.7859900474548338,0.7859900474548338,1.2032179653644564,0.0,-19.445760995730854,26.45066532970623,0.0,0.0,0.0,1.0,0.0,0.0,0.0,0.0,2.0,10.0,12.0,0.07361999899148941,0.0,0.07361999899148941,0.4779999852180481,0.050581999123096466,0.9879999756813049,1.340000033378601,1.340000033378601,1.5360000133514404,1.0,1.0,0.07464110106229782,-0.00012693020847513725,1.0,0.0,0.5,92.83333333,0.5,81.16666667,,,,0.502264142036438,0.3402058482170105,,8.371069033940632,5.670097470283508,,0.625,0.5,0.58333333,0.4,0.5,0.42857143,0.33333333,0.66666667,0.33333333,0.0,0.0,1.0,0.0,1.0,0.0,1.0,0.0,0.0,1.0,0.0,1.0,0.0,Austin Brice,17237,-1.6199493380657843,0.5,,0.5,,92.83333333333333,,81.25,,-8.291666666666666,,4.908333460489909,,4.771666526794434,,0.6150000095367432,,0.5022641569375992,,0.3402058370411396,,8.37106928229332,,5.670097284018993,,0.71428571,0.4,0.58333333,0.4,0.5,0.42857143,0.41666667,,0.5,0.5,,,81.1626688639323,92.90050252278645,,,5.8522084554036455,-7.758633295694987,,,-0.7540568510691324,3.993443171183268,,,0.3402058370411396,0.5022641569375992,,,5.670097284018993,8.37106928229332,,0.71428571,0.4,0.58333333,0.4,0.5,0.42857143,0.41666667,1.0,79.4000015258789,30.0,0.0,0.0,79.4,0.0,0.0,2019-07-13,0
9,@ATL,20,2019,MIA,A,27,0.0,0.0,0.0,1.0,0.0,0.0,0.0,0.0,1.0,0.0,1.0,4.0,1.0,0.0,0.0,0.0,0.0,0.0,0.0,0.0,0.0,2.0,18.0,0.0,9.0,2.0,0.0,0.0,1.0,1.0,0.0,0.0,0.0,0.0,0.0,0.5,0.0,0.5,1.0130759348869325,0.0,0.25,1.0,0.5,1.0,-0.7859900474548338,0.7859900474548338,1.2032179653644564,0.0,-19.445760995730854,26.45066532970623,1.0,0.0,0.5,0.5,0.0,0.0,0.0,0.0,7.0,16.0,23.0,0.1113319993019104,-0.053863998502492905,0.1651960015296936,0.5379999876022339,0.052436601370573044,1.9325000047683716,1.909999966621399,1.909999966621399,2.5004000663757324,1.0,1.0,0.04176050052046776,0.01584984826463074,1.0,0.0,0.43478261,93.9,0.39130435,84.0,0.17391304,88.5,,0.557096540927887,0.32066822052001953,-0.4983740448951721,5.57096540927887,3.562980228000217,-12.459351122379303,0.33333333,0.90909091,0.60869565,0.75,0.8,0.78571429,0.47826087,0.25,0.13043478,1.0,1.0,0.0,0.0,1.0,1.0,2.0,0.5,0.5,0.0,0.0,0.5,0.5,Austin Brice,17237,-0.9759019216916643,0.39130435,0.04347826,0.39130435,0.17391304,93.89999728732639,94.0,84.02222357855902,88.54999542236328,-7.323333740234375,-8.920000076293945,4.7755555046929254,-8.762499809265137,4.0711110432942705,-1.4199999570846558,0.6611110899183485,-0.7724999785423279,0.4917925298213959,0.06530402600765228,0.32066820561885834,-0.4983740597963333,5.464361442459954,6.530402600765228,3.5629800624317594,-12.459351494908333,0.27272727,0.91666667,0.60869565,0.66666667,0.81818182,0.78571429,0.52173913,0.17391304,0.39130435,0.39130435,0.04347826,88.34249877929688,83.75653076171875,93.70490180121527,93.78720092773438,-8.359609603881836,5.487632327609592,-6.870499928792317,-8.479729652404785,-1.667567253112793,-0.06232855717341105,3.681097666422526,-1.9267100095748901,-0.4983740597963333,0.32066820561885834,0.4917925298213959,0.06530402600765228,-12.459351494908333,3.5629800624317594,5.464361442459954,6.530402600765228,0.27272727,0.91666667,0.60869565,0.66666667,0.81818182,0.78571429,0.52173913,2.0,96.64999389648438,21.5,0.0,0.0,100.6,1.0,0.5,2019-07-06,0
10,@ATL,20,2019,MIA,A,27,0.0,0.0,0.0,1.0,0.0,0.0,0.0,0.0,0.0,0.0,1.0,4.0,1.0,0.0,0.0,0.0,0.0,0.0,0.0,0.0,0.0,2.0,18.0,0.0,9.0,2.0,0.0,0.0,0.0,1.0,1.0,0.0,0.0,0.0,0.0,0.5,0.0,0.5,1.2507009348869325,0.0,0.25,1.0,0.5,1.0,-0.7859900474548338,0.7859900474548338,1.2032179653644564,0.0,-19.445760995730854,26.45066532970623,0.0,0.5,0.0,0.5,0.0,0.0,0.0,0.0,5.0,8.0,13.0,0.0907600000500679,-0.04050400108098984,0.13126400113105774,0.5379999876022339,0.052436601370573044,1.5442999601364136,1.516800045967102,1.516800045967102,1.8167999982833862,1.0,1.0,0.044654298573732376,0.014116667166660928,1.0,0.0,0.76923077,93.3,0.23076923,82.66666667,,,,-0.06741417944431305,0.4626128375530243,,-0.6741417944431305,15.420427918434143,,0.33333333,1.0,0.53846154,0.33333333,1.0,0.71428571,0.30769231,0.5,0.15384615,0.0,1.0,1.0,1.0,1.0,0.0,2.0,0.0,0.5,0.5,0.5,0.5,0.0,Austin Brice,17237,1.440575682642002,0.30769231,0.46153846,0.23076923,,92.92500305175781,93.68332926432292,82.89999898274739,,-7.837499618530273,-8.670000076293945,6.266666412353516,,3.375,-0.7249999841054281,0.29333333174387616,,0.32369882613420486,-0.3911130093038082,0.44680487364530563,,8.092470653355122,-6.51855015506347,14.893495788176855,,0.42857143,0.66666667,0.53846154,0.33333333,1.0,0.71428571,0.46153846,,0.23076923,0.30769231,0.46153846,,82.6717020670573,92.68277740478516,93.46383666992188,,6.963656743367513,-7.5076751708984375,-8.396138509114584,,-0.3479210138320923,3.032132625579834,-1.3101510206858318,,0.44680487364530563,0.32369882613420486,-0.3911130093038082,,14.893495788176855,8.092470653355122,-6.51855015506347,0.42857143,0.66666667,0.53846154,0.33333333,1.0,0.71428571,0.46153846,2.0,91.1500015258789,39.5,0.0,0.0,102.3,1.0,0.5,2019-07-05,0
11,@WSN,20,2019,MIA,A,27,0.0,0.0,0.0,1.0,0.0,0.0,0.0,0.0,0.0,0.0,3.0,10.0,1.0,0.0,0.0,0.0,0.0,0.0,0.0,0.0,0.0,3.0,9.0,0.0,3.0,3.0,0.0,0.0,3.0,2.0,2.0,0.0,0.0,0.0,0.0,0.3,0.0,0.3,2.5289659348869327,0.0,0.1,0.3333333333333333,0.14285714285714285,1.0,1.2140099525451666,-1.2140099525451666,2.5401486277580267,0.0,27.587328748867346,56.87514371275743,1.5,0.28571429,0.42857143,0.28571429,0.0,0.0,1.0,3.0,14.0,28.0,42.0,0.1504720002412796,-0.012116000056266785,0.1625880002975464,1.6469999551773071,0.15821300446987152,0.661080002784729,0.8418670296669006,0.8664000034332275,1.8187999725341797,1.0,1.0,0.2106260061264038,0.016989410475871797,1.0,0.0,0.61904762,93.69230769,0.33333333,83.0,0.04761905,87.0,,1.0798951387405396,0.6501490473747253,0.21823523938655853,4.153442841309767,4.643921766962324,10.911761969327927,0.375,0.61111111,0.47619048,0.77777778,0.90909091,0.85,0.42857143,0.4,0.07142857,2.0,3.0,2.0,0.0,3.0,4.0,7.0,0.28571429,0.42857143,0.28571429,0.0,0.42857143,0.57142857,Austin Brice,17237,1.9270280902688006,0.4047619,0.21428571,0.33333333,0.04761905,93.4470573874081,93.85555691189236,82.94285365513393,87.25,-8.314117431640625,-9.828888787163628,5.169285910470145,-10.069999694824219,4.597058913286994,-0.4577777650621202,0.6307142802647182,0.19999998807907104,0.8123269975185394,0.3097323104739189,0.650149043649435,0.2603994496166706,4.778394103050232,3.441470116376877,4.6439217403531075,13.01997248083353,0.28571429,0.66666667,0.47619048,0.66666667,0.92857143,0.85,0.5,0.04761905,0.33333333,0.38095238,0.21428571,87.14884948730469,82.81911795479911,93.43168640136719,93.78179931640625,-9.472709655761719,6.012023380824497,-7.722555637359619,-9.311444600423178,-0.9076170325279236,-0.36697336605616976,4.094333171844482,-1.3687622282240126,0.2603994496166706,0.650149043649435,0.8512377254664898,0.3097323104739189,13.01997248083353,4.6439217403531075,5.320235784165561,3.441470116376877,0.28571429,0.66666667,0.47619048,0.66666667,0.92857143,0.85,0.5,7.0,95.62857491629464,15.714285714285714,0.0,0.0,108.4,3.0,0.42857143,2019-07-02,0
12,PHI,20,2019,MIA,H,27,0.0,0.0,0.0,1.0,0.0,0.0,0.0,0.0,1.0,0.0,1.0,3.0,0.0,0.0,0.0,0.0,0.0,0.0,0.0,0.0,0.0,0.0,0.0,0.0,0.0,0.0,0.0,0.0,2.0,1.0,0.0,0.0,0.0,0.0,0.0,0.0,0.0,0.0,5.172909286813598,0.0,0.0,0.0,0.0,1.0,3.214009952545166,-3.214009952545166,5.203217965364456,0.0,74.62041849346555,117.47850765200238,2.0,0.0,0.66666667,0.33333333,0.0,0.0,2.0,18.0,1.0,5.0,6.0,0.06791999936103821,0.0,0.06791999936103821,0.4779999852180481,0.050581999123096466,0.9053329825401306,1.3200000524520874,1.3200000524520874,0.4659999907016754,1.0,1.0,0.07519350200891495,-0.00017138233481202303,1.0,0.0,0.66666667,93.25,0.33333333,82.0,,,,0.7383732199668884,0.015747781842947006,,18.45933049917221,0.7873890921473503,,0.66666667,1.0,0.83333333,1.0,1.0,1.0,0.5,0.66666667,0.0,0.0,2.0,1.0,1.0,1.0,1.0,3.0,0.0,0.66666667,0.33333333,0.33333333,0.33333333,0.33333333,Austin Brice,17237,1.1118521097720644,0.33333333,0.33333333,0.33333333,,93.44999694824219,93.25,81.75,,-7.650000095367432,-10.53499984741211,6.029999732971191,,3.555000066757202,-1.7699999809265137,0.07499992847442627,,0.4898556172847748,0.23270964995026588,0.015747781842947006,,24.49278086423874,11.635482497513294,0.7873890921473503,,0.5,1.0,0.83333333,1.0,1.0,1.0,0.66666667,,0.33333333,0.33333333,0.33333333,,81.74304962158203,93.48554992675781,93.2636489868164,,6.449184894561768,-7.10513973236084,-10.098785400390625,,-0.8503199815750122,2.7660999298095703,-2.877880096435547,,0.015747781842947006,0.4898556172847748,0.23270964995026588,,0.7873890921473503,24.49278086423874,11.635482497513294,0.5,1.0,0.83333333,1.0,1.0,1.0,0.66666667,3.0,88.5,16.0,0.0,0.0,94.2,0.0,0.0,2019-06-28,0
13,WSN,20,2019,MIA,H,27,0.0,0.0,0.0,1.0,0.0,0.0,0.0,0.0,0.0,0.0,0.2,2.0,0.0,0.0,0.0,0.0,0.0,0.0,0.0,0.0,0.0,1.0,13.500014081612017,0.0,0.0,1.0,0.0,0.0,1.0,0.0,0.0,0.0,0.0,0.0,0.0,0.5,0.0,0.5,-0.07717406511306746,0.0,0.0,0.0,0.0,1.0,0.21400682329805187,-0.21400682329805187,0.21400682329805187,0.0,4.070710287488057,3.939226363836426,1.0,0.0,1.0,0.0,0.0,0.0,4.0,54.00005632644807,3.0,6.0,9.0,-0.000539999979082495,-0.002959999954327941,0.002420000033453107,0.5360000133514404,0.05671960115432739,0.05133330076932907,0.03099999949336052,0.06199999898672104,,0.0,1.0,0.007136629894375801,-0.01765611667955322,0.0,0.0,0.44444444,94.25,0.55555556,82.0,,,,0.10632127523422241,0.411176472902298,,2.6580318808555603,8.22352945804596,,0.4,0.75,0.55555556,0.5,1.0,0.8,0.44444444,0.5,0.11111111,0.0,0.0,1.0,1.0,0.0,0.0,1.0,0.0,0.0,1.0,1.0,0.0,0.0,Austin Brice,17237,-0.8813722240405839,0.11111111,0.33333333,0.55555556,,94.0,94.33333333333333,82.0,,-8.630000114440918,-10.353333791097006,7.19800033569336,,3.640000104904175,-1.6233332951863606,-1.8399999618530274,,-0.04190467298030853,0.14822594448924065,0.4111764691770077,,-4.190467298030853,4.9408648163080215,8.223529383540154,,0.25,0.8,0.55555556,0.0,1.0,0.8,0.55555556,,0.55555556,0.11111111,0.33333333,,81.90115966796876,93.94879913330078,94.2605692545573,,7.961602020263672,-8.268210411071777,-9.847789764404297,,-3.2075836181640627,3.097490072250366,-2.8754698435465493,,0.4111764691770077,-0.04190467298030853,0.14822594448924065,,8.223529383540154,-4.190467298030853,4.9408648163080215,0.25,0.8,0.55555556,0.0,1.0,0.8,0.55555556,1.0,45.79999923706055,15.0,0.0,0.0,45.8,0.0,0.0,2019-06-26,0
14,WSN,20,2019,MIA,H,27,0.0,0.0,0.0,1.0,0.0,0.0,0.0,0.0,0.0,0.0,1.0,3.0,0.0,0.0,0.0,0.0,0.0,0.0,0.0,0.0,0.0,1.0,9.0,0.0,0.0,1.0,0.0,0.0,2.0,0.0,0.0,0.0,0.0,0.0,0.0,0.33333333,0.0,0.33333333,-0.24397962452084543,0.0,0.0,0.0,0.0,1.0,1.2140099525451662,-1.2140099525451662,1.2140099525451662,0.0,27.587328748867346,26.6962581565637,2.0,0.0,1.0,0.0,0.0,0.0,0.0,0.0,2.0,8.0,10.0,0.001339999958872795,0.0,0.001339999958872795,0.4779999852180481,0.050581999123096466,0.018666699528694153,0.019999999552965164,0.019999999552965164,,0.0,1.0,0.07150000333786011,0.00028558236854549224,0.0,0.0,0.5,93.6,0.5,82.4,,,,0.4263518154621124,0.32385557889938354,,8.527036309242249,6.477111577987671,,0.5,1.0,0.7,0.66666667,0.75,0.71428571,0.4,0.66666667,0.2,2.0,0.0,0.0,1.0,1.0,0.0,2.0,1.0,0.0,0.0,0.5,0.5,0.0,Austin Brice,17237,-0.20590051446436794,0.3,0.2,0.5,,94.09999593098958,92.94999694824219,82.2,,-8.793333689371744,-10.100000381469727,6.7680000305175785,,4.409999847412109,0.9150000214576721,0.1059999942779541,,0.2690403312444687,0.15731149166822433,0.32385558262467384,,8.968011041482288,7.865574583411217,6.477111652493477,,0.33333333,0.85714286,0.7,1.0,0.66666667,0.71428571,0.7,,0.5,0.3,0.2,,82.116259765625,94.09450276692708,92.92074584960938,,7.421192169189453,-8.19853655497233,-9.353095054626465,,-1.0631611824035645,3.5973901748657227,-0.08976675570011139,,0.32385558262467384,0.2690403312444687,0.15731149166822433,,6.477111652493477,8.968011041482288,7.865574583411217,0.33333333,0.85714286,0.7,1.0,0.66666667,0.71428571,0.7,2.0,82.69999694824219,-25.0,0.0,0.0,88.7,0.0,0.0,2019-06-25,0
15,@PHI,20,2019,MIA,A,27,1.0,0.0,0.0,1.0,0.0,0.0,0.0,0.0,0.0,0.0,1.0,3.0,0.0,0.0,0.0,0.0,0.0,0.0,0.0,0.0,0.0,2.0,18.0,0.0,0.0,2.0,0.0,0.0,1.0,0.0,0.0,0.0,0.0,0.0,0.0,0.66666667,0.0,0.66666667,0.03802038111915462,0.0,0.0,0.0,0.0,1.0,-0.7859900474548338,0.7859900474548338,-0.7859900474548338,0.0,-19.445760995730854,-18.817663004584375,1.0,0.0,1.0,0.0,0.0,0.0,3.0,27.0,4.0,8.0,12.0,0.031422000378370285,0.0,0.031422000378370285,0.5299999713897705,0.05219100043177605,0.400067001581192,0.5270000100135803,0.5270000100135803,1.909999966621399,1.0,1.0,0.07870840281248093,-0.00016655793604636315,0.0,0.0,0.33333333,93.0,0.66666667,83.0,,,,0.13025009632110596,0.6720357537269592,,3.256252408027649,8.40044692158699,,0.375,1.0,0.58333333,0.33333333,0.5,0.42857143,0.33333333,1.0,0.33333333,0.0,1.0,0.0,1.0,0.0,0.0,1.0,0.0,1.0,0.0,1.0,0.0,0.0,Austin Brice,17237,-1.5114464761296358,0.33333333,,0.66666667,,93.05000305175781,,82.9625015258789,,-10.309999465942383,,3.3287501335144043,,4.869999885559082,,0.9462499618530273,,0.13025009259581566,,0.6720357686281204,,3.2562523148953915,,8.400447107851505,,0.33333333,0.83333333,0.58333333,0.0,0.6,0.42857143,0.5,,0.66666667,0.33333333,,,82.99040222167969,93.14929962158203,,,4.51279878616333,-9.3529052734375,,,0.0690862387418747,4.150317668914795,,,0.6720357686281204,0.13025009259581566,,,8.400447107851505,3.2562523148953915,,0.33333333,0.83333333,0.58333333,0.0,0.6,0.42857143,0.5,1.0,59.79999923706055,-28.0,0.0,0.0,59.8,0.0,0.0,2019-06-22,0
16,@STL,20,2019,MIA,A,27,0.0,0.0,0.0,1.0,0.0,0.0,0.0,0.0,1.0,0.0,1.0,5.0,1.0,0.0,0.0,0.0,0.0,0.0,1.0,0.0,0.0,0.0,0.0,0.0,9.0,0.0,0.0,0.0,2.0,2.0,0.0,0.0,0.0,0.0,0.0,0.0,0.0,0.0,6.485575934886932,0.0,0.25,1.0,0.25,1.0,6.214009952545166,-6.214009952545166,10.192425978183746,0.0,145.17005311036283,231.0177177280151,1.0,0.0,0.5,0.5,0.0,0.0,1.0,9.0,7.0,9.0,16.0,0.07255999743938446,-0.05132000148296356,0.12387999892234802,0.48899999260902405,0.05093749985098839,1.3375999927520752,1.371999979019165,1.371999979019165,1.0520000457763672,1.0,1.0,0.01508910022675991,0.03915730963609772,1.0,0.0,0.375,92.33333333,0.5625,82.77777778,0.0625,87.0,,0.029663581401109695,0.3815482258796692,-0.42416852712631226,0.4943930233518283,4.2394247319963245,-42.416852712631226,0.3,0.66666667,0.4375,0.33333333,1.0,0.71428571,0.375,0.6,0.125,2.0,0.0,2.0,1.0,2.0,1.0,4.0,0.5,0.0,0.5,0.25,0.5,0.25,Austin Brice,17237,3.4831325168180856,0.25,0.125,0.5625,0.0625,92.17500305175781,92.5,82.77777777777777,86.80000305175781,-7.96750020980835,-9.975000381469727,4.103333367241754,-8.75,3.172499895095825,-0.1850000023841858,-0.4555555449591743,-2.2799999713897705,0.2728937678039074,-0.2432301864027977,0.36574026197195053,-0.42416852712631226,6.822344195097685,-12.161509320139885,4.063780688577228,-42.416852712631226,0.22222222,0.71428571,0.4375,0.5,0.8,0.71428571,0.4375,0.0625,0.5625,0.3125,0.0625,86.82360076904297,82.81222195095486,92.37333984375,92.19490051269531,-8.397660255432129,4.981835683186849,-7.818494415283203,-9.426919937133789,-3.129120111465454,-1.2855218251546223,2.349440002441406,-2.9737799167633057,-0.42416852712631226,0.36574026197195053,0.1763041950762272,-0.1466406136751175,-42.416852712631226,4.063780688577228,3.5260839015245438,-14.66406136751175,0.22222222,0.71428571,0.4375,0.5,0.8,0.71428571,0.4375,4.0,81.94999694824219,23.75,0.0,0.0,99.7,1.0,0.25,2019-06-20,0
17,@STL,20,2019,MIA,A,27,0.0,0.0,0.0,1.0,0.0,0.0,0.0,0.0,0.0,0.0,1.0,5.0,1.0,0.0,0.0,0.0,1.0,0.0,0.0,0.0,0.0,2.0,18.0,9.0,9.0,2.0,0.0,0.0,2.0,0.0,0.0,0.0,0.0,0.0,0.0,0.4,0.2,0.2,3.641415934886933,0.0,0.25,2.0,0.5,1.0,2.214009952545166,-2.214009952545166,2.214009952545166,0.0,51.10387362116645,49.453218737137746,2.0,0.0,1.0,0.0,0.0,0.0,0.0,0.0,8.0,10.0,18.0,-0.16621999442577362,-0.30125999450683594,0.13504000008106232,-0.8560000061988831,-0.08916670083999634,2.166800022125244,2.247999906539917,2.247999906539917,2.25600004196167,1.0,1.0,-0.0287896990776062,-0.047922499892532944,0.0,1.0,0.44444444,93.375,0.55555556,82.4,,,,-0.49683719873428345,0.4996098279953003,,-6.210464984178543,4.996098279953003,,0.18181818,0.42857143,0.27777778,0.5,0.66666667,0.6,0.38888889,0.6,0.11111111,2.0,0.0,0.0,0.0,1.0,1.0,2.0,1.0,0.0,0.0,0.0,0.5,0.5,Austin Brice,17237,1.4130267823444034,0.11111111,0.33333333,0.55555556,,93.0999984741211,93.09999593098958,82.32999877929687,,-7.684999942779541,-9.593332926432291,5.943000030517578,,4.690000057220459,-1.411666711171468,-0.4939999580383301,,0.11786074191331863,-0.6146979406476021,0.4996098391711712,,5.893037095665932,-10.244965677460034,4.996098391711712,,0.18181818,0.42857143,0.27777778,0.5,0.66666667,0.6,0.38888889,,0.55555556,0.11111111,0.33333333,,82.39210815429688,93.15229797363281,93.21476236979167,,6.481813049316406,-7.36153507232666,-9.35898526509603,,-1.3506148338317872,4.26255989074707,-2.2198400497436523,,0.4996098391711712,0.11786074191331863,-0.6146979406476021,,4.996098391711712,5.893037095665932,-10.244965677460034,0.18181818,0.42857143,0.27777778,0.5,0.66666667,0.6,0.38888889,2.0,89.80000305175781,-6.5,0.0,0.0,96.7,1.0,0.5,2019-06-19,0
18,@STL,20,2019,MIA,A,27,0.0,0.0,9.0,1.0,0.0,0.0,0.0,0.0,0.0,0.0,1.0,4.0,1.0,1.0,1.0,1.0,0.0,0.0,0.0,0.0,0.0,1.0,9.0,0.0,9.0,1.0,0.0,0.0,0.0,1.0,2.0,0.0,0.0,0.0,0.0,0.25,0.0,0.25,3.7375134348869326,9.0,0.25,1.0,0.0,1.0,14.214009952545165,-5.214009952545165,3.2032179653644564,216.73157887435514,333.30241208875566,71.96458649085432,0.0,0.66666667,0.0,0.33333333,0.0,1.0,0.0,0.0,4.0,9.0,13.0,-0.031300000846385956,-0.05485999956727028,0.023560000583529472,-1.5240000486373901,-0.1587499976158142,0.3345000147819519,0.20100000500679016,0.4020000100135803,,0.0,1.0,-0.03888989984989166,-0.0546825948084098,0.0,0.0,0.69230769,93.55555556,0.30769231,82.5,,,,-0.4633721709251404,-0.04629391059279442,,-5.148579676946005,-1.1573477648198605,,0.28571429,1.0,0.61538462,1.0,0.66666667,0.75,0.46153846,0.75,0.15384615,1.0,0.0,2.0,0.0,2.0,1.0,3.0,0.33333333,0.0,0.66666667,0.0,0.66666667,0.33333333,Austin Brice,17237,31.117861769204154,0.23076923,0.46153846,0.30769231,,93.43332926432292,93.58333333333333,82.75,,-7.766666412353516,-10.563332875569662,4.787499904632568,,5.6299997965494795,-1.0549999872843425,-0.4074999690055847,,-1.178669597953558,0.7574616335332394,-0.04629391059279442,,-39.28898659845193,12.624360558887323,-1.1573477648198605,,0.33333333,0.85714286,0.61538462,1.0,0.66666667,0.75,0.53846154,,0.30769231,0.23076923,0.46153846,,82.82234954833984,93.56907145182292,93.72060139973958,,5.85483980178833,-7.120543162027995,-10.013611475626627,,-1.3659125566482544,5.002373377482097,-2.0077382723490396,,-0.04629391059279442,-1.178669597953558,0.7574616335332394,,-1.1573477648198605,-39.28898659845193,12.624360558887323,0.33333333,0.85714286,0.61538462,1.0,0.66666667,0.75,0.53846154,3.0,78.43333435058594,22.333333333333332,1.0,0.33333333,100.3,1.0,0.33333333,2019-06-17,0
19,STL,20,2019,MIA,H,27,0.0,0.0,0.0,1.0,0.0,0.0,0.0,0.0,0.0,0.0,2.0,6.0,0.0,0.0,0.0,0.0,0.0,0.0,0.0,0.0,0.0,0.0,0.0,0.0,0.0,0.0,0.0,0.0,2.0,3.0,1.0,0.0,0.0,0.0,0.0,0.0,0.0,0.0,7.005242614680265,0.0,0.0,0.0,0.0,1.0,3.214009952545166,-3.214009952545166,6.197821971774101,0.0,74.62041849346555,140.1126718191477,0.66666667,0.16666667,0.33333333,0.5,0.0,0.0,1.0,4.5,13.0,16.0,29.0,0.017500000074505806,-0.016659999266266823,0.03415999934077263,0.8679999709129333,0.09185189753770828,0.2806670069694519,0.26933300495147705,0.42800000309944153,0.23999999463558197,1.0,1.0,0.12532499432563782,-0.06297352571710799,0.0,0.0,0.44827586,93.76923077,0.48275862,82.78571429,0.06896552,87.0,,1.0805209875106812,0.14068053662776947,0.12772786617279053,8.311699903928318,1.004860975912639,6.386393308639526,0.21052632,0.6,0.34482759,0.75,0.83333333,0.8,0.34482759,0.33333333,0.06896552,2.0,3.0,1.0,1.0,2.0,3.0,6.0,0.33333333,0.5,0.16666667,0.16666667,0.33333333,0.5,Austin Brice,17237,2.943815019549136,0.20689655,0.24137931,0.48275862,0.06896552,93.63333129882812,93.78571428571429,82.78571428571429,86.69999694824219,-8.666666666666666,-10.262856619698661,5.912143162318638,-7.199999809265137,4.206666628519694,-1.3571428571428572,-0.7571428843906948,-2.4749999046325684,0.4725431650876999,0.6501420773565769,0.18284474685788155,0.12772786617279053,7.875719418128331,9.287743962236814,1.3060339061277253,6.386393308639526,0.125,0.61538462,0.34482759,1.0,0.75,0.8,0.44827586,0.06896552,0.48275862,0.20689655,0.24137931,86.61100006103516,82.68279157366071,93.53414916992188,93.75369698660714,-6.9501752853393555,7.053765433175223,-7.748439788818359,-9.513536725725446,-3.7833900451660156,-2.084105900355748,3.259299914042155,-2.483209882463728,0.12772786617279053,0.18284474685788155,0.4725431650876999,0.6501420773565769,6.386393308639526,1.3060339061277253,7.875719418128331,9.287743962236814,0.125,0.61538462,0.34482759,1.0,0.75,0.8,0.44827586,6.0,89.2999979654948,6.0,0.0,0.0,97.9,3.0,0.5,2019-06-10,0
20,ATL,20,2019,MIA,H,27,0.0,0.0,0.0,1.0,0.0,0.0,0.0,0.0,1.0,0.0,0.1,2.0,0.0,0.0,0.0,0.0,1.0,0.0,0.0,0.0,0.0,0.0,0.0,27.000028163224034,0.0,0.0,0.0,0.0,0.0,0.0,1.0,0.0,0.0,0.0,0.0,0.0,0.5,-0.5,17.127575934886934,0.0,0.0,3.0000031292471148,0.0,1.0,12.214019340286512,-12.214019340286512,12.214019340286512,0.0,286.26954311139804,277.0230381793379,0.0,1.0,0.0,0.0,0.0,0.0,2.0,54.00005632644807,6.0,3.0,9.0,0.0631600022315979,-0.05400000140070915,0.11715999990701675,0.41999998688697815,0.04444440081715584,3.5769999027252197,1.2410000562667847,2.4820001125335693,0.4659999907016754,1.0,1.0,0.0033204099163413048,0.014336845870408368,1.0,0.0,0.66666667,92.33333333,0.33333333,82.33333333,,,,-0.2793180048465729,0.2706776261329651,,-4.655300080776215,9.022587537765503,,0.14285714,0.5,0.22222222,1.0,1.0,1.0,0.22222222,0.5,0.0,0.0,1.0,0.0,0.0,0.0,1.0,1.0,0.0,1.0,0.0,0.0,0.0,1.0,Austin Brice,17237,60.01715776209221,0.44444444,0.22222222,0.33333333,,92.17500305175781,92.4000015258789,82.5,,-10.332500457763672,-11.694999694824219,5.483333587646484,,5.5,-0.5049999952316284,-1.8933332761128743,,-0.25693395361304283,-0.02238406240940094,0.270677637308836,,-6.423348840326071,-1.119203120470047,9.022587910294533,,0.14285714,0.5,0.22222222,1.0,1.0,1.0,0.22222222,,0.33333333,0.44444444,0.22222222,,82.41693115234375,92.13420104980469,92.33509826660156,,6.6324462890625,-9.018594741821289,-10.836299896240234,,-3.38399346669515,4.308394908905029,-1.754884958267212,,0.270677637308836,-0.25693395361304283,-0.02238406240940094,,9.022587910294533,-6.423348840326071,-1.119203120470047,0.14285714,0.5,0.22222222,1.0,1.0,1.0,0.22222222,1.0,96.80000305175781,8.0,0.0,0.0,96.8,1.0,1.0,2019-06-09,0
21,@MIL,20,2019,MIA,A,27,0.0,0.0,0.0,1.0,0.0,0.0,0.0,0.0,0.0,0.0,1.0,3.0,0.0,0.0,0.0,0.0,0.0,0.0,0.0,0.0,0.0,2.0,18.0,0.0,0.0,2.0,0.0,0.0,1.0,0.0,0.0,0.0,0.0,0.0,0.0,0.66666667,0.0,0.66666667,0.03802038111915462,0.0,0.0,0.0,0.0,1.0,-0.7859900474548338,0.7859900474548338,-0.7859900474548338,0.0,-19.445760995730854,-18.817663004584375,1.0,0.0,1.0,0.0,0.0,0.0,0.0,0.0,0.0,9.0,9.0,0.01921200007200241,0.0,0.01921200007200241,0.5370000004768372,0.05241579934954643,0.24866700172424316,0.3264000117778778,0.3264000117778778,0.2298000007867813,1.0,1.0,0.07742349803447723,-0.0001635482269536359,0.0,0.0,0.33333333,92.33333333,0.66666667,82.16666667,,,,0.2985278367996216,0.5037580132484436,,9.95092789332072,8.39596688747406,,0.0,0.85714286,0.66666667,,0.66666667,0.66666667,0.77777778,1.0,0.22222222,1.0,0.0,0.0,0.0,0.0,1.0,1.0,1.0,0.0,0.0,0.0,0.0,1.0,Austin Brice,17237,-1.5114464761296358,0.33333333,,0.66666667,,92.16666666666667,,82.2000020345052,,-10.460000356038412,,4.241666475931804,,3.763333320617676,,0.3633333444595337,,0.2985278517007828,,0.5037580318748951,,9.950928390026093,,8.395967197914917,,1.0,0.5,0.66666667,0.33333333,1.0,0.66666667,0.66666667,,0.66666667,0.33333333,,,82.0789794921875,92.0762939453125,,,5.272896766662598,-9.79574966430664,,,-0.48921151955922443,3.2605133056640625,,,0.5037580318748951,0.2985278517007828,,,8.395967197914917,9.950928390026093,,1.0,0.57142857,0.66666667,0.5,0.75,0.66666667,0.77777778,1.0,90.0,0.0,0.0,0.0,90.0,0.0,0.0,2019-06-06,0
22,@MIL,20,2019,MIA,A,27,0.0,0.0,0.0,1.0,0.0,0.0,0.0,0.0,0.0,0.0,1.0,5.0,0.0,0.0,0.0,0.0,2.0,0.0,0.0,0.0,0.0,0.0,0.0,18.0,0.0,0.0,0.0,0.0,0.0,2.0,1.0,1.0,0.0,0.0,0.0,0.0,0.4,-0.4,14.967335934886933,0.0,0.0,2.0,0.0,1.0,9.214009952545165,-9.214009952545165,13.192425978183746,0.0,215.71968772726015,299.2885994697372,0.0,0.33333333,0.0,0.66666667,0.5,0.0,0.0,0.0,10.0,12.0,22.0,0.00010001700138673186,-0.00019997400522697717,0.0002999900025315583,0.5370000004768372,0.05241579934954643,0.0,0.0,0.0,,0.0,1.0,0.0,,0.0,0.0,0.72727273,93.375,0.22727273,81.2,0.04545455,86.0,,0.5061367154121399,-0.13475580513477325,-0.18428833782672882,3.1633544713258743,-2.695116102695465,-18.428833782672882,0.28571429,0.875,0.5,0.25,0.85714286,0.63636364,0.36363636,0.6,0.18181818,0.0,0.0,3.0,1.0,0.0,2.0,3.0,0.0,0.0,1.0,0.33333333,0.0,0.66666667,Austin Brice,17237,11.374392614536552,0.45454545,0.27272727,0.22727273,0.04545455,93.0,93.7000020345052,81.2199951171875,85.5999984741211,-8.313999938964844,-10.270000457763672,6.587999725341797,-8.479999542236328,4.1529998779296875,-0.5449999968210856,-0.5840000152587891,-1.600000023841858,-0.03505680337548256,0.5675497613847256,-0.13475580140948296,-0.18428833782672882,-0.3505680337548256,9.459162689745426,-2.695116028189659,-18.428833782672882,0.18181818,0.81818182,0.5,0.5,0.66666667,0.63636364,0.5,0.04545455,0.22727273,0.45454545,0.27272727,85.6239013671875,81.12490234375,93.00067138671875,93.70314534505208,-8.298979759216309,7.3518524169921875,-7.663307189941406,-9.600090026855469,-2.562030076980591,-1.4591192245483398,3.5368839263916017,-1.3873321215311687,-0.18428833782672882,-0.13475580140948296,-0.03505680337548256,0.5675497613847256,-18.428833782672882,-2.695116028189659,-0.3505680337548256,9.459162689745426,0.18181818,0.81818182,0.5,0.5,0.66666667,0.63636364,0.5,3.0,86.0,38.333333333333336,0.0,0.0,90.1,0.0,0.0,2019-06-04,0
23,@SDP,20,2019,MIA,A,27,0.0,0.0,10.799978628200861,1.0,0.0,0.0,0.0,0.0,0.0,0.0,1.2,8.0,3.0,2.0,2.0,1.0,0.0,0.0,0.0,0.0,0.0,2.0,10.799978628200861,0.0,16.199967942301292,2.0,0.0,0.0,3.0,2.0,1.0,0.0,0.0,0.0,0.0,0.25,0.0,0.25,2.9746696848869325,5.399989314100431,0.375,1.799996438033477,0.4,0.625,8.613999266645596,2.1859793615552654,3.2010595935554456,260.07737998880714,201.60950950844398,71.91546850867843,1.5,0.16666667,0.5,0.33333333,0.0,0.5,0.0,0.0,14.0,24.0,38.0,-0.09881599992513657,-0.1718599945306778,0.07304400205612183,-1.2350000143051147,-0.12745100259780884,0.5305330157279968,0.7856000065803528,0.8259999752044678,0.20679999887943268,1.0,1.0,-0.18650199472904205,0.00024402963418107548,0.0,1.0,0.5,93.0,0.5,81.36842105,,,,0.8064547181129456,-1.7796814441680908,,4.244498516383924,-9.366744442989953,,0.31818182,0.5625,0.42105263,0.42857143,0.88888889,0.6875,0.42105263,0.5,0.13157895,4.0,0.0,2.0,0.0,0.0,6.0,6.0,0.66666667,0.0,0.33333333,0.0,0.0,1.0,Austin Brice,17237,7.2887692631461745,0.28947368,0.21052632,0.5,,93.01818292791194,93.30000305175781,81.25789602179276,,-9.436363913796164,-10.50374984741211,5.4768419767680925,,5.10727275501598,-0.9624999761581421,-1.682631542808131,,-0.31873656809329987,1.1673554964363575,-1.77968143299222,,-2.897605164484544,14.591943705454469,-9.366744384169579,,0.3,0.55555556,0.42105263,0.33333333,0.9,0.6875,0.47368421,,0.5,0.28947368,0.21052632,,81.27821109169408,93.09052623401989,93.32699584960938,,6.595629641884251,-8.455229325727982,-9.576091766357422,,-2.7005006890547905,4.4227964227849785,-1.8874233961105347,,-1.77968143299222,-0.31873656809329987,1.1673554964363575,,-9.366744384169579,-2.897605164484544,14.591943705454469,0.31578947,0.52631579,0.42105263,0.33333333,0.9,0.6875,0.5,6.0,94.81667073567708,13.833333333333334,0.0,0.0,98.4,4.0,0.66666667,2019-05-31,0
24,SFG,20,2019,MIA,H,27,0.0,0.0,0.0,1.0,0.0,0.0,0.0,0.0,0.0,0.0,0.0,1.0,0.0,0.0,0.0,0.0,1.0,0.0,0.0,0.0,0.0,0.0,0.0,9.0,0.0,0.0,0.0,0.0,0.0,0.0,0.0,0.0,0.0,0.0,0.0,0.0,1.0,-1.0,,0.0,0.0,1.0,0.0,1.0,6.214009952545166,-6.214009952545166,6.214009952545166,0.0,145.17005311036283,140.4810610594339,0.0,0.0,0.0,0.0,0.0,0.0,0.0,0.0,4.0,0.0,4.0,-0.0362199991941452,-0.0362199991941452,0.0,-0.3840000033378601,-0.04063490033149719,4.113999843597412,2.056999921798706,4.113999843597412,4.940000057220459,1.0,1.0,-0.008804080076515675,-3.679227322112011e-09,0.0,0.0,0.75,93.33333333,0.25,83.0,,,,-0.2847875952720642,-0.03891072794795036,,-9.492919842402141,-3.8910727947950363,,0.0,,0.0,,,,,,0.0,0.0,0.0,0.0,0.0,0.0,0.0,0.0,,,,,,,Austin Brice,17237,520.8282514438032,0.5,0.25,0.25,,93.0,93.5999984741211,82.5999984741211,,-9.5,-11.539999961853027,3.75,,5.485000133514404,-0.8500000238418579,0.38999998569488525,,-0.15863126516342163,-0.12615634500980377,-0.03891072794795036,,-7.9315632581710815,-12.615634500980377,-3.8910727947950363,,0.0,,0.0,,,,0.0,,0.25,0.5,0.25,,82.51679992675781,92.93815612792969,93.40489959716797,,5.501619815826416,-8.097129821777344,-10.527799606323242,,-0.5693219900131226,4.465629577636719,-1.8413399457931519,,-0.03891072794795036,-0.15863126516342163,-0.12615634500980377,,-3.8910727947950363,-7.9315632581710815,-12.615634500980377,0.0,,0.0,,,,0.0,0.0,,,0.0,,,0.0,,2019-05-30,0
25,@WSN,20,2019,MIA,A,27,0.0,0.0,13.500014081612017,1.0,0.0,0.0,0.0,0.0,0.0,0.0,0.2,5.0,2.0,1.0,1.0,0.0,0.0,0.0,1.0,0.0,0.0,2.0,27.000028163224034,0.0,27.000028163224034,2.0,0.0,0.0,0.0,0.0,2.0,0.0,0.0,0.0,0.0,0.4,0.0,0.4,1.7417359348869328,0.0,0.5,3.0000031292471148,1.0,0.66666667,1.7140083879216093,11.786005693690408,1.7140083879216093,325.0977074148666,39.34556439047681,38.07470284077411,0.0,1.0,0.0,0.0,0.0,0.0,0.0,0.0,8.0,14.0,22.0,-0.14975200593471527,-0.24277600646018982,0.09302400052547455,-1.2999999523162842,-0.12488000094890594,1.6649600267410278,0.8773329854011536,0.42640000581741333,3.1184000968933105,1.0,1.0,-0.07894919812679291,-0.01099410593428897,0.0,1.0,0.54545455,92.5,0.45454545,81.2,,,,0.02637374773621559,-0.7271386981010437,,0.21978123113512993,-7.271386981010437,,0.35714286,0.875,0.54545455,0.4,0.71428571,0.58333333,0.36363636,0.4,0.22727273,0.0,1.0,1.0,2.0,0.0,0.0,2.0,0.0,0.5,0.5,1.0,0.0,0.0,Austin Brice,17237,8.328854826594378,0.40909091,0.13636364,0.45454545,,92.44444444444444,92.26666259765625,81.27000122070312,,-8.151111178927952,-10.730000813802084,6.597999572753906,,5.093333350287543,-0.9000000158945719,-0.9069999694824219,,0.49285222217440605,-0.46647847443819046,-0.7271387130022049,,5.476135801937845,-15.549282481273016,-7.271387130022049,,0.4,0.66666667,0.54545455,0.25,0.75,0.58333333,0.54545455,,0.45454545,0.40909091,0.13636364,,81.2105712890625,92.45271809895833,92.30942789713542,,7.5618431091308596,-7.419813368055555,-9.959959665934244,,-1.9075004577636718,4.4644287957085504,-1.8395670255025227,,-0.7271387130022049,0.49285222217440605,-0.46647847443819046,,-7.271387130022049,5.476135801937845,-15.549282481273016,0.36363636,0.72727273,0.54545455,0.25,0.75,0.58333333,0.5,2.0,83.3499984741211,18.0,0.0,0.0,84.1,0.0,0.0,2019-05-24,0
26,@DET,20,2019,MIA,A,27,0.0,0.0,0.0,1.0,0.0,0.0,0.0,0.0,1.0,0.0,1.0,5.0,1.0,0.0,0.0,0.0,0.0,0.0,1.0,0.0,0.0,0.0,0.0,0.0,9.0,0.0,0.0,0.0,2.0,1.0,1.0,0.0,0.0,0.0,0.0,0.0,0.0,0.0,5.8291759348869325,0.0,0.25,1.0,0.25,1.0,6.214009952545166,-6.214009952545166,8.203217965364455,0.0,145.17005311036283,185.7493893937245,2.0,0.25,0.5,0.25,0.0,0.0,2.0,18.0,6.0,14.0,20.0,0.11377999931573868,-0.08429999649524689,0.19808000326156616,0.5669999718666077,0.053239401429891586,1.992799997329712,1.9079999923706055,1.9079999923706055,1.1679999828338623,1.0,1.0,0.021382499486207962,0.035713044205181156,1.0,0.0,0.5,92.7,0.5,82.2,,,,0.442625492811203,-0.5115743279457092,,4.42625492811203,-5.115743279457092,,0.4,0.7,0.55,1.0,0.85714286,0.90909091,0.5,0.2,0.05,2.0,1.0,1.0,1.0,3.0,0.0,4.0,0.5,0.25,0.25,0.25,0.75,0.0,Austin Brice,17237,7.287510760781783,0.3,0.2,0.5,,92.83333333333333,92.67500305175781,82.2,,-9.051666895548502,-10.957500457763672,4.9029998779296875,,4.4950002034505205,0.47999998927116394,-0.29500000476837157,,0.3913988657295704,0.05122661963105202,-0.5115743055939674,,6.523314428826173,1.2806654907763004,-5.115743055939674,,0.33333333,0.72727273,0.55,1.0,0.875,0.90909091,0.55,,0.5,0.3,0.2,,82.06859130859375,92.7422383626302,92.54395294189453,,5.889720916748047,-8.493761698404947,-10.345527648925781,,-1.3418066024780273,3.7045717239379883,-0.6204201579093933,,-0.5115743055939674,0.3913988657295704,0.05122661963105202,,-5.115743055939674,6.523314428826173,1.2806654907763004,0.33333333,0.72727273,0.55,1.0,0.875,0.90909091,0.55,4.0,73.4749984741211,6.5,0.0,0.0,86.6,0.0,0.0,2019-05-22,0
27,@DET,20,2019,MIA,A,27,0.0,0.0,0.0,1.0,0.0,0.0,0.0,0.0,1.0,0.0,1.2,5.0,0.0,0.0,0.0,0.0,0.0,0.0,0.0,0.0,0.0,2.0,10.799978628200861,0.0,0.0,2.0,0.0,0.0,0.0,2.0,1.0,0.0,0.0,0.0,0.0,0.4,0.0,0.4,2.623335934886933,0.0,0.0,0.0,0.0,1.0,0.8140147018338637,-0.8140147018338637,3.2010595935554456,0.0,18.180822486808477,71.91546850867843,0.0,0.33333333,0.0,0.66666667,0.0,0.0,1.0,5.399989314100431,6.0,15.0,21.0,0.16332000494003296,0.0,0.16332000494003296,1.0149999856948853,0.0953051969408989,1.242799997329712,1.5779999494552612,1.5579999685287476,0.6679999828338623,1.0,1.0,0.13143299520015717,-2.0052416971311215e-05,1.0,0.0,0.42857143,92.66666667,0.52380952,81.09090909,0.04761905,85.0,,0.630531907081604,0.7346310019493103,-0.02982518821954727,7.005910078684489,6.678463654084639,-2.982518821954727,0.4,0.45454545,0.42857143,0.5,0.8,0.66666667,0.52380952,0.8,0.14285714,1.0,2.0,0.0,1.0,2.0,0.0,3.0,0.33333333,0.66666667,0.0,0.33333333,0.66666667,0.0,Austin Brice,17237,1.2924019329861753,0.23809524,0.19047619,0.52380952,0.04761905,92.64000244140625,92.3499984741211,81.05454323508523,84.5,-9.926000213623047,-11.71500015258789,8.154545177112926,-15.170000076293945,4.884000015258789,-1.0325000286102295,-1.2509091117165305,3.640000104904175,0.2391330674290657,0.3913988508284092,0.7346310093998909,-0.02982518821954727,4.782661348581314,9.78497127071023,6.678463721817191,-2.982518821954727,0.28571429,0.5,0.42857143,0.0,0.85714286,0.66666667,0.66666667,0.04761905,0.52380952,0.23809524,0.19047619,84.41500091552734,80.9707919034091,92.57326049804688,92.32275390625,-14.319000244140625,9.093501004305752,-9.208175659179688,-11.213850021362305,2.4297399520874023,-2.630533044988459,4.0681499481201175,-2.1013731956481934,-0.02982518821954727,0.7346310093998909,0.2391330674290657,0.3913988508284092,-2.982518821954727,6.678463721817191,4.782661348581314,9.78497127071023,0.28571429,0.5,0.42857143,0.0,0.85714286,0.66666667,0.66666667,3.0,78.7999979654948,29.333333333333332,0.0,0.0,83.9,0.0,0.0,2019-05-21,0
28,@NYM,20,2019,MIA,A,27,0.0,0.0,4.5,1.0,0.0,0.0,0.0,0.0,0.0,0.0,2.0,12.0,4.0,1.0,1.0,0.0,2.0,0.0,0.0,0.0,0.0,4.0,18.0,9.0,18.0,2.0,0.0,0.0,1.0,2.0,3.0,0.0,0.0,0.0,0.0,0.33333333,0.16666667,0.16666666,4.267576018982766,0.0,0.4,3.0,0.6666666666666666,0.83333333,2.214009952545166,2.285990047454834,4.203217965364456,108.36578943717757,51.10387362116645,94.72154707142835,0.5,0.5,0.16666667,0.33333333,0.0,0.0,0.0,0.0,13.0,36.0,49.0,-0.002452000044286251,-0.005745999980717897,0.0032939999364316463,-0.06800000369548798,-0.0073236399330198765,0.021700000390410423,0.016899999231100082,0.023800000548362732,0.009999999776482582,1.0,1.0,-0.0858566015958786,-0.027138790117101685,0.0,0.0,0.53061224,92.57692308,0.3877551,80.89473684,0.08163265,87.0,,0.6504955291748047,-0.964119553565979,-0.5138854384422302,2.5019058814415565,-5.0743134398209415,-12.847135961055756,0.5625,0.64705882,0.59183673,0.55555556,0.90909091,0.68965517,0.34693878,0.91666667,0.18367347,1.0,3.0,2.0,1.0,3.0,2.0,6.0,0.16666667,0.5,0.33333333,0.16666667,0.5,0.33333333,Austin Brice,17237,4.854064092721259,0.42857143,0.10204082,0.3877551,0.08163265,92.41904994419643,93.0,80.72105006167763,86.9749984741211,-7.999524071103051,-10.78800048828125,7.469473587839227,-11.157499313354492,5.622857230050223,-0.5980000495910645,-1.9694737886127673,1.5299999713897705,0.8605489395558834,-0.21005342155694962,-0.964119553565979,-0.5138854496181011,4.097852093123254,-4.201068431138992,-5.0743134398209415,-12.847136240452528,0.47826087,0.69230769,0.59183673,0.63636364,0.72222222,0.68965517,0.53061224,0.08163265,0.3877551,0.44897959,0.08163265,86.92665100097656,80.66768606085526,92.47407115589489,92.67732238769531,-10.763750076293945,8.26746247944079,-7.741044477982954,-10.386093139648438,0.49644574522972107,-3.04975047864412,4.953053907914595,-2.2526724338531494,-0.5138854496181011,-0.964119553565979,0.9061219096183777,-0.2556263916194439,-12.847136240452528,-5.0743134398209415,4.118735952810808,-6.390659790486097,0.47826087,0.69230769,0.59183673,0.63636364,0.72222222,0.68965517,0.53061224,6.0,83.18333435058594,24.833333333333332,0.0,0.0,96.8,1.0,0.16666667,2019-05-10,0
29,@CHC,20,2019,MIA,A,27,0.0,0.0,0.0,1.0,0.0,0.0,0.0,0.0,0.0,0.0,1.1,6.0,1.0,0.0,0.0,0.0,1.0,1.0,0.0,0.0,0.0,1.0,6.750016696792419,6.750016696792419,6.750016696792419,1.0,0.0,0.0,2.0,1.0,1.0,1.0,0.0,0.0,0.0,0.16666667,0.16666667,0.0,5.934325943396933,0.0,0.2,1.5000037103983153,0.25,1.0,3.964011807744324,-3.964011807744324,5.455921507735821,0.0,92.25787077556411,123.22927220431896,2.0,0.25,0.5,0.25,1.0,0.0,0.0,0.0,11.0,15.0,26.0,0.1515199989080429,-0.0630199983716011,0.2145400047302246,0.7599999904632568,0.07562190294265747,2.007999897003174,1.7039999961853027,1.4839999675750732,2.2799999713897705,1.0,1.0,0.05066030099987984,0.02479786965748819,1.0,0.0,0.42307692,92.45454545,0.53846154,81.07142857,0.03846154,87.0,0.15384615,-0.21648618578910828,0.5115199089050293,-0.02982518821954727,-1.968056234446439,3.653713635035923,-2.982518821954727,0.3125,0.8,0.5,0.4,1.0,0.76923077,0.38461538,0.33333333,0.11538462,1.0,1.0,2.0,1.0,2.0,1.0,4.0,0.25,0.25,0.5,0.25,0.5,0.25,Austin Brice,17237,3.836418195618382,0.23076923,0.19230769,0.53846154,0.03846154,92.5499979654948,92.42000122070313,81.17857142857143,87.30000305175781,-9.245000203450521,-10.827999877929688,6.438571384974888,-12.029999732971191,4.734999974568685,-1.3739999771118163,-1.484285763331822,1.5800000429153442,0.24190298467874527,-0.45838917791843414,0.511519905179739,-0.02982518821954727,4.031716411312422,-9.167783558368683,3.653713608426707,-2.982518821954727,0.25,0.9,0.5,0.5,0.88888889,0.76923077,0.38461538,0.03333333,0.46666667,0.2,0.16666667,87.16449737548828,81.00383649553571,92.48063151041667,92.3861572265625,-11.907999992370605,7.361570630754743,-9.015904744466146,-10.365258026123048,0.48782798647880554,-2.5188770294189453,4.313000043233235,-2.3791315078735353,-0.02982518821954727,0.511519905179739,0.24190298467874527,-0.45838917791843414,-2.982518821954727,3.653713608426707,4.031716411312422,-9.167783558368683,0.26666667,0.81818182,0.5,0.5,0.88888889,0.76923077,0.42307692,4.0,90.4749984741211,21.75,1.0,0.25,108.2,2.0,0.5,2019-05-07,0
30,ATL,20,2019,MIA,H,27,0.0,0.0,0.0,1.0,0.0,0.0,0.0,0.0,0.0,0.0,2.2,13.0,3.0,0.0,0.0,0.0,1.0,0.0,0.0,0.0,0.0,1.0,3.374995674943506,3.374995674943506,10.124987024830519,1.0,0.14285714,0.0,7.0,2.0,2.0,0.0,1.0,0.0,0.0,0.07692308,0.07692308,0.0,4.81224460329368,0.0,0.25,1.4999980777526694,0.2727272727272727,1.0,3.5890094719833336,-3.5890094719833336,5.080913569722905,0.0,83.43911151942382,114.69523134155669,3.5,0.18181818,0.63636364,0.18181818,0.0,0.0,0.0,0.0,15.0,32.0,47.0,-0.010440000332891941,-0.02166000008583069,0.011219999752938747,0.1080000028014183,0.011428600177168846,0.053538501262664795,0.06274999678134918,0.21799999475479126,,0.0,1.0,-0.02679309993982315,-0.16820676159295198,0.0,0.0,0.38297872,93.38888889,0.4893617,81.0,0.12765957,87.0,,0.29797399044036865,0.41049230098724365,-1.0523384809494019,1.655411058002048,1.7847491347271462,-17.53897468249003,0.43333333,0.58823529,0.4893617,0.92307692,0.9,0.91304348,0.36170213,0.61538462,0.04255319,4.0,3.0,4.0,3.0,6.0,2.0,11.0,0.36363636,0.27272727,0.36363636,0.27272727,0.54545455,0.18181818,Austin Brice,17237,3.645221188667586,0.14893617,0.23404255,0.4893617,0.12765957,93.08571079799107,93.654541015625,80.93912937330163,86.98333740234375,-7.734285627092634,-10.189999667080967,7.882173621136209,-9.78499984741211,5.495714460100446,-0.6745454614812677,-2.154347792915676,-0.6450000206629435,-0.04072684422135353,0.32289286330342293,0.3946843408048153,-1.0523385107517242,-0.5818120603050504,2.935389666394754,1.7160188730644141,-17.538975179195404,0.44,0.54545455,0.4893617,0.90909091,0.91666667,0.91304348,0.46808511,0.12765957,0.4893617,0.14893617,0.23404255,86.91788736979167,80.8748089334239,93.05095563616071,93.63217995383523,-9.38653310139974,8.71712991465693,-7.261542728969029,-9.771285317160867,-1.8966641426086426,-3.430424234141474,4.80908693586077,-1.6984193975275212,-1.0523385107517242,0.3946843408048153,-0.04072684422135353,0.32289286330342293,-17.538975179195404,1.7160188730644141,-0.5818120603050504,2.935389666394754,0.44,0.54545455,0.4893617,0.90909091,0.91666667,0.91304348,0.46808511,11.0,86.5,6.909090909090909,0.0,0.0,105.5,2.0,0.18181818,2019-05-04,0
31,CHC,20,2019,MIA,H,27,0.0,0.0,0.0,1.0,0.0,0.0,0.0,0.0,0.0,0.0,1.1,6.0,0.0,0.0,0.0,0.0,1.0,0.0,1.0,0.0,0.0,0.0,0.0,6.750016696792419,0.0,0.0,0.0,0.0,2.0,2.0,0.0,0.0,0.0,0.0,0.0,0.0,0.16666667,-0.16666667,8.628909325126934,0.0,0.0,0.7500018551991576,0.0,1.0,7.714021083740112,-7.714021083740112,10.697840483723107,0.0,180.44513218605695,242.51941570742466,1.0,0.0,0.5,0.5,0.0,0.0,0.0,0.0,11.0,11.0,22.0,0.05821999907493591,-0.014399999752640724,0.07261999696493149,1.2209999561309814,0.12920600175857544,0.585332989692688,0.75,1.437999963760376,0.33000001311302185,1.0,1.0,0.049405500292778015,0.05005924900403272,0.0,0.0,0.63636364,93.28571429,0.31818182,81.14285714,0.04545455,86.0,,0.17114810645580292,0.10687372088432312,0.06530402600765228,1.2224864746843065,1.526767441204616,6.530402600765228,0.13333333,0.42857143,0.22727273,1.0,1.0,1.0,0.31818182,0.5,0.0,1.0,2.0,1.0,2.0,2.0,0.0,4.0,0.25,0.5,0.25,0.5,0.5,0.0,Austin Brice,17237,5.923152017959589,0.31818182,0.31818182,0.31818182,0.04545455,93.0,93.37142508370536,81.21428571428571,86.0,-7.382857186453683,-9.60857173374721,5.335714067731585,-9.510000228881836,5.644286019461496,-0.1500000102179391,-1.6628571919032507,-0.7400000095367432,0.09218231588602066,0.07896579056978226,0.10687371715903282,0.06530402600765228,1.3168902269431524,1.1280827224254608,1.5267673879861832,6.530402600765228,0.13333333,0.42857143,0.22727273,1.0,1.0,1.0,0.31818182,0.04545455,0.31818182,0.31818182,0.31818182,86.10359954833984,81.23964146205357,93.08851841517857,93.45050920758929,-8.829270362854004,6.529718671526227,-6.897560119628906,-9.043116978236608,-1.9532300233840942,-2.828427178519113,5.042107173374721,-0.8901168278285435,0.06530402600765228,0.10687371715903282,0.09218231588602066,0.07896579056978226,6.530402600765228,1.5267673879861832,1.3168902269431524,1.1280827224254608,0.13333333,0.42857143,0.22727273,1.0,1.0,1.0,0.31818182,4.0,82.9749984741211,3.5,0.0,0.0,93.9,0.0,0.0,2019-04-15,0
32,PHI,20,2019,MIA,H,27,0.0,0.0,9.0,1.0,0.0,0.0,0.0,0.0,0.0,0.0,3.0,14.0,3.0,3.0,3.0,1.0,1.0,0.0,1.0,1.0,0.0,2.0,6.0,3.0,9.0,2.0,0.0,0.0,6.0,3.0,1.0,0.0,0.0,0.0,0.0,0.14285714,0.07142857,0.07142857,4.669882088132239,3.0,0.25,1.3333333333333333,0.2222222222222222,0.55555556,8.214009952545167,0.7859900474548329,5.869884632031123,216.73157887435514,192.2031428549611,132.6498147057184,2.0,0.1,0.6,0.3,0.0,0.33333333,1.0,3.0,16.0,30.0,46.0,-0.0060800001956522465,-0.01696000061929226,0.010879999957978725,-1.565999984741211,-0.16571399569511414,0.05653329938650131,0.06333330273628235,0.0820000022649765,0.0,1.0,1.0,-0.03379150107502937,-0.07375573677650832,0.0,0.0,0.5,93.04347826,0.43478261,80.7,0.06521739,87.33333333,,0.9187920689582825,-1.3650214672088623,-0.09332723915576935,3.994748125905576,-6.8251073360443115,-3.1109079718589783,0.28571429,0.55555556,0.39130435,0.625,0.9,0.77777778,0.39130435,0.57142857,0.08695652,2.0,3.0,5.0,1.0,6.0,3.0,10.0,0.2,0.3,0.5,0.1,0.6,0.3,Austin Brice,17237,6.861987400058354,0.26086957,0.23913043,0.43478261,0.06521739,92.78333536783855,93.11818625710227,80.64500122070312,87.23333740234375,-8.460833231608072,-11.51909082586115,6.291500091552734,-12.273333231608072,5.9941666920979815,0.35909091342579236,-1.4460000038146972,0.17333332697550455,1.1305915601551533,-0.2117994911968708,-1.3228573128581047,-0.09332723915576935,9.421596334626276,-1.9254499199715527,-6.6142865642905235,-3.1109079718589783,0.30434783,0.47826087,0.39130435,0.42857143,1.0,0.77777778,0.5,0.06521739,0.43478261,0.26086957,0.23913043,87.24156697591145,80.66465454101562,92.8731689453125,93.21775124289773,-11.667533874511719,7.411586761474609,-7.591601053873698,-10.745316938920455,-1.1765569845835369,-2.754181671142578,5.169736544291179,-0.8062261234630238,-0.09332723915576935,-1.3228573128581047,1.1305915601551533,-0.2117994911968708,-3.1109079718589783,-6.6142865642905235,9.421596334626276,-1.9254499199715527,0.30434783,0.47826087,0.39130435,0.42857143,1.0,0.77777778,0.5,10.0,93.3,2.8,1.0,0.1,104.4,7.0,0.7,2019-04-12,0
33,@CIN,20,2019,MIA,A,27,0.0,0.0,0.0,1.0,0.0,0.0,0.0,0.0,0.0,0.0,1.0,5.0,1.0,0.0,0.0,0.0,1.0,0.0,0.0,0.0,0.0,2.0,18.0,9.0,9.0,2.0,1.0,0.0,1.0,0.0,1.0,0.0,1.0,0.0,0.0,0.4,0.2,0.2,4.097175934886932,0.0,0.25,2.0,0.5,1.0,2.214009952545166,-2.214009952545166,2.214009952545166,0.0,51.10387362116645,49.453218737137746,1.0,0.5,0.5,0.0,0.0,0.0,0.0,0.0,7.0,12.0,19.0,9.999999747378752e-05,0.0,9.999999747378752e-05,0.5509999990463257,0.05277780070900917,0.0,0.0,0.0,,0.0,1.0,0.0,,0.0,0.0,0.42105263,93.5,0.47368421,81.33333333,0.10526316,87.0,,-0.0856812447309494,0.38770365715026855,-0.24633002281188965,-1.0710155591368675,4.307818412780762,-12.316501140594482,0.27272727,0.5,0.36842105,0.66666667,1.0,0.85714286,0.42105263,0.8,0.05263158,2.0,0.0,0.0,0.0,1.0,1.0,2.0,1.0,0.0,0.0,0.0,0.5,0.5,Austin Brice,17237,4.274389653917569,0.26315789,0.15789474,0.47368421,0.10526316,93.24000244140625,93.56667073567708,81.5111083984375,86.8499984741211,-7.119999694824219,-10.0,6.66999986436632,-9.329999923706055,6.7,0.9499999682108561,-1.9655556148952908,0.12999999523162842,-0.0370912030339241,-0.006425835192203522,0.38770364224910736,-0.24633003026247025,-0.741824060678482,-0.21419450640678406,4.307818247212304,-12.316501513123512,0.2,0.55555556,0.36842105,0.5,1.0,0.85714286,0.47368421,0.10526316,0.47368421,0.26315789,0.15789474,86.79315185546875,81.43115234375,93.23323974609374,93.55879720052083,-8.641109466552734,7.6004223293728295,-6.338462066650391,-9.726226806640625,-0.993447482585907,-3.1315333048502603,6.026095962524414,0.39336899916330975,-0.24633003026247025,0.38770364224910736,-0.0370912030339241,-0.006425835192203522,-12.316501513123512,4.307818247212304,-0.741824060678482,-0.21419450640678406,0.2,0.55555556,0.36842105,0.5,1.0,0.85714286,0.47368421,2.0,98.69999694824219,0.0,0.0,0.0,103.0,1.0,0.5,2019-04-09,0
34,NYM,20,2019,MIA,H,27,0.0,0.0,0.0,1.0,0.0,0.0,0.0,0.0,0.0,0.0,2.0,10.0,3.0,2.0,0.0,0.0,0.0,0.0,0.0,1.0,0.0,1.0,4.5,0.0,13.5,1.0,0.0,0.0,4.0,3.0,2.0,1.0,0.0,0.0,0.0,0.1,0.0,0.1,4.797785934886933,0.0,0.3,1.5,0.3333333333333333,0.33333333,2.214009952545166,-2.214009952545166,5.197821971774101,0.0,51.10387362116645,117.35571123857365,1.33333333,0.22222222,0.44444444,0.33333333,0.33333333,0.0,4.0,18.0,10.0,25.0,35.0,-0.02298000082373619,-0.03099999949336052,0.008019999600946903,-1.0440000295639038,-0.11047600209712982,0.0761817991733551,0.06599999964237213,0.12200000137090683,,0.0,1.0,-0.12222100049257278,-0.1794258636283988,0.0,0.0,0.45714286,93.0625,0.51428571,80.44444444,0.02857143,88.0,,-0.9146285057067871,0.6203035116195679,0.04557297006249428,-5.716428160667419,3.4461306201087103,4.557297006249428,0.44444444,0.52941176,0.48571429,0.625,1.0,0.82352941,0.48571429,0.8,0.08571429,3.0,2.0,4.0,3.0,5.0,1.0,9.0,0.33333333,0.22222222,0.44444444,0.33333333,0.55555556,0.11111111,Austin Brice,17237,2.5552012608423738,0.17142857,0.28571429,0.51428571,0.02857143,92.88333129882812,92.9,80.28333197699652,88.0999984741211,-7.006666819254558,-10.330999755859375,7.071666717529297,-12.90999984741211,5.840000152587891,0.6409999847412109,-1.4972222646077473,-0.03999999910593033,0.004571650177240372,-0.9192001298069954,0.6044955626130104,0.04557297006249428,0.07619416962067285,-9.192001298069954,3.358308681183391,4.557297006249428,0.35294118,0.61111111,0.48571429,0.66666667,0.90909091,0.82352941,0.51428571,0.02857143,0.51428571,0.17142857,0.28571429,88.16680145263672,80.32564290364583,92.97166951497395,92.99410400390624,-12.149299621582031,8.180250379774305,-6.087756474812825,-9.678704071044923,-1.3993500471115112,-2.782005945841471,5.119350115458171,-0.4828972339630127,0.04557297006249428,0.6044955626130104,0.004571650177240372,-0.9192001298069954,4.557297006249428,3.358308681183391,0.07619416962067285,-9.192001298069954,0.375,0.57894737,0.48571429,0.66666667,0.90909091,0.82352941,0.54285714,9.0,81.92222086588542,10.666666666666666,0.0,0.0,100.2,3.0,0.33333333,2019-04-03,0
35,NYM,20,2019,MIA,H,27,0.0,0.0,0.0,1.0,0.0,0.0,0.0,0.0,0.0,0.0,1.0,3.0,0.0,0.0,0.0,0.0,0.0,0.0,0.0,0.0,0.0,1.0,9.0,0.0,0.0,1.0,0.0,0.0,2.0,0.0,0.0,0.0,0.0,0.0,0.0,0.33333333,0.0,0.33333333,-0.24397962452084543,0.0,0.0,0.0,0.0,1.0,1.2140099525451662,-1.2140099525451662,1.2140099525451662,0.0,27.587328748867346,26.6962581565637,2.0,0.0,1.0,0.0,0.0,0.0,0.0,0.0,2.0,6.0,8.0,0.03539999946951866,0.0,0.03539999946951866,0.4779999852180481,0.050581999123096466,0.47666698694229126,0.628000020980835,0.628000020980835,,0.0,1.0,0.07447940111160278,-0.00021371785839179036,0.0,0.0,0.375,94.33333333,0.625,82.0,,,,0.49405184388160706,0.2561555504798889,,16.468394796053566,5.123111009597778,,0.0,0.66666667,0.5,,0.75,0.75,0.75,1.0,0.125,1.0,0.0,1.0,0.0,2.0,0.0,2.0,0.5,0.0,0.5,0.0,1.0,0.0,Austin Brice,17237,-0.20590051446436794,0.125,0.25,0.625,,93.80000305175781,94.6500015258789,81.82000122070312,,-7.230000019073486,-10.024999618530273,5.738000106811524,,3.990000009536743,1.6050000190734863,-1.3199999809265137,,0.07420551031827927,0.4198463261127472,0.2561555579304695,,7.420551031827927,20.99231630563736,5.12311115860939,,0.0,0.8,0.5,,0.75,0.75,0.625,,0.625,0.125,0.25,,81.82015991210938,93.89209747314453,94.69595336914062,,6.838406372070312,-6.674300193786621,-9.46565055847168,,-2.468235969543457,3.263050079345703,0.7402169704437256,,0.2561555579304695,0.07420551031827927,0.4198463261127472,,5.12311115860939,7.420551031827927,20.99231630563736,0.0,0.8,0.5,,0.75,0.75,0.625,2.0,91.60000610351562,-20.5,0.0,0.0,101.8,1.0,0.5,2019-04-02,0
36,COL,20,2019,MIA,H,27,0.0,0.0,0.0,1.0,0.0,0.0,0.0,0.0,0.0,0.0,2.0,8.0,0.0,0.0,0.0,0.0,2.0,0.0,0.0,0.0,0.0,2.0,9.0,9.0,0.0,1.0,0.0,0.0,2.0,1.0,1.0,0.0,0.0,0.0,0.0,0.25,0.25,0.0,6.605982184886932,0.0,0.0,1.0,0.0,1.0,4.214009952545166,-4.214009952545166,5.208613958954811,0.0,98.13696336576464,117.60130406543112,2.0,0.25,0.5,0.25,0.0,0.0,1.0,4.5,11.0,17.0,28.0,0.009060000069439411,-0.002199999988079071,0.011260000057518482,0.9559999704360962,0.10116399824619293,0.06224999949336052,0.07400000095367432,0.09200000017881393,0.0560000017285347,1.0,1.0,0.10161899775266647,0.04392317322206157,0.0,0.0,0.64285714,92.83333333,0.35714286,81.4,,,,0.863903284072876,0.06948308646678925,,4.7994626892937555,0.6948308646678925,,0.25,0.75,0.46428571,0.5,0.88888889,0.76923077,0.42857143,0.75,0.10714286,0.0,3.0,1.0,0.0,1.0,3.0,4.0,0.0,0.75,0.25,0.0,0.25,0.75,Austin Brice,17237,4.857136606118868,0.21428571,0.42857143,0.35714286,,92.83333333333333,92.88333129882812,81.42000122070313,,-7.438333511352539,-11.155832926432291,4.820000076293946,,6.1200002034505205,0.8800000349680582,-0.6819999694824219,,0.17194096744060516,0.7762907035648823,0.06948309019207954,,2.865682790676753,6.469089196374019,0.6948309019207954,,0.1875,0.83333333,0.46428571,0.33333333,0.9,0.76923077,0.42857143,,0.35714286,0.21428571,0.42857143,,81.45487060546876,92.90846761067708,92.95292154947917,,6.01843490600586,-6.859981536865234,-10.403589248657227,,-1.8827409744262695,5.341158548990886,-0.27365392446517944,,0.06948309019207954,0.17194096744060516,0.7762907035648823,,0.6948309019207954,2.865682790676753,6.469089196374019,0.1875,0.83333333,0.46428571,0.33333333,0.9,0.76923077,0.42857143,4.0,101.3499984741211,7.75,1.0,0.25,104.5,4.0,1.0,2019-03-28,0
