,Opp,teamid,season,Team,HomeAway,Age,W,L,ERA,G,GS,CG,ShO,SV,HLD,BS,IP,TBF,H,R,ER,HR,BB,IBB,HBP,WP,BK,SO,K/9,BB/9,H/9,K/BB,IFH%,BUH%,GB,FB,LD,IFFB,IFH,BU,BUH,K%,BB%,K-BB%,SIERA,HR/9,AVG,WHIP,BABIP,LOB%,FIP,E-F,xFIP,ERA-,FIP-,xFIP-,GB/FB,LD%,GB%,FB%,IFFB%,HR/FB,RS,RS/9,Balls,Strikes,Pitches,WPA,-WPA,+WPA,RE24,REW,pLI,inLI,gmLI,exLI,Pulls,Games,WPA/LI,Clutch,SD,MD,FB%1,FBv,SL%,SLv,CB%,CBv,CH%,CHv,wFB,wSL,wCB,wCH,wFB/C,wSL/C,wCB/C,wCH/C,O-Swing%,Z-Swing%,Swing%,O-Contact%,Z-Contact%,Contact%,Zone%,F-Strike%,SwStr%,Pull,Cent,Oppo,Soft,Med,Hard,bipCount,Pull%,Cent%,Oppo%,Soft%,Med%,Hard%,PlayerName,playerid,tERA,GSv2,pfxFA%,pfxFT%,pfxSL%,pfxCU%,pfxCH%,pfxvFA,pfxvFT,pfxvSL,pfxvCU,pfxvCH,pfxFA-X,pfxFT-X,pfxSL-X,pfxCU-X,pfxCH-X,pfxFA-Z,pfxFT-Z,pfxSL-Z,pfxCU-Z,pfxCH-Z,pfxwFA,pfxwFT,pfxwSL,pfxwCU,pfxwCH,pfxwFA/C,pfxwFT/C,pfxwSL/C,pfxwCU/C,pfxwCH/C,pfxO-Swing%,pfxZ-Swing%,pfxSwing%,pfxO-Contact%,pfxZ-Contact%,pfxContact%,pfxZone%,piCH%,piCU%,piFA%,piSI%,piSL%,pivCH,pivCU,pivFA,pivSI,pivSL,piCH-X,piCU-X,piFA-X,piSI-X,piSL-X,piCH-Z,piCU-Z,piFA-Z,piSI-Z,piSL-Z,piwCH,piwCU,piwFA,piwSI,piwSL,piwCH/C,piwCU/C,piwFA/C,piwSI/C,piwSL/C,piO-Swing%,piZ-Swing%,piSwing%,piO-Contact%,piZ-Contact%,piContact%,piZone%,Events,EV,LA,Barrels,Barrel%,maxEV,HardHit,HardHit%,gamedate,dh
0,- - -,23,2019,- - -,H,26,11.0,3.0,3.6246571554254867,22.0,22.0,0.0,0.0,0.0,0.0,0.0,121.2,493.0,109.0,49.0,49.0,12.0,30.0,0.0,5.0,1.0,1.0,143.0,10.578081086241726,2.219177850260502,8.063012855946491,4.76666667,0.03597122,0.0,139.0,100.0,73.0,5.0,5.0,3.0,0.0,0.29006085,0.06085193,0.22920892,3.5970951559502264,0.8876711401042008,0.23799126637554585,1.1424656340229993,0.3201320132013201,0.74685535,3.00853052196549,0.6161266334599969,3.3613041942628583,82.23454367760247,67.63540877149872,75.56214857022685,1.39,0.23397436,0.44551282,0.32051282,0.05,0.12,91.0,6.731506145790189,652.0,1327.0,1979.0,1.7555580418556929,-6.620335984043777,8.375893957912922,15.019100055098534,1.4555450174957514,0.9041822450602148,0.8453387848792537,0.8789181871847673,0.8589909043671056,22.0,22.0,2.3949568308889866,-0.4533592697261042,0.0,0.0,0.64123295,96.25788644,0.195048,88.48186528,0.02223345,81.88636364,0.1414856,87.0,25.020850747823715,1.3490970022976398,-1.3575847819447517,-3.210599660873413,1.9716982464794104,0.34950699541389635,-3.085419958965345,-1.146642736026219,0.33904418,0.72758621,0.50985346,0.63031915,0.85781991,0.77304262,0.43961597,0.61054767,0.11571501,108.0,116.0,91.0,62.0,138.0,115.0,315.0,0.34285714,0.36825397,0.28888889,0.1968254,0.43809524,0.36507937,Brandon Woodruff,16162,3.529020313295288,57.0,0.38309717,0.25759109,0.19787449,0.0187247,0.14271255,96.34768817856258,95.99882138595132,88.38746803069054,81.19729696737754,86.95000030301141,-5.514042268498571,-8.946031476753399,1.1982864595740044,1.0902702558684993,-9.548758932884704,8.847054182931958,6.752495066824503,1.6149616412189611,-0.7345945927742366,4.924893636230036,14.24943845719099,10.217957153916359,1.625329378992319,-1.4151529297232628,-3.014959529042244,1.8823564672643318,2.0074572011623495,0.4156852631693911,-3.8247376479007102,-1.069134584766753,0.2923913,0.70075758,0.51062753,0.57992565,0.84189189,0.77205154,0.53441296,0.14162873,0.02175013,0.40870005,0.23216995,0.1947395,87.07628631591797,81.88442301195721,96.4678542637589,96.04711461950231,88.53305695769075,-9.30565344946725,1.4736678544865098,-5.10279400513904,-8.861814877046738,1.8900541231229708,3.5487755264554703,-2.108995272756316,7.767829385134253,5.463208807319857,0.3999905898973539,-3.041942846029997,-1.2989430390298367,14.569140121340752,10.216722216457129,1.4246357902884483,-1.0864081592964274,-3.020797765185667,1.8031114011560336,2.22586540663554,0.37003527020479177,0.28944505,0.70293283,0.51062753,0.57894737,0.84118439,0.77205154,0.53491903,315.0,86.12211550199069,12.423076923076923,11.0,0.03492063,113.3,95.0,0.3015873,2050-01-01,0
1,PIT,23,2019,MIL,H,26,0.0,0.0,0.0,1.0,1.0,0.0,0.0,0.0,0.0,0.0,2.0,6.0,0.0,0.0,0.0,0.0,0.0,0.0,0.0,0.0,0.0,3.0,13.5,0.0,0.0,3.0,0.0,0.0,3.0,0.0,0.0,0.0,0.0,0.0,0.0,0.5,0.0,0.5,0.28982593488693253,0.0,0.0,0.0,0.0,1.0,0.2140099525451662,-0.2140099525451662,0.2140099525451662,0.0,3.94520743333516,3.9392975759896633,3.0,0.0,1.0,0.0,0.0,0.0,1.0,4.5,12.0,26.0,38.0,0.10176999866962433,0.0,0.10176999866962433,1.073699951171875,0.10480199754238129,0.6538329720497131,0.8999999761581421,0.8700000047683716,1.0299999713897705,1.0,1.0,0.156016007065773,-0.0003646358132898819,0.0,0.0,0.76315789,96.37931034,0.02631579,85.0,0.05263158,85.0,0.15789474,87.5,0.7954489588737488,0.06530402600765228,-0.1130678653717041,0.8048081398010254,2.742927444392237,6.530402600765228,-5.653393268585205,13.413468996683756,0.47826087,0.93333333,0.65789474,0.90909091,0.85714286,0.88,0.39473684,0.5,0.07894737,3.0,0.0,0.0,0.0,3.0,0.0,3.0,1.0,0.0,0.0,0.0,1.0,0.0,Brandon Woodruff,16162,-0.9355170191539134,55.0,0.31578947,0.44736842,0.07894737,,0.15789474,96.52500406901042,96.10588522518383,84.83333333333333,,87.41666666666667,-5.446666717529297,-8.455294440774356,0.9733333587646484,,-8.811667124430338,8.615833282470703,6.882352941176471,-2.3633333841959634,,5.206666628519694,0.2310689017176628,0.564380057156086,-0.04776383936405182,,0.8048081323504448,1.9255741809805234,3.319882689153447,-1.5921279788017273,,13.413468872507414,0.4,0.94444444,0.65789474,0.875,0.88235294,0.88,0.47368421,0.15789474,0.07894737,0.42105263,0.34210526,,87.4544677734375,84.80873616536458,96.44019317626953,96.18895545372597,,-8.771873474121094,1.4509798685709636,-5.588327407836914,-8.743851294884315,,4.048586527506511,-3.274783452351888,7.6122589111328125,5.5744769756610575,,0.8048081323504448,-0.04776383936405182,0.2616133876144886,0.5338355712592602,,13.413468872507414,-1.5921279788017273,1.6350836725905538,4.106427471225079,,0.4,0.94444444,0.65789474,0.875,0.88235294,0.88,0.47368421,3.0,89.33333333333333,-10.666666666666666,0.0,0.0,99.7,1.0,0.33333333,2019-09-22,0
2,SDP,23,2019,MIL,H,26,0.0,0.0,0.0,1.0,1.0,0.0,0.0,0.0,0.0,0.0,2.0,7.0,0.0,0.0,0.0,0.0,1.0,0.0,0.0,0.0,0.0,4.0,18.0,4.5,0.0,4.0,0.0,0.0,2.0,0.0,0.0,0.0,0.0,0.0,0.0,0.57142857,0.14285714,0.42857143,2.3622901776069325,0.0,0.0,0.5,0.0,1.0,0.7140099525451662,-0.7140099525451662,0.7140099525451662,0.0,15.340758075385905,15.317777866276682,2.0,0.0,1.0,0.0,0.0,0.0,0.0,0.0,14.0,23.0,37.0,0.10176999866962433,-0.01209999993443489,0.11387000232934952,1.073699951171875,0.10480199754238129,0.6732860207557678,0.8999999761581421,0.8700000047683716,0.9900000095367432,1.0,1.0,0.12884700298309326,0.022307180428270096,0.0,0.0,0.78378378,97.34482759,0.10810811,87.75,,,0.10810811,87.5,0.6015732288360596,0.32295358180999756,,0.3181396722793579,2.0743904442622743,8.073839545249939,,7.953491806983948,0.375,0.46153846,0.40540541,0.77777778,0.5,0.66666667,0.35135135,0.42857143,0.13513514,2.0,0.0,0.0,1.0,1.0,0.0,2.0,1.0,0.0,0.0,0.5,0.5,0.0,Brandon Woodruff,16162,-0.030934326006328387,54.0,0.37837838,0.40540541,0.10810811,,0.10810811,97.54999651227679,96.93999837239583,87.75,,87.5250015258789,-5.187856946672712,-8.575333658854166,1.0499999523162842,,-9.414999961853027,9.138571602957589,7.404666646321615,-0.26499998569488525,,6.547500133514404,0.17378270998597145,0.4277905113995075,0.32295357808470726,,0.3181396648287773,1.2413050713283675,2.8519367426633835,8.073839452117682,,7.953491620719433,0.23529412,0.55,0.40540541,0.75,0.63636364,0.66666667,0.54054054,0.10810811,,0.37837838,0.40540541,0.10810811,87.52420043945312,,97.56687709263393,96.93030598958333,87.7247314453125,-9.255895614624023,,-4.484276362827846,-8.41580810546875,1.818577527999878,5.270750045776367,,8.207765851702009,6.321844482421875,-1.5095843076705933,0.3181396648287773,,0.17378270998597145,0.4277905113995075,0.32295357808470726,7.953491620719433,,1.2413050713283675,2.8519367426633835,8.073839452117682,0.27777778,0.52631579,0.40540541,0.8,0.6,0.66666667,0.51351351,2.0,68.0,-18.0,0.0,0.0,68.8,0.0,0.0,2019-09-17,0
3,@ARI,23,2019,MIL,A,26,0.0,0.0,12.0,1.0,1.0,0.0,0.0,0.0,0.0,0.0,3.0,16.0,6.0,4.0,4.0,1.0,2.0,0.0,0.0,0.0,0.0,3.0,9.0,6.0,18.0,1.5,0.0,0.0,4.0,4.0,3.0,0.0,0.0,0.0,0.0,0.1875,0.125,0.0625,5.645771247386932,3.0,0.42857142857142855,2.6666666666666665,0.5,0.60606061,7.547343285878499,4.452656714121501,5.866287302970887,272.2504451639346,171.07995018341276,132.56795043009924,1.0,0.27272727,0.36363636,0.36363636,0.0,0.25,4.0,12.0,28.0,50.0,78.0,-0.22412799298763275,-0.35705599188804626,0.1329279989004135,-2.4070000648498535,-0.23667599260807037,0.7275500297546387,0.7059999704360962,0.8700000047683716,1.0700000524520874,1.0,1.0,-0.21219700574874878,-0.09586152469103199,0.0,0.0,0.73076923,97.28070175,0.19230769,89.4,0.02564103,83.5,0.05128205,87.5,-1.0654845237731934,-0.6295144557952881,-0.23036962747573853,-0.11539088189601898,-1.8692710943389357,-4.196763038635254,-11.518481373786926,-2.8847720474004745,0.29166667,0.8,0.48717949,0.71428571,0.91666667,0.84210526,0.38461538,0.5625,0.07692308,4.0,2.0,5.0,2.0,4.0,5.0,11.0,0.36363636,0.18181818,0.45454545,0.18181818,0.36363636,0.45454545,Brandon Woodruff,16162,8.24044457588847,27.0,0.42105263,0.31578947,0.19736842,0.01315789,0.05263158,97.7093734741211,96.57916259765625,89.13333333333334,83.4000015258789,87.625,-5.269687652587891,-8.779166539510092,0.5413333257039388,2.200000047683716,-9.832500457763672,8.823750495910645,7.268333435058594,1.6673333485921225,-2.380000114440918,4.882499694824219,-1.3408865630626678,0.21608934924006462,-0.45511339232325554,-0.4630792737007141,-0.11539088562130928,-4.190270509570837,0.9003722885002693,-3.034089282155037,-46.30792737007141,-2.884772140532732,0.31111111,0.74193548,0.48684211,0.71428571,0.91304348,0.83783784,0.40789474,0.05263158,0.02631579,0.44736842,0.28947368,0.18421053,87.81500244140625,83.958251953125,97.89176671645221,96.67450506036931,89.63398088727679,-9.550519943237305,2.708739995956421,-4.810465644387638,-8.671857660466975,1.1647796630859375,3.1845574378967285,-3.3626599311828613,7.615869858685662,5.897444291548296,0.28515447889055523,-0.11539088562130928,-0.23036962747573853,-1.7884544655680656,0.6636572517454624,-0.6878230385482311,-2.884772140532732,-11.518481373786926,-5.260160192847252,3.016623871570284,-4.913021703915937,0.30434783,0.76666667,0.48684211,0.71428571,0.91304348,0.83783784,0.39473684,11.0,86.60909201882102,14.363636363636363,1.0,0.09090909,107.9,3.0,0.27272727,2019-07-21,0
4,ATL,23,2019,MIL,H,26,1.0,0.0,1.3499993562701433,1.0,1.0,0.0,0.0,0.0,0.0,0.0,6.2,27.0,5.0,1.0,1.0,1.0,2.0,0.0,0.0,0.0,0.0,7.0,9.449995493891004,2.6999987125402867,6.749996781350717,3.5,0.0,0.0,8.0,7.0,3.0,0.0,0.0,0.0,0.0,0.25925926,0.07407407,0.18518519,4.116003860524135,1.3499993562701433,0.2,1.0499994993212227,0.23529411764705882,1.0,3.964009594917468,-2.6140102386473245,4.102677942255502,30.628160476297637,89.41182909798667,92.43356172876787,1.14285714,0.16666667,0.44444444,0.38888889,0.0,0.14285714,5.0,6.749996781350717,37.0,64.0,101.0,0.25491800904273987,-0.3231180012226105,0.5780360102653503,2.513700008392334,0.24535900354385376,1.0837700366973877,0.890313982963562,0.8700000047683716,0.43639999628067017,1.0,1.0,0.15036100149154663,0.08485311258339209,0.0,0.0,0.8019802,96.54320988,0.13861386,88.0,0.00990099,82.0,0.04950495,86.4,2.436253547668457,0.08521657437086105,0.05465850979089737,-1.028471827507019,3.0077204292203175,0.6086898169347218,5.465850979089737,-20.56943655014038,0.3,0.73170732,0.47524752,0.66666667,0.76666667,0.72916667,0.40594059,0.66666667,0.12871287,10.0,5.0,3.0,5.0,8.0,5.0,18.0,0.55555556,0.27777778,0.16666667,0.27777778,0.44444444,0.27777778,Brandon Woodruff,16162,3.8547350540163596,64.0,0.35643564,0.44554455,0.13861386,0.00990099,0.04950495,96.84444173177083,96.15555555555555,87.96428571428571,81.5,86.34000244140626,-5.148333231608073,-8.450444200303819,1.3285714558192663,2.0399999618530273,-8.95999984741211,8.430555555555555,6.343777804904514,0.29499997411455425,-4.090000152587891,4.05999984741211,1.2983571104705334,1.1378964968025684,0.08521657437086105,0.05465850979089737,-1.0284718163311481,3.606547529084815,2.5286588817834854,0.6086898169347218,5.465850979089737,-20.569436326622963,0.2745098,0.7,0.48514851,0.71428571,0.71428571,0.71428571,0.4950495,0.04950495,0.00990099,0.37623762,0.42574257,0.13861386,86.368701171875,81.48789978027344,96.9444580078125,96.12046920421511,87.96718052455357,-8.694763946533204,2.3141000270843506,-4.734652469032689,-8.415418757948764,2.020106451851981,2.8401540756225585,-5.292140007019043,7.5907440185546875,5.20375238462936,-0.8356165204729352,-1.0284718163311481,0.05465850979089737,1.25469608604908,1.181557521224022,0.08521657437086105,-20.569436326622963,5.465850979089737,3.3018318053923155,2.747808188893074,0.6086898169347218,0.26530612,0.69230769,0.48514851,0.69230769,0.72222222,0.71428571,0.51485149,18.0,76.58888753255208,19.166666666666668,0.0,0.0,105.2,3.0,0.16666667,2019-07-16,0
5,@CIN,23,2019,MIL,A,26,0.0,1.0,1.5,1.0,1.0,0.0,0.0,0.0,0.0,0.0,6.0,24.0,7.0,1.0,1.0,0.0,0.0,0.0,0.0,0.0,0.0,6.0,9.0,0.0,10.5,6.0,0.09090909,0.0,11.0,3.0,4.0,0.0,1.0,0.0,0.0,0.25,0.0,0.25,2.661617615851099,0.0,0.2916666666666667,1.1666666666666667,0.3888888888888889,0.85714286,1.2140099525451666,0.28599004745483336,2.2086139589548117,34.03130564549183,26.736308717436653,49.33042232370901,3.66666667,0.22222222,0.61111111,0.16666667,0.0,0.0,0.0,0.0,23.0,65.0,88.0,0.19847600162029266,-0.30663201212882996,0.5051079988479614,2.305999994277954,0.22088100016117096,0.9896500110626221,0.843267023563385,0.8700000047683716,0.7960000038146973,1.0,1.0,0.18876899778842926,0.011782711807554053,0.0,0.0,0.72727273,96.79365079,0.20454545,88.22222222,0.01136364,82.0,0.05681818,87.8,1.8808975219726562,0.21195267140865326,0.23270964622497559,-0.738161563873291,2.9389023780822754,1.177514841159185,23.27096462249756,-14.763231277465822,0.4,0.88372093,0.63636364,0.44444444,0.92105263,0.76785714,0.48863636,0.66666667,0.14772727,6.0,4.0,8.0,3.0,6.0,9.0,18.0,0.33333333,0.22222222,0.44444444,0.16666667,0.33333333,0.5,Brandon Woodruff,16162,1.9590707206826374,65.0,0.4137931,0.31034483,0.20689655,0.01149425,0.05747126,96.93610975477431,96.49629267939815,88.19999864366319,82.0999984741211,87.87999877929687,-5.14250013563368,-7.791111133716725,0.6650000148349338,1.2599999904632568,-8.437999725341797,8.147777981228298,6.075926038953993,1.1183332867092557,-1.159999966621399,4.565999984741211,-0.17313957959413528,2.1772762537002563,0.21195267513394356,0.23270964622497559,-0.7381615787744522,-0.4809432766503758,8.063986124815765,1.177514861855242,23.27096462249756,-14.763231575489044,0.375,0.87234043,0.64367816,0.33333333,0.92682927,0.76785714,0.54022989,0.05681818,0.01136364,0.44318182,0.27272727,0.20454545,87.846923828125,81.93190002441406,96.87073692908653,96.34987386067708,88.08886040581598,-8.145707702636718,1.9531099796295166,-4.70911857409355,-7.650002797444661,1.3998868730333116,3.2225040435791015,-2.665709972381592,7.156638120993589,4.819611231486003,-0.13027958075205484,-0.7381615787744522,0.23270964622497559,0.433132316917181,1.57100435718894,0.21195267513394356,-14.763231575489044,23.27096462249756,1.1105956844030282,6.5458514882872505,1.177514861855242,0.35897436,0.875,0.64367816,0.35714286,0.9047619,0.76785714,0.55172414,18.0,88.93889024522569,7.0,0.0,0.0,106.7,8.0,0.44444444,2019-07-04,0
6,PIT,23,2019,MIL,H,26,1.0,0.0,1.173912556725976,1.0,1.0,0.0,0.0,0.0,0.0,0.0,7.2,28.0,6.0,1.0,1.0,0.0,0.0,0.0,1.0,0.0,0.0,6.0,7.043475340355856,0.0,7.043475340355856,6.0,0.09090909,0.0,11.0,5.0,5.0,0.0,1.0,0.0,0.0,0.21428571,0.0,0.21428571,3.4656219123781566,0.0,0.2222222222222222,0.7826083711506507,0.2857142857142857,0.85714286,2.04009739581919,-0.8661848390932141,3.337406431479463,26.633184679348297,45.56375130661937,75.0183081246012,2.2,0.23809524,0.52380952,0.23809524,0.0,0.0,3.0,3.521737670177928,32.0,76.0,108.0,0.3661080002784729,-0.3233399987220764,0.6894479990005493,2.956700086593628,0.28859901428222656,1.1491800546646118,1.1540800333023071,0.8700000047683716,1.5230000019073486,1.0,1.0,0.29109299182891846,0.02748893864612928,0.0,0.0,0.62962963,96.82352941,0.12962963,87.92857143,0.01851852,81.5,0.22222222,87.0,2.0827252864837646,1.1057623624801636,0.006662242114543915,-0.986594021320343,3.062831303652595,7.898302589144025,0.33311210572719574,-4.1108084221680965,0.44776119,0.80487805,0.58333333,0.7,0.81818182,0.76190476,0.37962963,0.71428571,0.13888889,8.0,8.0,5.0,5.0,9.0,7.0,21.0,0.38095238,0.38095238,0.23809524,0.23809524,0.42857143,0.33333333,Brandon Woodruff,16162,2.733701665908626,77.0,0.30555556,0.32407407,0.12962963,0.01851852,0.22222222,96.76969401041667,96.73143136160714,87.88571602957589,81.44999694824219,86.9375,-5.915757612748579,-9.402571323939732,0.7221428326198033,0.809999942779541,-9.858333587646484,8.458788322679924,6.472571236746652,1.0614285469055176,0.039999961853027344,4.34499994913737,0.6767895296216011,1.4322919473052025,1.147926602512598,0.006662242114543915,-0.9865940250456333,2.0508773624897003,4.092262706586293,8.199475732232843,0.33311210572719574,-4.110808437690139,0.39285714,0.78846154,0.58333333,0.68181818,0.80487805,0.76190476,0.48148148,0.22222222,0.01851852,0.33333333,0.2962963,0.12962963,87.06781005859375,81.55075073242188,96.87514241536458,96.84396362304688,87.95551409040179,-9.715815226236979,1.335078477859497,-5.492416805691189,-9.388510704040527,1.4232284000941686,3.102503458658854,-1.2722055912017822,7.610433790418837,5.30007791519165,-0.11957298006330218,-0.9865940250456333,0.006662242114543915,0.41094107553362846,1.6981404013931751,1.147926602512598,-4.110808437690139,0.33311210572719574,1.1415029875934124,5.306688754353672,8.199475732232843,0.38888889,0.77777778,0.58333333,0.66666667,0.80952381,0.76190476,0.5,21.0,84.02380952380952,9.761904761904763,0.0,0.0,105.8,6.0,0.28571429,2019-06-29,0
7,CIN,23,2019,MIL,H,26,1.0,0.0,3.857142857142857,1.0,1.0,0.0,0.0,0.0,0.0,0.0,7.0,26.0,7.0,3.0,3.0,1.0,1.0,0.0,0.0,0.0,0.0,12.0,15.428571428571429,1.2857142857142858,9.0,12.0,0.0,0.0,6.0,2.0,5.0,0.0,0.0,0.0,0.0,0.46153846,0.03846154,0.42307692,1.859984248157879,1.2857142857142858,0.28,1.1428571428571428,0.5,0.75757576,2.0711528096880234,1.7859900474548338,0.7823550990649633,87.50907165983615,46.27153838952365,16.87310567150126,3.0,0.38461538,0.46153846,0.15384615,0.0,0.5,7.0,9.0,32.0,71.0,103.0,0.20695999264717102,-0.16329799592494965,0.37025800347328186,0.7587000131607056,0.07405559718608856,0.593267023563385,0.6564859747886658,0.8700000047683716,0.5296000242233276,1.0,1.0,0.1293729990720749,0.21947496386389181,0.0,0.0,0.7184466,96.45945946,0.15533981,87.3125,,,0.12621359,87.07692308,2.3979456424713135,-0.21565906703472137,,-0.6575844883918762,3.2404670844206938,-1.3478691689670086,,-5.058342218399048,0.38181818,0.72916667,0.54368932,0.57142857,0.85714286,0.75,0.46601942,0.57692308,0.13592233,3.0,7.0,3.0,1.0,8.0,4.0,13.0,0.23076923,0.53846154,0.23076923,0.07692308,0.61538462,0.30769231,Brandon Woodruff,16162,3.462863278305521,63.0,0.3592233,0.3592233,0.15533981,,0.12621359,96.8108108108108,96.02973236908784,87.3062515258789,,87.0,-5.222972972972973,-8.578378213418496,0.8968749642372131,,-8.829230675330528,7.903783849767737,6.4305403425886825,-0.2993749976158142,,3.9669230534480167,1.3705694675445557,1.0695404298603535,-0.21565906330943108,,-0.6575844772160053,3.7042418041744747,2.8906498104333878,-1.3478691456839442,,-5.058342132430811,0.375,0.69090909,0.54368932,0.66666667,0.78947368,0.75,0.53398058,0.12621359,,0.40776699,0.31067961,0.15533981,87.04201096754808,,96.83585030691964,95.916015625,87.26818084716797,-8.490224984975962,,-4.824874151320684,-8.455205917358398,1.6780425310134888,2.658358647273137,,6.931918189639137,5.109383583068848,-1.6548985242843628,-0.6575844772160053,,1.8989084251224995,0.5412014722824097,-0.21565906330943108,-5.058342132430811,,4.521210536005952,1.6912546008825302,-1.3478691456839442,0.35416667,0.70909091,0.54368932,0.64705882,0.79487179,0.75,0.53398058,13.0,87.07692307692308,10.538461538461538,0.0,0.0,113.3,5.0,0.38461538,2019-06-23,0
8,@SDP,23,2019,MIL,A,26,0.0,1.0,6.0,1.0,1.0,0.0,0.0,0.0,0.0,0.0,6.0,27.0,7.0,4.0,4.0,1.0,1.0,0.0,0.0,0.0,0.0,6.0,9.0,1.5,10.5,6.0,0.0,0.0,7.0,7.0,6.0,0.0,0.0,0.0,0.0,0.22222222,0.03703704,0.18518518,4.177530721693682,1.5,0.2692307692307692,1.3333333333333333,0.3157894736842105,0.60606061,3.880676619211833,2.119323380788167,4.034752634167672,136.1252225819673,87.51257880837396,90.88778817018976,1.0,0.3,0.35,0.35,0.0,0.14285714,0.0,0.0,24.0,66.0,90.0,-0.10022799670696259,-0.541923999786377,0.4416959881782532,-1.0240000486373901,-0.10567600280046463,1.141029953956604,0.9193329811096191,0.8700000047683716,0.10840000212192535,1.0,1.0,0.0045592300593853,-0.09239916481255699,0.0,0.0,0.63333333,96.85964912,0.14444444,88.92307692,0.02222222,80.0,0.2,87.27777778,-1.1772562265396118,0.260503351688385,0.006662242114543915,0.5605793595314026,-2.0653618009466874,2.0038719360645,0.33311210572719574,3.1143297751744585,0.46938776,0.63414634,0.54444444,0.69565217,0.92307692,0.81632653,0.45555556,0.7037037,0.1,5.0,10.0,5.0,4.0,8.0,8.0,20.0,0.25,0.5,0.25,0.2,0.4,0.4,Brandon Woodruff,16162,5.250366407301437,48.0,0.27777778,0.35555556,0.14444444,0.02222222,0.2,96.84400390625,96.70625305175781,88.8000018780048,79.80000305175781,87.14999728732639,-6.2047998046875,-9.540312767028809,0.24000000953674316,0.6200000047683716,-10.723333570692274,9.344000244140625,7.434687614440918,1.104615358205942,0.07999999821186066,4.826111263699001,0.4503825083374977,-1.6476055532693863,0.3026675470173359,0.006662242114543915,0.5605793856084347,1.801530033349991,-5.148767353966832,2.328211900133353,0.33311210572719574,3.1143299200468593,0.425,0.64,0.54444444,0.58823529,0.9375,0.81632653,0.55555556,0.2,0.02222222,0.43333333,0.2,0.14444444,87.18081325954861,79.77230072021484,96.85367212540064,96.64185248480902,88.7481219951923,-10.488611857096354,1.0680999755859375,-6.2856914813701925,-10.393313937717014,0.9365251247699444,3.262637668185764,-1.337244987487793,7.737407977764423,5.591300116644965,-0.3424346997187688,0.5605793856084347,0.006662242114543915,-1.0527010262012482,-0.1445220187306404,0.3026675470173359,3.1143299200468593,0.33311210572719574,-2.699233400516021,-0.8029001040591134,2.328211900133353,0.425,0.64,0.54444444,0.58823529,0.9375,0.81632653,0.55555556,20.0,84.25999755859375,8.05,2.0,0.1,108.7,6.0,0.3,2019-06-18,0
9,@HOU,23,2019,MIL,A,26,0.0,0.0,3.857142857142857,1.0,1.0,0.0,0.0,0.0,0.0,0.0,7.0,27.0,4.0,3.0,3.0,0.0,3.0,0.0,0.0,0.0,0.0,6.0,7.714285714285714,3.857142857142857,5.142857142857143,2.0,0.0,0.0,9.0,5.0,4.0,0.0,0.0,0.0,0.0,0.22222222,0.11111111,0.11111111,4.825135610920595,0.0,0.16666666666666666,1.0,0.2222222222222222,0.57142857,2.785438523973738,1.0717043331691194,4.2063013902732305,87.50907165983615,62.55089644959615,94.7917164505305,1.8,0.22222222,0.5,0.27777778,0.0,0.0,3.0,3.857142857142857,35.0,64.0,99.0,0.02175999991595745,-0.5117999911308289,0.5335599780082703,0.6190000176429749,0.06205509975552559,0.9635189771652222,1.0395699739456177,0.9200000166893005,1.812999963760376,1.0,1.0,0.20738700032234192,-0.1848031172524124,0.0,0.0,0.66666667,97.01515152,0.13131313,87.84615385,0.02020202,82.0,0.18181818,87.66666667,2.1359963417053223,0.06741420179605484,0.006662242114543915,0.4465095102787018,3.236358093492912,0.5185707830465758,0.33311210572719574,2.480608390437232,0.36666667,0.53846154,0.43434343,0.72727273,1.0,0.86046512,0.39393939,0.66666667,0.06060606,6.0,7.0,5.0,3.0,11.0,4.0,18.0,0.33333333,0.38888889,0.27777778,0.16666667,0.61111111,0.22222222,Brandon Woodruff,16162,3.3086328820615623,65.0,0.31313131,0.35353535,0.13131313,0.02020202,0.18181818,97.36773878528226,96.51999860491071,87.8000018780048,81.5,87.67777506510417,-6.196451494770665,-9.804000418526785,1.1438461450430064,0.8450000286102295,-10.353333367241753,9.473871046496976,7.142857142857143,1.5353846916785607,0.3700000047683716,5.258888668484158,1.5544385202229023,0.6237220838665962,0.05160624533891678,0.006662242114543915,0.48867372050881386,5.014317807170652,1.7820630967617035,0.3969711179916675,0.33311210572719574,2.7148540028267436,0.3,0.57142857,0.43434343,0.66666667,0.96428571,0.86046512,0.49494949,0.18181818,0.02020202,0.33333333,0.33333333,0.13131313,87.85542127821181,81.6052474975586,97.5655850497159,96.586669921875,87.91794996995192,-9.861695183648003,1.399454951286316,-5.663486827503551,-9.641591389973959,2.0043192643385668,3.718930138481988,-1.0839024782180786,8.324985388553504,5.833361538973722,0.15765091089101937,0.48867372050881386,0.006662242114543915,1.7873438484966755,0.39081675559282303,0.05160624533891678,2.7148540028267436,0.33311210572719574,5.416193480292955,1.1842931987661305,0.3969711179916675,0.3,0.57142857,0.43434343,0.66666667,0.96428571,0.86046512,0.49494949,18.0,81.21111382378473,10.5,0.0,0.0,91.0,0.0,0.0,2019-06-12,0
10,PIT,23,2019,MIL,H,26,1.0,0.0,4.5,1.0,1.0,0.0,0.0,0.0,0.0,0.0,6.0,22.0,4.0,3.0,3.0,1.0,1.0,0.0,0.0,0.0,0.0,10.0,15.0,1.5,6.0,10.0,0.0,0.0,6.0,3.0,2.0,1.0,0.0,0.0,0.0,0.45454545,0.04545455,0.4090909,1.9933776584284626,1.5,0.19047619047619047,0.8333333333333334,0.3,0.55555556,2.5473432858785,1.9526567141214999,1.3752806256214785,102.09391693647551,57.12444376290531,30.366288506563976,2.0,0.18181818,0.54545455,0.27272727,0.33333333,0.33333333,7.0,10.5,34.0,65.0,99.0,0.07019200176000595,-0.4333040118217468,0.503495991230011,0.22169999778270721,0.02163979969918728,1.0371500253677368,1.0277299880981445,0.8700000047683716,0.6295999884605408,1.0,1.0,0.15477100014686584,-0.08709322929098764,0.0,0.0,0.70707071,96.8,0.14141414,88.28571429,,,0.15151515,87.33333333,2.582587957382202,-1.4645607471466064,,-0.5299556255340576,3.68941136768886,-10.461148193904332,,-3.5330375035603843,0.3,0.84615385,0.51515152,0.55555556,0.90909091,0.78431373,0.39393939,0.59090909,0.11111111,5.0,4.0,2.0,4.0,3.0,4.0,11.0,0.45454545,0.36363636,0.18181818,0.36363636,0.27272727,0.36363636,Brandon Woodruff,16162,2.34309330032534,61.0,0.36363636,0.34343434,0.14141414,,0.15151515,97.11111111111111,96.39411477481617,88.12857491629464,,87.22666829427084,-5.9386109246148004,-9.267941643210019,0.9664285523550851,,-10.021333821614583,8.641111585828993,6.546764598173254,0.6814285687037877,,5.049333190917968,1.371196012943983,1.1955838911235332,-1.4645607508718967,,-0.5299556106328964,3.8088778137332864,3.5164232091868626,-10.461148220513548,,-3.5330374042193093,0.1875,0.82352941,0.51515152,0.55555556,0.83333333,0.78431373,0.51515152,0.15151515,,0.37373737,0.33333333,0.14141414,87.339404296875,,97.23239548141892,96.42933978456439,88.16476004464286,-9.730800374348958,,-5.4353971739073055,-9.02625898881392,1.6653502328055245,3.7609400431315105,,7.590418635187922,5.369749589399858,-0.558875560760498,-0.5299556106328964,,1.2819620184600353,1.284817885607481,-1.4645607508718967,-3.5330374042193093,,3.4647622120541497,3.893387532143882,-10.461148220513548,0.18,0.85714286,0.51515152,0.55555556,0.83333333,0.78431373,0.49494949,11.0,86.0,3.090909090909091,1.0,0.09090909,103.0,2.0,0.18181818,2019-06-07,0
11,@PIT,23,2019,MIL,A,26,0.0,0.0,13.5,1.0,1.0,0.0,0.0,0.0,0.0,0.0,4.0,25.0,10.0,6.0,6.0,0.0,2.0,0.0,1.0,0.0,0.0,5.0,11.25,4.5,22.5,2.5,0.0,0.0,8.0,5.0,4.0,0.0,0.0,0.0,0.0,0.2,0.08,0.12,4.724574334886933,0.0,0.45454545454545453,3.0,0.5882352941176471,0.53846154,2.964009952545166,10.535990047454835,5.450519968569279,306.28175080942646,66.62073596461427,123.10634959043152,1.6,0.23529412,0.47058824,0.29411765,0.0,0.0,5.0,11.25,29.0,63.0,92.0,-0.3800700008869171,-0.7064080238342285,0.326337993144989,-3.9619998931884766,-0.40202900767326355,1.1883000135421753,0.9553999900817871,0.9100000262260437,2.263200044631958,1.0,1.0,-0.1883240044116974,-0.13151946655989294,0.0,0.0,0.56521739,96.32692308,0.19565217,88.27777778,0.01086957,83.0,0.22826087,87.38095238,-0.3224148154258728,-1.3499906063079834,-0.03891072794795036,-0.7937513589859009,-0.6200284912036016,-7.49994781282213,-3.8910727947950363,-3.779768376123337,0.39622642,0.92307692,0.61956522,0.71428571,0.88888889,0.8245614,0.42391304,0.52,0.10869565,5.0,5.0,7.0,2.0,7.0,8.0,17.0,0.29411765,0.29411765,0.41176471,0.11764706,0.41176471,0.47058824,Brandon Woodruff,16162,3.7611684738009576,27.0,0.30434783,0.26086957,0.19565217,0.01086957,0.22826087,96.625,95.87917073567708,88.16111246744792,82.69999694824219,87.21904645647321,-4.787500108991351,-7.854166666666667,1.432222260369195,0.36000001430511475,-8.210000174386161,8.031071254185267,5.943749745686849,0.7677777608235677,0.07999999821186066,4.702857244582403,-0.15386684611439705,-0.14219173416495323,-1.349990602582693,-0.03891072794795036,-0.7937513776123524,-0.5495244504085609,-0.5924655590206385,-7.499947792126073,-3.8910727947950363,-3.7797684648207257,0.34782609,0.89130435,0.61956522,0.625,0.90243902,0.8245614,0.5,0.22826087,0.01086957,0.27173913,0.29347826,0.19565217,87.31011090959821,82.7125015258789,96.754892578125,95.99121997974537,88.20013427734375,-7.990429832821801,0.5530009865760803,-4.091440124511719,-7.55686781141493,2.0243424309624567,3.492033458891369,-1.0156899690628052,7.2078369140625,5.15845630787037,-0.3637118339538574,-0.7937513776123524,-0.03891072794795036,0.557360477745533,-0.8534190580248833,-1.349990602582693,-3.7797684648207257,-3.8910727947950363,2.229441910982132,-3.160811326018086,-7.499947792126073,0.34782609,0.89130435,0.61956522,0.625,0.90243902,0.8245614,0.5,17.0,88.688232421875,13.176470588235293,1.0,0.05882353,108.5,4.0,0.23529412,2019-06-01,0
12,PHI,23,2019,MIL,H,26,1.0,0.0,1.125,1.0,1.0,0.0,0.0,0.0,0.0,0.0,8.0,25.0,1.0,1.0,1.0,1.0,0.0,0.0,0.0,0.0,0.0,10.0,11.25,0.0,1.125,10.0,0.0,0.0,6.0,9.0,0.0,1.0,0.0,0.0,0.0,0.4,0.0,0.4,2.2079039348869327,1.125,0.04,0.125,0.0,1.0,2.339009952545166,-1.2140099525451662,2.9518689669668676,25.523479234118874,52.37629766205083,66.24464724235362,0.66666667,0.0,0.4,0.6,0.11111111,0.11111111,9.0,10.125,24.0,73.0,97.0,0.29058000445365906,-0.012753999792039394,0.30333399772644043,3.2957000732421875,0.32168900966644287,0.47468799352645874,0.6748999953269958,0.8700000047683716,0.016599999740719795,1.0,1.0,0.5572440028190613,0.05490546886851866,0.0,0.0,0.63917526,96.20967742,0.19587629,88.15789474,0.01030928,83.0,0.15463918,86.73333333,3.9372639656066895,1.5648713111877441,-0.03891072794795036,-0.44381263852119446,6.350425750978532,8.236164795724969,-3.8910727947950363,-2.95875092347463,0.36,0.63829787,0.49484536,0.77777778,0.7,0.72916667,0.48453608,0.68,0.13402062,5.0,6.0,4.0,3.0,9.0,3.0,15.0,0.33333333,0.4,0.26666667,0.2,0.6,0.2,Brandon Woodruff,16162,0.7461926085683056,87.0,0.43298969,0.20618557,0.19587629,,0.16494845,96.44047619047619,95.64000244140625,88.1842105263158,,86.42500305175781,-5.794523693266369,-9.416000366210938,0.9315789875231291,,-8.882499694824219,8.674523489815849,7.059500122070313,1.4278946926719265,,4.945000171661377,2.731984745711088,1.2052792310714722,1.5648712627589703,,-0.44055914878845215,6.504725585026401,6.026396155357361,8.236164540836684,,-2.753494679927826,0.30769231,0.62068966,0.49484536,0.66666667,0.75,0.72916667,0.59793814,0.15463918,,0.45360825,0.18556701,0.20618557,86.81857096354166,,96.49695933948864,95.82994927300348,87.99569091796874,-8.887328084309896,,-5.375602375377309,-9.37520005967882,1.4211668014526366,3.891285705566406,,7.637957486239347,5.828037261962891,0.28053333759307864,-0.4016484208405018,,2.836870424449444,1.1003935523331165,1.52596053481102,-2.6776561389366784,,6.447432782839645,6.113297512961759,7.6298026740551,0.32432432,0.6,0.49484536,0.66666667,0.75,0.72916667,0.6185567,15.0,86.16000162760416,18.266666666666666,1.0,0.06666667,106.4,4.0,0.26666667,2019-05-26,0
13,@ATL,23,2019,MIL,A,26,0.0,0.0,2.25,1.0,1.0,0.0,0.0,0.0,0.0,0.0,8.0,28.0,5.0,2.0,2.0,2.0,0.0,0.0,0.0,0.0,0.0,6.0,6.75,0.0,5.625,6.0,0.0,0.0,10.0,9.0,3.0,0.0,0.0,0.0,0.0,0.21428571,0.0,0.21428571,3.898364242490453,2.25,0.17857142857142858,0.625,0.15,1.0,4.964009952545166,-2.714009952545166,3.9518689669668676,51.04695846823775,112.20293853281724,89.00160782292765,1.11111111,0.13636364,0.45454545,0.40909091,0.0,0.22222222,2.0,2.25,28.0,65.0,93.0,0.2727360129356384,-0.42670801281929016,0.6994439959526062,2.303999900817871,0.22456100583076477,1.1207900047302246,1.3170499801635742,0.9200000166893005,2.2939999103546143,1.0,1.0,0.2950870096683502,-0.051744356910408934,0.0,0.0,0.5483871,96.29411765,0.20430108,88.21052632,0.04301075,81.75,0.20430108,86.15789474,2.3121330738067627,-0.04193113371729851,0.2849448621273041,-0.10406385362148285,4.5335942623662016,-0.22069017745946581,7.123621553182602,-0.5477044927446465,0.41818182,0.78947368,0.56989247,0.43478261,0.83333333,0.66037736,0.40860215,0.53571429,0.19354839,8.0,9.0,5.0,7.0,9.0,6.0,22.0,0.36363636,0.40909091,0.22727273,0.31818182,0.40909091,0.27272727,Brandon Woodruff,16162,4.685225958198697,66.0,0.35483871,0.19354839,0.20430108,0.04301075,0.20430108,96.36666962594697,96.14999728732639,88.24210397820724,81.57499694824219,86.0421078330592,-4.42242431640625,-7.666666666666667,1.4710526717336554,1.4249999523162842,-8.539999710886102,8.201211640329072,5.721666547987196,0.8136842125340512,-0.32499998807907104,4.357368469238281,1.3143055252730846,0.9978276155889034,-0.04193113371729851,0.2849448584020138,-0.10406385734677315,3.982744015979044,5.543486753271686,-0.22069017745946581,7.1236214600503445,-0.5477045123514377,0.34883721,0.76,0.56989247,0.2,0.84210526,0.66037736,0.53763441,0.20430108,0.04301075,0.35483871,0.19354839,0.20430108,86.10356702302632,81.5595474243164,96.41965553977273,96.18950059678819,88.22871479235198,-8.25347900390625,1.9740852117538452,-3.9319938890861743,-7.482875400119358,2.144698895906147,3.188432994641756,-1.7844817638397217,7.30982138893821,4.793574863009983,-0.35073174928364,-0.10406385734677315,0.2849448584020138,1.3143055252730846,0.9978276155889034,-0.04193113371729851,-0.5477045123514377,7.1236214600503445,3.982744015979044,5.543486753271686,-0.22069017745946581,0.34883721,0.76,0.56989247,0.2,0.84210526,0.66037736,0.53763441,22.0,83.06818181818181,15.954545454545455,1.0,0.04545455,110.0,8.0,0.36363636,2019-05-19,0
14,@PHI,23,2019,MIL,A,26,1.0,0.0,0.0,1.0,1.0,0.0,0.0,0.0,0.0,0.0,6.0,23.0,1.0,0.0,0.0,0.0,5.0,0.0,0.0,0.0,0.0,5.0,7.5,7.5,1.5,1.0,0.2,0.0,5.0,3.0,4.0,0.0,1.0,1.0,0.0,0.2173913,0.2173913,0.0,6.741275338365117,0.0,0.05555555555555555,1.0,0.07692307692307693,1.0,4.0473432858785,-4.0473432858785,5.041947292288145,0.0,91.31109568905754,113.80847730200212,1.66666667,0.33333333,0.41666667,0.25,0.0,0.0,5.0,7.5,36.0,58.0,94.0,0.21522800624370575,-0.1648779958486557,0.38010600209236145,3.180000066757202,0.3131459951400757,0.8486829996109009,0.6691669821739197,0.8700000047683716,0.44780001044273376,1.0,1.0,0.23214499652385712,0.02145735717284969,0.0,0.0,0.57446809,96.18518519,0.26595745,88.36,0.0212766,80.0,0.13829787,87.69230769,3.0829925537109375,-0.5281102061271667,0.09114594012498856,0.24850979447364807,5.70924546983507,-2.112440824508667,4.557297006249428,1.9116138036434467,0.22,0.59090909,0.39361702,0.90909091,0.88461538,0.89189189,0.46808511,0.60869565,0.04255319,5.0,4.0,4.0,4.0,7.0,2.0,13.0,0.38461538,0.30769231,0.30769231,0.30769231,0.53846154,0.15384615,Brandon Woodruff,16162,5.9812510323684505,69.0,0.29787234,0.27659574,0.26595745,0.0212766,0.13829787,96.33928571428571,96.0076904296875,88.37599609375,79.75,87.66153658353366,-6.492500305175781,-9.411153940054087,1.5760000610351563,0.8399999737739563,-10.21692364032452,9.487857273646764,7.694615290715144,2.07,0.800000011920929,5.987692612868089,1.4071050621569157,1.8023801930248737,-0.48594601824879646,0.09114594012498856,0.24850980192422867,5.025375221988985,6.9322315116341295,-1.9437840729951856,4.557297006249428,1.9116138609556053,0.14634146,0.58490566,0.39361702,1.0,0.87096774,0.89189189,0.56382979,0.13829787,0.0212766,0.35106383,0.22340426,0.26595745,87.92389385516827,79.88389587402344,96.64376923532197,96.11042131696429,88.57650390625,-9.905038686899038,1.2560019493103027,-6.2357635498046875,-9.435791742234002,2.1717465209960936,4.425582005427434,-0.4707980155944824,8.209537390506629,6.187795003255208,0.8716337585449219,0.24850980192422867,0.09114594012498856,1.636382818222046,1.5731024369597435,-0.48594601824879646,1.9116138609556053,4.557297006249428,4.958735812794079,7.490963985522588,-1.9437840729951856,0.14634146,0.58490566,0.39361702,1.0,0.87096774,0.89189189,0.56382979,13.0,83.64999898274739,9.75,0.0,0.0,104.2,2.0,0.15384615,2019-05-14,0
15,WSN,23,2019,MIL,H,26,1.0,0.0,1.5,1.0,1.0,0.0,0.0,0.0,0.0,0.0,6.0,22.0,4.0,1.0,1.0,0.0,0.0,0.0,0.0,0.0,0.0,9.0,13.5,0.0,6.0,9.0,0.0,0.0,4.0,6.0,3.0,0.0,0.0,0.0,0.0,0.40909091,0.0,0.40909091,2.092790802204329,0.0,0.18181818181818182,0.6666666666666666,0.3076923076923077,0.75,0.21400995254516664,1.2859900474548334,2.203217965364457,34.03130564549183,3.94520743333516,49.207625910280264,0.66666667,0.23076923,0.30769231,0.46153846,0.0,0.0,7.0,10.5,35.0,68.0,103.0,0.14372999966144562,-0.06620600074529648,0.2099359929561615,2.2216999530792236,0.21685700118541718,0.4317820072174072,0.46813300251960754,0.8700000047683716,0.2264000028371811,1.0,1.0,0.29317599534988403,0.03970031088553516,0.0,0.0,0.63106796,96.06153846,0.2038835,88.66666667,0.01941748,80.0,0.14563107,87.73333333,1.6849467754364014,0.9112504124641418,0.006662242114543915,0.39331963658332825,2.5922258083636947,4.339287678400675,0.33311210572719574,2.6221309105555215,0.30612245,0.74074074,0.53398058,0.46666667,0.825,0.72727273,0.52427184,0.72727273,0.14563107,4.0,5.0,4.0,1.0,7.0,5.0,13.0,0.30769231,0.38461538,0.30769231,0.07692308,0.53846154,0.38461538,Brandon Woodruff,16162,0.6867223630866894,74.0,0.52427184,0.10679612,0.2038835,0.01941748,0.14563107,96.12407769097223,95.38181374289773,88.5999988374256,79.80000305175781,87.6933349609375,-5.3657407407407405,-8.871817848899148,1.7490475972493489,2.1600000858306885,-9.25,8.851296318901909,7.238182067871094,1.4223809923444475,-0.26999998092651367,5.141333516438802,1.4624358788132668,0.30683933570981026,0.9112504236400127,0.006662242114543915,0.39331964775919914,2.7082145903949386,2.7894485064528207,4.339287731619108,0.33311210572719574,2.6221309850613275,0.25641026,0.703125,0.53398058,0.4,0.8,0.72727273,0.62135922,0.14563107,0.01941748,0.52427184,0.10679612,0.2038835,87.88509114583333,79.91349792480469,96.29024703414352,95.51844371448864,88.71666317894345,-8.978701782226562,2.647200107574463,-4.835089224356192,-8.653709411621094,2.4764676775251115,3.6745399475097655,-1.4322149753570557,7.800454598885995,6.067982760342685,0.07532314459482829,0.39331964775919914,0.006662242114543915,1.4624358788132668,0.30683933570981026,0.9112504236400127,2.6221309850613275,0.33311210572719574,2.7082145903949386,2.7894485064528207,4.339287731619108,0.25641026,0.703125,0.53398058,0.4,0.8,0.72727273,0.62135922,13.0,85.60769418569711,22.0,0.0,0.0,105.5,3.0,0.23076923,2019-05-08,0
16,NYM,23,2019,MIL,H,26,1.0,0.0,1.8,1.0,1.0,0.0,0.0,0.0,0.0,0.0,5.0,21.0,6.0,1.0,1.0,0.0,2.0,0.0,0.0,0.0,0.0,7.0,12.6,3.6,10.8,3.5,0.28571429,0.0,7.0,3.0,2.0,0.0,2.0,0.0,0.0,0.33333333,0.0952381,0.23809523,3.4143991563319,0.0,0.3157894736842105,1.6,0.5,0.875,1.614009952545166,0.18599004745483394,2.80753476023674,40.837566774590194,35.85274923107725,62.96003938936768,2.33333333,0.16666667,0.58333333,0.25,0.0,0.0,3.0,5.4,33.0,61.0,94.0,0.19013799726963043,-0.30082398653030396,0.4909619987010956,1.6847000122070312,0.16444100439548492,1.0967199802398682,1.0119999647140503,0.8700000047683716,1.2431999444961548,1.0,1.0,0.07767649739980698,0.09569318738339955,0.0,0.0,0.56382979,95.67924528,0.21276596,88.4,0.05319149,82.6,0.17021277,87.25,0.24032211303710938,0.11164423078298569,-0.2085990607738495,0.5177901387214661,0.4534379491266215,0.5582211539149284,-4.17198121547699,3.236188367009163,0.30612245,0.75555556,0.5212766,0.4,0.91176471,0.75510204,0.4787234,0.57142857,0.12765957,3.0,4.0,5.0,3.0,3.0,6.0,12.0,0.25,0.33333333,0.41666667,0.25,0.25,0.5,Brandon Woodruff,16162,1.7271775000297036,58.0,0.38297872,0.18085106,0.22340426,0.04255319,0.17021277,95.74721950954861,95.4058837890625,88.16190592447917,81.7249984741211,87.28125,-5.976666768391927,-9.143529555376839,1.362857182820638,1.097499966621399,-9.12125015258789,8.830555386013454,6.2447060977711395,1.79000000726609,-2.4075000286102295,5.834374904632568,-0.6934057585895061,0.5988529175519943,0.06908340752124786,-0.17877387627959251,0.5177901163697243,-1.9261271071930726,3.522664220894084,0.3289686072440374,-4.469346906989813,3.2361882273107767,0.26829268,0.71698113,0.5212766,0.27272727,0.89473684,0.75510204,0.56382979,0.17021277,0.05319149,0.39361702,0.17021277,0.21276596,87.51521301269531,82.42166137695312,95.9208984375,95.58749389648438,88.49013671875,-8.789580345153809,0.8662749290466308,-5.504799507759713,-9.083720207214355,2.1865942001342775,4.539114952087402,-3.2761539459228515,7.710308178051098,5.019893646240234,0.6589192390441895,0.5177901163697243,-0.20859906449913979,-0.6478327885270119,0.5532799474895,0.09890859574079514,3.2361882273107767,-4.171981289982796,-1.7508994284513837,3.4579996718093753,0.4945429787039757,0.26190476,0.73076923,0.5212766,0.27272727,0.89473684,0.75510204,0.55319149,12.0,84.89999898274739,-5.5,0.0,0.0,99.7,4.0,0.33333333,2019-05-03,0
17,@NYM,23,2019,MIL,A,26,1.0,0.0,1.8,1.0,1.0,0.0,0.0,0.0,0.0,0.0,5.0,21.0,6.0,1.0,1.0,0.0,1.0,0.0,1.0,1.0,0.0,6.0,10.8,1.8,10.8,6.0,0.0,0.0,6.0,3.0,4.0,0.0,0.0,0.0,0.0,0.28571429,0.04761905,0.23809524,3.3923174205878164,0.0,0.3157894736842105,1.4,0.46153846153846156,0.875,2.014009952545166,-0.21400995254516597,3.20753476023674,40.837566774590194,44.969189744717845,72.06282362159729,2.0,0.30769231,0.46153846,0.23076923,0.0,0.0,6.0,10.8,29.0,58.0,87.0,0.13493399322032928,-0.33034399151802063,0.4652779996395111,1.3300000429153442,0.1432420015335083,1.2812700271606445,0.8518800139427185,0.9261999726295471,0.4465999901294708,1.0,1.0,0.039059799164533615,0.06625289086954878,0.0,0.0,0.57471264,96.26,0.25287356,88.72727273,0.02298851,82.0,0.14942529,87.69230769,0.34735551476478577,0.8997595906257629,0.015747781842947006,-0.4239703118801117,0.6947110295295715,4.089816321026196,0.7873890921473503,-3.2613100913854747,0.33333333,0.72222222,0.49425287,0.58823529,0.84615385,0.74418605,0.4137931,0.76190476,0.12643678,2.0,7.0,4.0,1.0,11.0,1.0,13.0,0.15384615,0.53846154,0.30769231,0.07692308,0.84615385,0.07692308,Brandon Woodruff,16162,3.325791376386936,59.0,0.42528736,0.14942529,0.25287356,0.02298851,0.14942529,96.45945945945945,95.90769606370192,88.78181596235795,82.4000015258789,87.66922701322116,-5.862432531408362,-10.98153803898738,1.2477273074063389,0.6349999904632568,-11.63846177321214,9.903242781355575,7.758461585411658,1.8618181402033025,-2.7799999713897705,5.5730766883263225,0.06899873912334442,-0.05651817098259926,0.9840880036354065,0.015747781842947006,-0.423970315605402,0.1864830787117417,-0.4347551614046097,4.473127289251848,0.7873890921473503,-3.2613101200415535,0.29268293,0.67391304,0.49425287,0.58333333,0.80645161,0.74418605,0.52873563,0.14942529,0.02298851,0.42528736,0.14942529,0.25287356,87.83101712740384,82.44664764404297,96.60152950802365,96.06759878305289,88.85910866477273,-11.523841271033653,0.8821263909339905,-5.2349564835831925,-10.724612896259014,1.977356650612571,4.047144669752854,-4.03724479675293,8.734514391100085,6.341637244591346,0.3882166255604137,-0.423970315605402,0.015747781842947006,0.06899873912334442,-0.05651817098259926,0.9840880036354065,-3.2613101200415535,0.7873890921473503,0.1864830787117417,-0.4347551614046097,4.473127289251848,0.29268293,0.67391304,0.49425287,0.58333333,0.80645161,0.74418605,0.52873563,13.0,91.14615572415866,9.692307692307692,0.0,0.0,106.9,6.0,0.46153846,2019-04-27,0
18,LAD,23,2019,MIL,H,26,0.0,0.0,7.94117201571071,1.0,1.0,0.0,0.0,0.0,0.0,0.0,5.2,27.0,7.0,5.0,5.0,2.0,3.0,0.0,0.0,0.0,0.0,6.0,9.529406418852851,4.7647032094264254,11.117640821994993,2.0,0.0,0.0,9.0,6.0,3.0,0.0,0.0,0.0,0.0,0.22222222,0.11111111,0.11111111,4.8963537243602655,3.176468806284284,0.2916666666666667,1.7647048923801576,0.3125,0.69444444,7.2728312050195285,0.6683408106911815,4.790817552141527,180.16563470005173,164.8235175448465,108.09352770487573,1.5,0.16666667,0.5,0.33333333,0.0,0.33333333,2.0,3.176468806284284,35.0,64.0,99.0,-0.23426799476146698,-0.45684999227523804,0.22258199751377106,-1.8912999629974365,-0.18460699915885925,0.6140000224113464,0.5059000253677368,0.8700000047683716,0.23980000615119934,1.0,1.0,-0.21559900045394897,-0.16594495102903684,0.0,0.0,0.55555556,94.87272727,0.29292929,88.34482759,0.02020202,81.0,0.13131313,85.69230769,-1.3117072582244873,0.9559866189956665,-1.336832880973816,-0.5445762276649475,-2.384922287680886,3.296505582743678,-66.8416440486908,-4.189047905114981,0.31034483,0.68292683,0.46464646,0.77777778,0.82142857,0.80434783,0.41414141,0.66666667,0.09090909,5.0,9.0,4.0,4.0,8.0,6.0,18.0,0.27777778,0.5,0.22222222,0.22222222,0.44444444,0.33333333,Brandon Woodruff,16162,6.897048168851841,33.0,0.39393939,0.16161616,0.29292929,0.02020202,0.13131313,94.93077048277243,94.5062484741211,88.2827569369612,80.6500015258789,85.72307880108173,-4.496666541466346,-8.619999885559082,2.0427586785678207,1.4249999523162842,-8.798461327185997,9.203589806189903,5.860000133514404,1.4717241484543373,-1.8399999141693115,3.7676922724797177,-0.5050504580140114,-0.8066567778587341,0.9559865929186344,-1.336832907050848,-0.544576246291399,-1.2950011743949008,-5.041604861617088,3.2965054928228774,-66.8416453525424,-4.189048048395376,0.26530612,0.66,0.46464646,0.76923077,0.81818182,0.80434783,0.50505051,0.13131313,0.01010101,0.4040404,0.16161616,0.29292929,85.79859337439903,80.74130249023438,94.61411743164062,94.54952239990234,88.30109273976294,-8.59181624192458,2.052839994430542,-3.855680465698242,-8.515741348266602,2.7392486046100486,2.386243086594802,-3.703119993209839,7.908386993408203,4.640401840209961,0.20736806146029768,-0.544576246291399,-1.3824058771133423,-0.4594774879515171,-0.8066567778587341,0.9559865929186344,-4.189048048395376,-138.24058771133423,-1.1486937198787928,-5.041604861617088,3.2965054928228774,0.26530612,0.66,0.46464646,0.76923077,0.81818182,0.80434783,0.50505051,18.0,87.02222357855902,11.777777777777779,2.0,0.11111111,109.6,7.0,0.38888889,2019-04-21,0
19,STL,23,2019,MIL,H,26,1.0,0.0,3.176468806284284,1.0,1.0,0.0,0.0,0.0,0.0,0.0,5.2,25.0,7.0,2.0,2.0,1.0,2.0,0.0,0.0,0.0,0.0,6.0,9.529406418852851,3.176468806284284,11.117640821994993,3.0,0.0,0.0,3.0,7.0,6.0,1.0,0.0,1.0,0.0,0.24,0.08,0.16,4.668646334886933,1.588234403142142,0.30434782608695654,1.588234403142142,0.375,0.92105263,4.449303377211277,-1.2728345709269928,4.612442595645881,72.0662538800207,100.47220884278956,104.03425585134272,0.42857143,0.375,0.1875,0.4375,0.14285714,0.14285714,8.0,12.705875225137136,32.0,62.0,94.0,0.19311800599098206,-0.13562999665737152,0.3287479877471924,0.763700008392334,0.07454369962215424,0.5718719959259033,0.6498669981956482,0.8700000047683716,0.43299999833106995,1.0,1.0,0.025100599974393845,0.3125938620149708,0.0,0.0,0.62765957,95.28813559,0.23404255,88.95454545,0.0106383,79.0,0.12765957,85.91666667,1.893168330192566,-2.256709575653076,-0.03891072794795036,0.5606755614280701,3.2087598816823153,-10.257770798423072,-3.8910727947950363,4.672296345233917,0.21276596,0.72340426,0.46808511,0.3,0.94117647,0.79545455,0.5,0.56,0.09574468,8.0,4.0,5.0,1.0,6.0,10.0,17.0,0.47058824,0.23529412,0.29411765,0.05882353,0.35294118,0.58823529,Brandon Woodruff,16162,6.555061780956084,50.0,0.5,0.11702128,0.23404255,0.0106383,0.13829787,95.35106382978724,94.85454767400569,88.8272705078125,78.5,86.6846172626202,-5.349999935068983,-9.10636346990412,1.5413636294278232,0.4099999964237213,-9.763846177321215,8.896596056349734,6.638181513006037,2.4572727896950464,-1.6799999475479126,5.616154010479267,1.5185448974370956,0.020027663558721542,-2.2567096948623657,-0.03891072794795036,0.6265695877373219,3.230946590291693,0.1820696687156504,-10.257771340283481,-3.8910727947950363,4.81976605951786,0.16666667,0.65517241,0.46808511,0.16666667,0.89473684,0.79545455,0.61702128,0.12765957,0.0106383,0.5,0.11702128,0.23404255,86.20351155598958,78.5635986328125,95.53840799534575,95.06906960227273,88.98576771129261,-9.844718933105469,0.5465670228004456,-4.779066045233544,-8.966239929199219,2.186402927745472,3.798045794169108,-2.6799299716949463,7.766819730718085,5.383008089932528,1.2125512903386897,0.5606755428016186,-0.03891072794795036,1.7914386540651321,0.020027663558721542,-2.2567096948623657,4.672296190013489,-3.8910727947950363,3.811571604393898,0.1820696687156504,-10.257771340283481,0.16666667,0.65517241,0.46808511,0.16666667,0.89473684,0.79545455,0.61702128,17.0,92.9937515258789,23.5625,1.0,0.05882353,112.9,5.0,0.29411765,2019-04-16,0
20,@LAA,23,2019,MIL,A,26,0.0,1.0,6.0,1.0,1.0,0.0,0.0,0.0,0.0,0.0,6.0,23.0,4.0,4.0,4.0,0.0,1.0,0.0,1.0,0.0,0.0,7.0,10.5,1.5,6.0,7.0,0.0,0.0,4.0,4.0,6.0,1.0,0.0,0.0,0.0,0.30434783,0.04347826,0.26086957,3.347245074044853,0.0,0.19047619047619047,0.8333333333333334,0.2857142857142857,0.33333333,1.8806766192118334,4.119323380788167,3.2068152944246933,136.1252225819673,41.93037624017098,72.04645076647346,1.0,0.42857143,0.28571429,0.28571429,0.25,0.0,2.0,3.0,33.0,64.0,97.0,-0.20399999618530273,-0.43149998784065247,0.22750000655651093,-0.8320000171661377,-0.08217280358076096,0.8047829866409302,0.6658329963684082,0.8700000047683716,0.42500001192092896,1.0,1.0,0.18684500455856323,-0.44032948369346,0.0,0.0,0.56701031,96.14545455,0.27835052,89.03703704,0.03092784,83.66666667,0.12371134,87.0,0.7672093510627747,2.449523448944092,-0.3375203609466553,-0.5360379815101624,1.3949260928414084,9.072309070163303,-11.250678698221844,-4.466983179251352,0.27586207,0.71794872,0.45360825,0.5625,0.82142857,0.72727273,0.40206186,0.47826087,0.12371134,2.0,8.0,4.0,3.0,4.0,7.0,14.0,0.14285714,0.57142857,0.28571429,0.21428571,0.28571429,0.5,Brandon Woodruff,16162,3.9213923462032967,61.0,0.46391753,0.10309278,0.29896907,0.01030928,0.12371134,96.08888888888889,95.62000122070313,88.76207233297414,81.19999694824219,86.81667073567708,-5.5926666259765625,-9.454000091552734,1.293103448275862,0.6399999856948853,-9.695833206176758,9.223555501302084,7.115999603271485,2.6886207317483835,-3.0299999713897705,5.485833485921224,0.9713898599147797,-0.16201627627015114,2.4698063880205154,-0.3441826105117798,-0.49387379363179207,2.1586441331439548,-1.6201627627015114,8.516573751794882,-34.41826105117798,-4.115614946931601,0.2173913,0.66666667,0.45360825,0.5,0.79411765,0.72727273,0.5257732,0.12371134,0.03092784,0.46391753,0.10309278,0.27835052,86.97932942708333,83.64223225911458,96.23454861111111,95.76016845703126,89.17248083043981,-9.3103396097819,1.0341710249582927,-5.078849283854167,-9.246965789794922,1.9930792914496527,3.909513473510742,-2.8187567392985025,8.146435546875,5.776288986206055,1.638437200475622,-0.49387379363179207,-0.33752036839723587,0.9713898599147797,-0.16201627627015114,2.4631441459059715,-4.115614946931601,-11.250678946574528,2.1586441331439548,-1.6201627627015114,9.122756095948043,0.2173913,0.66666667,0.45360825,0.5,0.79411765,0.72727273,0.5257732,14.0,89.14285714285714,19.285714285714285,0.0,0.0,106.9,7.0,0.5,2019-04-10,0
21,CHC,23,2019,MIL,H,26,0.0,0.0,9.0,1.0,1.0,0.0,0.0,0.0,0.0,0.0,4.0,21.0,6.0,4.0,4.0,1.0,2.0,0.0,1.0,0.0,0.0,8.0,18.0,4.5,13.5,4.0,0.0,0.0,5.0,3.0,2.0,0.0,0.0,0.0,0.0,0.38095238,0.0952381,0.28571428,3.1394603515206745,2.25,0.3333333333333333,2.0,0.5555555555555556,0.65789474,4.714009952545166,4.285990047454834,2.955915962159634,204.187833872951,106.50516321179187,66.33674455242516,1.66666667,0.2,0.5,0.3,0.0,0.33333333,8.0,18.0,31.0,57.0,88.0,0.04861599951982498,-0.23530800640583038,0.28392401337623596,-1.8523000478744507,-0.18080000579357147,0.7588000297546387,0.5865499973297119,0.8700000047683716,0.6930000185966492,1.0,1.0,-0.170755997300148,0.23482557770797322,0.0,0.0,0.60227273,94.8490566,0.26136364,88.91304348,0.03409091,82.0,0.10227273,85.44444444,-0.7906365990638733,-0.1068282201886177,0.15703998506069183,-0.9893929362297058,-1.491767168045044,-0.46447052255920745,5.234666168689728,-10.99325484699673,0.34615385,0.52777778,0.42045455,0.61111111,0.84210526,0.72972973,0.40909091,0.57142857,0.11363636,3.0,2.0,5.0,1.0,4.0,5.0,10.0,0.3,0.2,0.5,0.1,0.4,0.5,Brandon Woodruff,16162,4.552924613311715,38.0,0.39772727,0.20454545,0.26136364,0.03409091,0.10227273,95.105712890625,94.31110975477431,88.84347932235055,81.7999979654948,85.11111111111111,-5.844571358816964,-9.092777676052517,0.5234782592110012,0.8699999650319418,-9.911110772026909,9.1,7.311666700575087,3.5369564553965693,1.2266666889190674,4.785555521647136,-0.3443552553653717,-0.46208932250738144,-0.1068282201886177,0.15703998506069183,-0.9893929101526737,-0.9838721581867762,-2.5671629028187857,-0.46447052255920745,5.234666168689728,-10.99325455725193,0.27272727,0.56818182,0.42045455,0.5,0.84,0.72972973,0.5,0.10227273,0.03409091,0.43181818,0.17045455,0.26136364,85.38844129774306,82.06449890136719,95.39117110402961,94.4179931640625,89.11711319633152,-9.62270779079861,1.4090159734090169,-5.477180480957031,-9.125403849283854,1.2181938005530315,3.377458784315321,-0.00011227652430534363,8.025326377467104,5.881100463867187,2.357279736062755,-0.9893929101526737,0.15703998506069183,-0.829173631966114,0.0227290540933609,-0.1068282201886177,-10.99325455725193,5.234666168689728,-2.1820358735950367,0.15152702728907266,-0.46447052255920745,0.27272727,0.56818182,0.42045455,0.5,0.84,0.72972973,0.5,10.0,93.7,18.7,1.0,0.1,110.3,5.0,0.5,2019-04-05,0
22,STL,23,2019,MIL,H,26,1.0,0.0,3.6,1.0,1.0,0.0,0.0,0.0,0.0,0.0,5.0,22.0,6.0,2.0,2.0,0.0,1.0,0.0,0.0,0.0,1.0,5.0,9.0,1.8,10.8,5.0,0.0,0.0,5.0,6.0,4.0,1.0,0.0,1.0,0.0,0.22727273,0.04545455,0.18181818,4.253759837918503,0.0,0.2857142857142857,1.4,0.375,0.71428571,1.8140099525451663,1.7859900474548338,4.201059567928314,81.67513354918039,40.410969487897546,94.67242850605683,0.83333333,0.26666667,0.33333333,0.4,0.16666667,0.0,4.0,7.2,36.0,64.0,100.0,0.08721800148487091,-0.38035398721694946,0.46757200360298157,0.6847000122070312,0.06683260202407837,1.1657999753952026,0.9786400198936462,0.8700000047683716,1.2431999444961548,1.0,1.0,0.06432270258665085,0.010491161991879674,0.0,0.0,0.65,95.23076923,0.19,89.26315789,0.06,81.16666667,0.1,86.2,0.5095300078392029,-1.0697413682937622,0.12264150381088257,0.8308322429656982,0.7838923197526197,-5.630217727861906,2.0440250635147095,8.308322429656982,0.2173913,0.77777778,0.52,0.6,0.83333333,0.78846154,0.54,0.40909091,0.11,6.0,6.0,4.0,4.0,2.0,10.0,16.0,0.375,0.375,0.25,0.25,0.125,0.625,Brandon Woodruff,16162,2.6989624730117554,55.0,0.41,0.24,0.19,0.06,0.1,95.6292694836128,94.5125020345052,89.23684210526316,80.93333435058594,86.14000244140625,-5.793902513457508,-9.091666539510092,1.074736846120734,1.0099999904632568,-10.236000061035156,9.22756064810404,6.955833435058594,3.355789586117393,-0.07833333313465118,4.329000091552734,0.8587934486567974,-0.28074298799037933,-1.027577206492424,0.12264150381088257,0.8729964569211006,2.0946181674556033,-1.1697624499599137,-5.408301086802232,2.0440250635147095,8.729964569211006,0.25,0.7,0.52,0.6,0.83333333,0.78846154,0.6,0.1,0.06,0.47,0.18,0.19,86.51174926757812,81.2398173014323,95.92740192819149,94.64223225911458,89.57273463199013,-9.773069763183594,1.574079990386963,-5.57189486889129,-9.305018107096354,1.7776702077765214,3.0049440383911135,-1.256335179011027,8.079650229596076,5.4630555046929254,2.0962257385253906,0.8729964569211006,0.12264150381088257,1.2052172757685184,-0.6271668151021004,-1.027577206492424,8.729964569211006,2.0440250635147095,2.5642920761032304,-3.4842600839005575,-5.408301086802232,0.24390244,0.71186441,0.52,0.6,0.83333333,0.78846154,0.59,16.0,90.47333170572917,15.4,0.0,0.0,106.0,6.0,0.375,2019-03-30,0
