,Opp,teamid,season,Team,HomeAway,Age,W,L,ERA,G,GS,CG,ShO,SV,HLD,BS,IP,TBF,H,R,ER,HR,BB,IBB,HBP,WP,BK,SO,K/9,BB/9,H/9,K/BB,IFH%,BUH%,GB,FB,LD,IFFB,IFH,BU,BUH,K%,BB%,K-BB%,SIERA,HR/9,AVG,WHIP,BABIP,LOB%,FIP,E-F,xFIP,ERA-,FIP-,xFIP-,GB/FB,LD%,GB%,FB%,IFFB%,HR/FB,RS,RS/9,Balls,Strikes,Pitches,WPA,-WPA,+WPA,RE24,REW,pLI,inLI,gmLI,exLI,Pulls,Games,WPA/LI,Clutch,SD,MD,FB%1,FBv,SL%,SLv,CB%,CBv,CH%,CHv,XX%,wFB,wSL,wCB,wCH,wFB/C,wSL/C,wCB/C,wCH/C,O-Swing%,Z-Swing%,Swing%,O-Contact%,Z-Contact%,Contact%,Zone%,F-Strike%,SwStr%,Pull,Cent,Oppo,Soft,Med,Hard,bipCount,Pull%,Cent%,Oppo%,Soft%,Med%,Hard%,PlayerName,playerid,tERA,pfxFA%,pfxFT%,pfxSL%,pfxCU%,pfxCH%,pfxvFA,pfxvFT,pfxvSL,pfxvCU,pfxvCH,pfxFA-X,pfxFT-X,pfxSL-X,pfxCU-X,pfxCH-X,pfxFA-Z,pfxFT-Z,pfxSL-Z,pfxCU-Z,pfxCH-Z,pfxwFA,pfxwFT,pfxwSL,pfxwCU,pfxwCH,pfxwFA/C,pfxwFT/C,pfxwSL/C,pfxwCU/C,pfxwCH/C,pfxO-Swing%,pfxZ-Swing%,pfxSwing%,pfxO-Contact%,pfxZ-Contact%,pfxContact%,pfxZone%,piCH%,piCU%,piFA%,piFC%,pivCH,pivCU,pivFA,pivFC,piCH-X,piCU-X,piFA-X,piFC-X,piCH-Z,piCU-Z,piFA-Z,piFC-Z,piwCH,piwCU,piwFA,piwFC,piwCH/C,piwCU/C,piwFA/C,piwFC/C,piO-Swing%,piZ-Swing%,piSwing%,piO-Contact%,piZ-Contact%,piContact%,piZone%,Events,EV,LA,Barrels,Barrel%,maxEV,HardHit,HardHit%,gamedate,dh
0,- - -,23,2019,- - -,H,29,0.0,1.0,5.4843786903318055,17.0,0.0,0.0,0.0,0.0,0.0,1.0,21.1,106.0,26.0,14.0,13.0,3.0,14.0,2.0,1.0,1.0,0.0,20.0,8.437505677433547,5.906253974203483,10.968757380663611,1.42857143,0.04761905,0.5,21.0,33.0,15.0,2.0,1.0,2.0,1.0,0.18867925,0.13207547,0.05660378,5.51082612105064,1.265625851615032,0.2857142857142857,1.8750012616518992,0.3382352941176471,0.73369565,5.276511340362256,0.2078673499695496,6.525443325574149,125.13956976166139,120.66360335094582,147.56833805292965,0.63636364,0.2173913,0.30434783,0.47826087,0.06060606,0.09090909,10.0,4.218752838716774,145.0,280.0,425.0,-0.42984197253827006,-1.7581579924444668,1.3283160275314003,-5.906000157818198,-0.5875389589928091,0.9174854981356135,0.7912787577758232,0.9270352836260024,1.6660181749612093,11.0,17.0,-0.4389287638477981,-0.029571254312418194,2.0,3.0,0.63529412,92.63703704,0.00235294,86.0,0.2,78.25882353,0.16235294,82.20289855,0.01882353,-2.2548256665468216,-0.08923399448394775,-2.748626183718443,-0.04653726518154144,-0.8351206172395635,-8.923399448394775,-3.2336778631981677,-0.06744531185730644,0.31355932,0.74603175,0.50588235,0.7027027,0.82269504,0.78139535,0.44470588,0.58490566,0.11058824,31.0,23.0,17.0,8.0,34.0,29.0,71.0,0.43661972,0.32394366,0.23943662,0.11267606,0.47887324,0.4084507,Burch Smith,12784,5.349556394791599,0.63294118,0.00235294,0.00235294,0.2,0.16235294,92.57434966927568,92.0,85.69999694824219,78.20117717069738,82.15217424475628,-3.9414126722342906,-7.130000114440918,0.7799999713897705,5.631764686808866,-6.783623170161593,9.05315984846491,5.989999771118164,-0.09000000357627869,-7.467294182496913,7.871159518974415,-2.4269373640418053,0.2827965021133423,-0.08923399448394775,-2.708442062139511,-0.017108701169490814,-0.9022071985285521,28.27965021133423,-8.923399448394775,-3.1864024260464836,-0.02479521908621857,0.27411168,0.70614035,0.50588235,0.68518519,0.8136646,0.78139535,0.53647059,0.15935335,0.19630485,0.62124711,0.00230947,82.29693371316661,78.27680861529181,92.73013748112221,85.93609619140625,-6.377468855484672,6.4850920901579014,-3.306592905831603,2.12608003616333,6.722676470659781,-9.004049547980813,8.127824570609734,-1.356410026550293,-0.017108701169490814,-2.708442062139511,-2.2183463722467422,-0.08923399448394775,-0.02479521908621857,-3.1864024260464836,-0.8246640789021346,-8.923399448394775,0.28,0.70666667,0.50588235,0.69642857,0.81132075,0.78139535,0.52941176,71.0,88.95507381273353,18.043478260869566,3.0,0.04225352,112.4,27.0,0.38028169,2050-01-01,0
1,LAD,30,2019,SFG,H,29,0.0,0.0,0.0,1.0,0.0,0.0,0.0,0.0,0.0,0.0,1.0,5.0,1.0,0.0,0.0,0.0,1.0,0.0,0.0,0.0,0.0,1.0,9.0,9.0,9.0,1.0,0.0,0.0,0.0,2.0,1.0,0.0,0.0,0.0,0.0,0.2,0.2,0.0,7.257175934886933,0.0,0.25,2.0,0.3333333333333333,1.0,4.214009952545166,-4.214009952545166,8.192425978183746,0.0,99.44244888214043,185.50379656686704,0.0,0.33333333,0.0,0.66666667,0.0,0.0,0.0,0.0,9.0,12.0,21.0,0.008151999674737453,-0.008621999993920326,0.016774000599980354,0.48100000619888306,0.050658199936151505,0.19439999759197235,0.13979999721050262,0.13979999721050262,0.09319999814033508,1.0,1.0,0.010804800316691399,0.03112935490818545,0.0,0.0,0.57142857,92.0,,,0.19047619,77.5,0.23809524,81.6,,-0.23902030289173126,,-0.09429018199443817,0.37710851430892944,-1.991835857431094,,-2.3572545498609543,7.542170286178589,0.18181818,0.8,0.47619048,0.5,0.75,0.7,0.47619048,0.4,0.14285714,2.0,0.0,1.0,0.0,1.0,2.0,3.0,0.66666667,0.0,0.33333333,0.0,0.33333333,0.66666667,Burch Smith,12784,5.462341169656046,0.57142857,,,0.19047619,0.23809524,91.91666666666667,,,77.2249984741211,81.47999877929688,-4.472500165303548,,,6.332499980926514,-8.018000030517578,9.550833384195963,,,-7.047500133514404,6.786000061035156,-0.23902030289173126,,,-0.09429017826914787,0.37710850685834885,-1.991835857431094,,,-2.357254456728697,7.542170137166977,0.1,0.81818182,0.47619048,0.0,0.77777778,0.7,0.52380952,0.23809524,0.19047619,0.57142857,,81.65975952148438,77.3113021850586,92.12337239583333,,-7.75731201171875,7.3100128173828125,-3.8042758305867515,,5.519409942626953,-8.829549789428711,8.48907470703125,,0.37710850685834885,-0.09429017826914787,-0.23902030289173126,,7.542170137166977,-2.357254456728697,-1.991835857431094,,0.1,0.81818182,0.47619048,0.0,0.77777778,0.7,0.52380952,3.0,92.0,21.666666666666668,0.0,0.0,97.9,2.0,0.66666667,2019-09-29,0
2,COL,30,2019,SFG,H,29,0.0,0.0,13.500033393584838,1.0,0.0,0.0,0.0,0.0,0.0,0.0,1.1,10.0,5.0,2.0,2.0,0.0,1.0,0.0,0.0,0.0,0.0,2.0,13.500033393584838,6.750016696792419,33.750083483962094,2.0,0.0,0.0,2.0,1.0,3.0,0.0,0.0,1.0,0.0,0.2,0.1,0.1,4.654175934886933,0.0,0.5555555555555556,4.500011131194946,0.7142857142857143,0.66666667,2.4640080973460083,11.03602529623883,3.9559177973375057,317.68292528917925,57.74099289690655,89.09374689606969,2.0,0.5,0.33333333,0.16666667,0.0,0.0,1.0,6.750016696792419,15.0,25.0,40.0,-0.2740139961242676,-0.43116798996925354,0.15715399384498596,-2.0220000743865967,-0.21295399963855743,1.5175600051879883,1.117799997329712,0.8065999746322632,3.8441998958587646,1.0,1.0,-0.25644201040267944,0.07587979527608615,0.0,1.0,0.675,91.2962963,,,0.25,77.1,0.075,82.0,,-1.2096028327941895,,-0.6454042196273804,-0.377513587474823,-4.480010491830331,,-6.454042196273805,-12.583786249160767,0.22727273,0.66666667,0.425,0.6,0.91666667,0.82352941,0.45,0.5,0.075,3.0,2.0,2.0,1.0,4.0,2.0,7.0,0.42857143,0.28571429,0.28571429,0.14285714,0.57142857,0.28571429,Burch Smith,12784,6.671495086183679,0.675,,,0.25,0.075,91.21481662326389,,,76.97000122070312,81.86666870117188,-3.1511111789279513,,,5.979999923706055,-6.8766663869222,8.962962962962964,,,-7.141000366210937,8.446666717529297,-1.2096027918159962,,,-0.6454042382538319,-0.3775135800242424,-4.480010340059245,,,-6.4540423825383195,-12.58378600080808,0.22222222,0.59090909,0.425,0.5,0.92307692,0.82352941,0.55,0.075,0.25,0.675,,82.04910278320312,77.0839111328125,91.41004774305556,,-6.390769958496094,6.780937194824219,-2.6200957121672452,,7.094189961751302,-8.771504211425782,7.913189358181423,,-0.3775135800242424,-0.6454042382538319,-1.2096027918159962,,-12.58378600080808,-6.4540423825383195,-4.480010340059245,,0.22222222,0.59090909,0.425,0.5,0.92307692,0.82352941,0.55,7.0,90.23333740234375,4.0,0.0,0.0,104.2,2.0,0.28571429,2019-09-26,0
3,COL,30,2019,SFG,H,29,0.0,0.0,0.0,1.0,0.0,0.0,0.0,0.0,0.0,0.0,0.1,3.0,0.0,0.0,0.0,0.0,1.0,0.0,0.0,0.0,0.0,0.0,0.0,27.000028163224034,0.0,0.0,1.0,0.0,1.0,1.0,0.0,0.0,1.0,0.0,0.0,0.0,0.33333333,-0.33333333,12.176242516566932,0.0,0.0,3.0000031292471148,0.0,1.0,12.214019340286512,-12.214019340286512,18.181649603467815,0.0,290.0776978524262,412.82816483799553,1.0,0.0,0.5,0.5,0.0,0.0,0.0,0.0,5.0,4.0,9.0,0.06300000101327896,-0.10591799765825272,0.16891799867153168,0.22300000488758087,0.023485999554395676,4.522799968719482,1.1430000066757202,2.2860000133514404,2.292799949645996,1.0,1.0,-0.00964117981493473,0.023570604385775486,1.0,0.0,0.66666667,93.5,,,0.22222222,78.5,0.11111111,82.0,,-0.36260905861854553,,-0.44421082735061646,0.31180447340011597,-6.043484310309092,,-22.210541367530823,31.180447340011597,0.28571429,1.0,0.44444444,0.5,1.0,0.75,0.22222222,0.33333333,0.11111111,1.0,1.0,0.0,0.0,0.0,2.0,2.0,0.5,0.5,0.0,0.0,0.0,1.0,Burch Smith,12784,6.061408074244409,0.66666667,,,0.22222222,0.11111111,93.43332926432292,,,78.44999694824219,81.9000015258789,-3.5900001525878906,,,5.105000019073486,-5.929999828338623,9.375,,,-8.244999885559082,10.039999961853027,-0.36260906606912613,,,-0.44421082362532616,0.35396867990493774,-6.0434844344854355,,,-22.210541181266308,35.396867990493774,0.16666667,1.0,0.44444444,0.0,1.0,0.75,0.33333333,0.11111111,0.22222222,0.66666667,,82.10639953613281,78.49400329589844,93.62406412760417,,-5.781330108642578,5.8296051025390625,-3.253366470336914,,8.63167953491211,-10.155349731445312,8.17968495686849,,0.35396867990493774,-0.44421082362532616,-0.36260906606912613,,35.396867990493774,-22.210541181266308,-6.0434844344854355,,0.16666667,1.0,0.44444444,0.0,1.0,0.75,0.33333333,2.0,88.25,11.5,0.0,0.0,89.6,0.0,0.0,2019-09-24,0
4,@ATL,30,2019,SFG,A,29,0.0,0.0,0.0,1.0,0.0,0.0,0.0,0.0,0.0,0.0,1.0,3.0,0.0,0.0,0.0,0.0,1.0,0.0,0.0,0.0,0.0,0.0,0.0,9.0,0.0,0.0,0.0,0.0,1.0,1.0,0.0,0.0,0.0,0.0,0.0,0.0,0.33333333,-0.33333333,12.176242516566932,0.0,0.0,1.0,0.0,1.0,6.214009952545166,-6.214009952545166,8.203217965364455,0.0,147.1012051987022,185.7493893937245,1.0,0.0,0.5,0.5,0.0,0.0,0.0,0.0,5.0,12.0,17.0,0.0017719999887049198,-0.001104000024497509,0.002876000013202429,0.5379999876022339,0.052436601370573044,0.03786670044064522,0.029999999329447746,0.029999999329447746,0.009999999776482582,1.0,1.0,0.0349419005215168,0.01185383209010777,0.0,0.0,0.47058824,94.5,,,0.17647059,80.66666667,0.35294118,83.5,,0.7672624588012695,,0.16800808906555176,-0.1639271378517151,9.59078073501587,,5.6002696355183925,-2.7321189641952515,0.4,0.57142857,0.47058824,1.0,1.0,1.0,0.41176471,1.0,0.0,1.0,1.0,0.0,1.0,1.0,0.0,2.0,0.5,0.5,0.0,0.5,0.5,0.0,Burch Smith,12784,6.061408074244409,0.47058824,,,0.17647059,0.35294118,94.26249694824219,,,80.5,83.41666666666667,-3.71875,,,6.566666920979817,-6.606666564941406,8.2162504196167,,,-6.773333231608073,7.608333587646484,0.767262477427721,,,0.16800808906555176,-0.1639271378517151,9.590780967846513,,,5.6002696355183925,-2.7321189641952515,0.44444444,0.5,0.47058824,1.0,1.0,1.0,0.47058824,0.35294118,0.17647059,0.47058824,,83.49849446614583,80.51936848958333,94.37202453613281,,-6.324133555094401,7.388346354166667,-3.0131993293762207,,6.43281364440918,-8.047340393066406,7.312427520751953,,-0.1639271378517151,0.16800808906555176,0.767262477427721,,-2.7321189641952515,5.6002696355183925,9.590780967846513,,0.44444444,0.5,0.47058824,1.0,1.0,1.0,0.47058824,2.0,81.75,14.5,0.0,0.0,88.3,0.0,0.0,2019-09-20,0
5,@BOS,30,2019,SFG,A,29,0.0,0.0,0.0,1.0,0.0,0.0,0.0,0.0,0.0,0.0,0.0,1.0,1.0,0.0,0.0,0.0,0.0,0.0,0.0,0.0,0.0,0.0,0.0,0.0,9.0,0.0,0.0,0.0,0.0,0.0,1.0,0.0,0.0,0.0,0.0,0.0,0.0,0.0,,0.0,1.0,1.0,1.0,1.0,3.214009952545166,-3.214009952545166,3.214009952545166,0.0,75.61307072385952,72.21017931771179,0.0,1.0,0.0,0.0,0.0,0.0,0.0,0.0,0.0,3.0,3.0,-0.19430400431156158,-0.19430400431156158,0.0,-0.6700000166893005,-0.06003579869866371,7.159999847412109,3.5799999237060547,7.159999847412109,8.40880012512207,1.0,1.0,-0.027137400582432747,-3.076566850931939e-08,0.0,1.0,1.0,93.66666667,,,,,,,,-0.4630793035030365,,,,-15.43597678343455,,,,1.0,0.0,0.66666667,1.0,,1.0,0.33333333,1.0,0.0,0.0,0.0,1.0,0.0,1.0,0.0,1.0,0.0,0.0,1.0,0.0,1.0,0.0,Burch Smith,12784,34.05862475240706,1.0,,,,,93.66666666666667,,,,,-4.083333333333333,,,,,10.230000178019205,,,,,-0.4630792923271656,,,,,-15.43597641090552,,,,,1.0,0.0,0.66666667,1.0,,1.0,0.33333333,,,1.0,,,,93.8896993001302,,,,-3.1278165181477866,,,,9.443873087565104,,,,-0.4630792923271656,,,,-15.43597641090552,,1.0,0.0,0.66666667,1.0,,1.0,0.33333333,1.0,90.4000015258789,18.0,0.0,0.0,90.4,0.0,0.0,2019-09-17,0
6,MIA,30,2019,SFG,H,29,0.0,0.0,0.0,1.0,0.0,0.0,0.0,0.0,0.0,1.0,1.1,6.0,2.0,1.0,0.0,0.0,0.0,0.0,0.0,0.0,0.0,1.0,6.750016696792419,0.0,13.500033393584838,1.0,0.0,1.0,2.0,2.0,0.0,0.0,0.0,1.0,1.0,0.16666667,0.0,0.16666667,4.15329811554471,0.0,0.3333333333333333,1.5000037103983153,0.4,0.5,1.714006242146851,-1.714006242146851,4.697825642129846,0.0,39.8689150699536,105.9773144744276,1.0,0.0,0.5,0.5,0.0,0.0,0.0,0.0,8.0,17.0,25.0,-0.11296600103378296,-0.22909599542617798,0.11613000184297562,-0.4869999885559082,-0.05129019916057587,1.3538999557495117,1.497730016708374,1.0332000255584717,1.466599941253662,1.0,1.0,-0.03217789903283119,-0.05125958137630701,0.0,1.0,0.72,92.11111111,,,0.04,78.0,0.24,81.66666667,,-0.1751275658607483,,-0.08923399448394775,0.4014883041381836,-0.9729309214486016,,-8.923399448394775,6.6914717356363935,0.375,0.77777778,0.52,0.66666667,0.85714286,0.76923077,0.36,0.66666667,0.12,2.0,1.0,2.0,0.0,3.0,2.0,5.0,0.4,0.2,0.4,0.0,0.6,0.4,Burch Smith,12784,0.32103065382281804,0.72,,,0.04,0.24,91.9888916015625,,,77.9000015258789,81.63333129882812,-4.4461110432942705,,,5.300000190734863,-7.659999847412109,9.46888902452257,,,-7.519999980926514,8.28499984741211,-0.1751275695860386,,,-0.08923399448394775,0.38875266537070274,-0.9729309421446588,,,-8.923399448394775,6.479211089511712,0.30769231,0.75,0.52,0.5,0.88888889,0.76923077,0.48,0.24,0.04,0.72,,81.77396647135417,77.92720031738281,92.12542046440973,,-7.225854873657227,6.255720138549805,-3.867212083604601,,6.810756683349609,-9.345279693603516,8.593776279025608,,0.38875266537070274,-0.08923399448394775,-0.1751275695860386,,6.479211089511712,-8.923399448394775,-0.9729309421446588,,0.30769231,0.75,0.52,0.5,0.88888889,0.76923077,0.48,5.0,86.17500305175781,6.75,0.0,0.0,100.8,2.0,0.4,2019-09-15,0
7,PIT,30,2019,SFG,H,29,0.0,0.0,0.0,1.0,0.0,0.0,0.0,0.0,0.0,0.0,1.0,3.0,0.0,0.0,0.0,0.0,0.0,0.0,0.0,0.0,0.0,1.0,9.0,0.0,0.0,1.0,0.0,0.0,0.0,2.0,0.0,0.0,0.0,0.0,0.0,0.33333333,0.0,0.33333333,4.902242668210266,0.0,0.0,0.0,0.0,1.0,1.2140099525451662,-1.2140099525451662,5.1924259781837465,0.0,27.954314407297726,117.2329148251449,0.0,0.0,0.0,1.0,0.0,0.0,0.0,0.0,1.0,7.0,8.0,0.016209999099373817,0.0,0.016209999099373817,0.48100000619888306,0.050658199936151505,0.2142000049352646,0.27639999985694885,0.27639999985694885,,0.0,1.0,0.07555600255727768,0.00012092893613099842,0.0,0.0,0.625,94.6,,,0.375,78.66666667,,,,0.6663772463798523,,0.1641983836889267,,13.327544927597046,,5.473279456297556,,0.66666667,0.4,0.5,0.5,1.0,0.75,0.625,1.0,0.125,1.0,1.0,0.0,0.0,1.0,1.0,2.0,0.5,0.5,0.0,0.0,0.5,0.5,Burch Smith,12784,-0.5000433033632138,0.625,,,0.375,,94.54000244140624,,,78.76666768391927,,-4.622000122070313,,,4.589999834696452,,8.736000061035156,,,-6.730000178019206,,0.7085414566099644,,,0.164198387414217,,14.170829132199286,,,5.4732795804739,,0.5,0.5,0.5,0.0,1.0,0.75,0.75,,0.375,0.625,,,78.7094014485677,94.59284057617188,,,5.322283426920573,-3.956679916381836,,,-8.140340169270834,7.949562072753906,,,0.164198387414217,0.7085414566099644,,,5.4732795804739,14.170829132199286,,0.5,0.5,0.5,0.0,1.0,0.75,0.75,2.0,82.35000610351562,30.5,0.0,0.0,90.9,0.0,0.0,2019-09-12,0
8,PIT,30,2019,SFG,H,29,0.0,0.0,0.0,1.0,0.0,0.0,0.0,0.0,0.0,0.0,0.1,1.0,0.0,0.0,0.0,0.0,0.0,0.0,0.0,0.0,0.0,0.0,0.0,0.0,0.0,0.0,0.0,0.0,0.0,1.0,0.0,0.0,0.0,0.0,0.0,0.0,0.0,0.0,13.703575934886931,0.0,0.0,0.0,0.0,1.0,3.2140099525451666,-3.2140099525451666,9.181640215726471,0.0,75.61307072385952,208.01530597636946,0.0,0.0,0.0,1.0,0.0,0.0,3.0,81.0000844896721,1.0,2.0,3.0,0.014316000044345856,0.0,0.014316000044345856,0.4269999861717224,0.04497100040316582,0.5627999901771545,0.28139999508857727,0.5627999901771545,0.953000009059906,1.0,1.0,0.02543709985911846,8.768633527611591e-10,0.0,0.0,0.66666667,91.5,,,0.33333333,75.0,,,,0.31180447340011597,,-0.03891072794795036,,15.590223670005798,,-3.8910727947950363,,0.0,1.0,0.66666667,,1.0,1.0,0.66666667,,0.0,1.0,0.0,0.0,0.0,1.0,0.0,1.0,1.0,0.0,0.0,0.0,1.0,0.0,Burch Smith,12784,0.7738933382532818,0.66666667,,,0.33333333,,91.14999389648438,,,74.5999984741211,,-3.805000066757202,,,6.920000076293945,,9.505000114440918,,,-8.539999961853027,,0.31180448085069656,,,-0.03891072794795036,,15.590224042534828,,,-3.8910727947950363,,0.0,1.0,0.66666667,,1.0,1.0,0.66666667,,0.33333333,0.66666667,,,74.62779998779297,91.25689697265625,,,8.279069900512695,-3.106019973754883,,,-10.726900100708008,8.4520902633667,,,-0.03891072794795036,0.31180448085069656,,,-3.8910727947950363,15.590224042534828,,0.0,1.0,0.66666667,,1.0,1.0,0.66666667,1.0,97.80000305175781,41.0,0.0,0.0,97.8,1.0,1.0,2019-09-11,0
9,@LAD,30,2019,SFG,A,29,0.0,0.0,0.0,1.0,0.0,0.0,0.0,0.0,0.0,0.0,1.0,4.0,1.0,0.0,0.0,0.0,0.0,0.0,0.0,0.0,0.0,1.0,9.0,0.0,9.0,1.0,0.0,0.0,0.0,1.0,2.0,0.0,0.0,0.0,0.0,0.25,0.0,0.25,3.7375134348869326,0.0,0.25,1.0,0.3333333333333333,1.0,1.2140099525451662,-1.2140099525451662,3.2032179653644564,0.0,27.954314407297726,71.96458649085432,0.0,0.66666667,0.0,0.33333333,0.0,0.0,0.0,0.0,6.0,12.0,18.0,0.0010920000495389104,-0.0005280000041238964,0.0016199999954551458,0.47999998927116394,0.05063290148973465,0.019099999219179153,0.019999999552965164,0.019999999552965164,,0.0,1.0,0.017999999225139618,0.03917278057489225,0.0,0.0,0.77777778,93.92857143,,,0.05555556,79.0,0.16666667,82.33333333,,-0.11942386627197266,,-0.03891072794795036,0.23101763427257538,-0.8530276162283761,,-3.8910727947950363,7.700587809085846,0.125,0.7,0.44444444,0.0,0.85714286,0.75,0.55555556,0.75,0.11111111,1.0,1.0,1.0,0.0,2.0,1.0,3.0,0.33333333,0.33333333,0.33333333,0.0,0.66666667,0.33333333,Burch Smith,12784,6.916752214038923,0.77777778,,,0.05555556,0.16666667,93.86428397042411,,,78.69999694824219,82.33333333333333,-3.6214286259242465,,,3.1700000762939453,-5.849999745686849,8.795714242117745,,,-6.090000152587891,8.710000356038412,-0.07725966349244118,,,-0.03891072794795036,0.23101763427257538,-0.5518547392317227,,,-3.8910727947950363,7.700587809085846,0.0,0.66666667,0.44444444,,0.75,0.75,0.66666667,0.16666667,0.05555556,0.77777778,,82.37400309244792,78.6780014038086,93.90597970145089,,-5.560049692789714,4.097650051116943,-3.2010190146309987,,7.624446868896484,-7.704750061035156,7.962574550083706,,0.23101763427257538,-0.03891072794795036,-0.07725966349244118,,7.700587809085846,-3.8910727947950363,-0.5518547392317227,,0.0,0.66666667,0.44444444,,0.75,0.75,0.66666667,3.0,90.59999593098958,17.666666666666668,0.0,0.0,97.7,2.0,0.66666667,2019-09-08,0
10,@STL,30,2019,SFG,A,29,0.0,0.0,0.0,1.0,0.0,0.0,0.0,0.0,0.0,0.0,1.1,5.0,0.0,0.0,0.0,0.0,0.0,0.0,0.0,0.0,0.0,0.0,0.0,0.0,0.0,0.0,0.0,0.0,2.0,3.0,0.0,1.0,0.0,0.0,0.0,0.0,0.0,0.0,7.141975934886932,0.0,0.0,0.0,0.0,1.0,3.214009952545166,-3.214009952545166,7.689739052519658,0.0,75.61307072385952,174.06417001515942,0.66666667,0.0,0.4,0.6,0.33333333,0.0,0.0,0.0,6.0,8.0,14.0,-0.0052200001664459705,-0.009080000221729279,0.003860000055283308,-0.01899999938905239,-0.001979169901460409,0.05719999969005585,0.06933329999446869,0.15199999511241913,0.019999999552965164,1.0,1.0,0.06363160163164139,-0.15489034629477225,0.0,0.0,0.71428571,92.4,0.07142857,86.0,0.14285714,78.0,0.07142857,82.0,,0.41919124126434326,-0.08923399448394775,-0.0808154046535492,0.373846173286438,4.191912412643433,-8.923399448394775,-4.04077023267746,37.3846173286438,0.3,0.75,0.42857143,1.0,1.0,1.0,0.28571429,0.6,0.0,0.0,3.0,2.0,2.0,1.0,2.0,5.0,0.0,0.6,0.4,0.4,0.2,0.4,Burch Smith,12784,0.3216325598949645,0.64285714,0.07142857,0.07142857,0.14285714,0.07142857,92.5,92.0,85.69999694824219,78.10000610351562,82.0999984741211,-4.9499999152289496,-7.130000114440918,0.7799999713897705,5.019999980926514,-6.829999923706055,9.29888916015625,5.989999771118164,-0.09000000357627869,-6.545000076293945,7.909999847412109,0.12058679386973381,0.2827965021133423,-0.08923399448394775,-0.0808154009282589,0.373846173286438,1.3398532652192645,28.27965021133423,-8.923399448394775,-4.040770046412945,37.3846173286438,0.16666667,0.625,0.42857143,1.0,1.0,1.0,0.57142857,0.07142857,0.14285714,0.71428571,0.07142857,82.3759994506836,78.28140258789062,92.74459228515624,85.93609619140625,-6.42786979675293,6.079484939575195,-4.3671630859375,2.12608003616333,6.725709915161133,-8.000385284423828,7.972894287109375,-1.356410026550293,0.373846173286438,-0.0808154009282589,0.4033832959830761,-0.08923399448394775,37.3846173286438,-4.040770046412945,4.033832959830761,-8.923399448394775,0.16666667,0.625,0.42857143,1.0,1.0,1.0,0.57142857,5.0,85.22000122070312,25.6,0.0,0.0,97.3,1.0,0.2,2019-09-05,0
11,CIN,23,2019,MIL,H,29,0.0,0.0,22.5,1.0,0.0,0.0,0.0,0.0,0.0,0.0,2.0,14.0,6.0,5.0,5.0,1.0,2.0,0.0,1.0,0.0,0.0,1.0,4.5,9.0,27.0,0.5,0.0,0.0,2.0,5.0,3.0,0.0,0.0,0.0,0.0,0.07142857,0.14285714,-0.07142857,7.634091207457339,4.5,0.5454545454545454,4.0,0.5555555555555556,0.52631579,13.214009952545165,9.285990047454835,11.68702998459339,510.46958468237744,300.22952412665455,265.0303621854474,0.4,0.3,0.2,0.5,0.0,0.2,3.0,13.5,18.0,34.0,52.0,-0.025335999205708504,-0.03375599905848503,0.008419999852776527,-3.9260001182556152,-0.3832109868526459,0.048500001430511475,0.06159999966621399,0.05660000070929527,0.0,1.0,1.0,-0.250450998544693,-0.27194072224749577,0.0,0.0,0.63461538,92.06060606,,,0.17307692,77.77777778,0.19230769,82.1,,-2.440279245376587,,-0.4987896680831909,-0.7089468836784363,-7.394785592050264,,-5.542107423146566,-7.089468836784363,0.30769231,0.76923077,0.53846154,0.75,0.8,0.78571429,0.5,0.71428571,0.11538462,5.0,3.0,2.0,0.0,6.0,4.0,10.0,0.5,0.3,0.2,0.0,0.6,0.4,Burch Smith,12784,13.317085294295776,0.63461538,,,0.17307692,0.19230769,92.00303326231061,,,77.75555419921875,82.12000122070313,-3.8060605598218515,,,5.147777557373047,-6.930000305175781,8.82727235736269,,,-8.335555182562935,7.379000091552735,-2.4402792528271675,,,-0.4586055614054203,-0.708946879953146,-7.39478561462778,,,-5.095617348949114,-7.089468799531459,0.19047619,0.77419355,0.53846154,0.75,0.79166667,0.78571429,0.59615385,0.19230769,0.17307692,0.63461538,,82.143603515625,77.73299153645833,92.05880089962122,,-6.652041625976563,5.767441219753689,-3.263592344341856,,6.432936096191407,-9.742958068847656,7.9974587180397725,,-0.708946879953146,-0.4586055614054203,-2.4402792528271675,,-7.089468799531459,-5.095617348949114,-7.39478561462778,,0.2173913,0.79310345,0.53846154,0.8,0.7826087,0.78571429,0.55769231,10.0,90.54000244140624,23.5,1.0,0.1,103.3,5.0,0.5,2019-07-23,0
12,@ARI,23,2019,MIL,A,29,0.0,0.0,0.0,1.0,0.0,0.0,0.0,0.0,0.0,0.0,2.0,8.0,0.0,0.0,0.0,0.0,2.0,0.0,0.0,0.0,0.0,3.0,13.5,9.0,0.0,1.5,0.0,0.0,0.0,3.0,0.0,0.0,0.0,0.0,0.0,0.375,0.25,0.125,5.718122809886933,0.0,0.0,1.0,0.0,1.0,3.214009952545166,-3.214009952545166,6.197821971774101,0.0,72.31851128563963,140.1126718191477,0.0,0.0,0.0,1.0,0.0,0.0,3.0,13.5,14.0,22.0,36.0,0.017103999853134155,-0.0034360000863671303,0.02054000087082386,1.062000036239624,0.10442499816417694,0.1137000024318695,0.1412000060081482,0.05559999868273735,0.12120000272989273,1.0,1.0,0.09548120200634003,0.05494975214762396,0.0,0.0,0.55555556,93.9,,,0.30555556,77.63636364,0.13888889,82.2,,0.7068562507629395,,-0.2258022129535675,0.5445948839187622,3.5342812538146973,,-2.0527473904869775,10.891897678375244,0.20833333,0.66666667,0.36111111,0.6,0.625,0.61538462,0.33333333,0.625,0.13888889,0.0,0.0,3.0,0.0,3.0,0.0,3.0,0.0,0.0,1.0,0.0,1.0,0.0,Burch Smith,12784,2.0102877446769845,0.55555556,,,0.30555556,0.13888889,93.72000122070312,,,77.74545565518466,81.94000244140625,-3.267000198364258,,,5.299999930641868,-5.373999786376953,8.851499938964844,,,-7.393636530095881,7.604000091552734,0.706856232136488,,,-0.2258022055029869,0.5445948727428913,3.53428116068244,,,-2.0527473227544264,10.891897454857826,0.125,0.55,0.36111111,0.5,0.63636364,0.61538462,0.55555556,0.13888889,0.30555556,0.52777778,,82.1467041015625,77.86192737926136,93.92549213610198,,-5.00842399597168,6.087428006258878,-2.574660451788651,,6.474707794189453,-8.966657465154475,7.93941216719778,,0.5445948727428913,-0.2258022055029869,0.6326507218182087,,10.891897454857826,-2.0527473227544264,3.329740641148467,,0.125,0.55,0.36111111,0.5,0.63636364,0.61538462,0.55555556,3.0,83.73333740234375,49.0,0.0,0.0,85.5,0.0,0.0,2019-07-19,0
13,ATL,23,2019,MIL,H,29,0.0,0.0,0.0,1.0,0.0,0.0,0.0,0.0,0.0,0.0,1.0,6.0,1.0,0.0,0.0,0.0,2.0,0.0,0.0,0.0,0.0,3.0,27.0,18.0,9.0,1.5,0.0,0.0,0.0,0.0,1.0,0.0,0.0,0.0,0.0,0.5,0.33333333,0.16666667,6.0310758566269325,0.0,0.25,3.0,1.0,1.0,3.214009952545166,-3.214009952545166,3.214009952545166,0.0,72.31851128563963,72.21017931771179,0.0,1.0,0.0,0.0,0.0,0.0,0.0,0.0,15.0,16.0,31.0,0.019842000678181648,-0.03633800148963928,0.05618000030517578,0.5370000004768372,0.05241579934954643,0.5684329867362976,0.3230000138282776,0.3230000138282776,,0.0,1.0,-0.0047219800762832165,0.039628470623403016,0.0,0.0,0.67741935,92.0,,,0.22580645,76.85714286,0.09677419,80.0,,0.2151547372341156,,-0.19617561995983124,-0.569904088973999,1.0245463677815028,,-2.8025088565690175,-18.996802965799965,0.25,0.85714286,0.38709677,0.33333333,1.0,0.66666667,0.22580645,0.33333333,0.12903226,1.0,0.0,0.0,0.0,0.0,1.0,1.0,1.0,0.0,0.0,0.0,0.0,1.0,Burch Smith,12784,5.739808135719816,0.67741935,,,0.22580645,0.09677419,91.95238095238095,,,76.70000348772321,80.23333231608073,-3.082381112234933,,,6.544285910470145,-5.276666641235352,8.292380923316593,,,-8.974285670689174,6.989999771118164,0.2151547409594059,,,-0.19617562368512154,-0.5699040815234184,1.0245463855209807,,,-2.8025089097874507,-18.99680271744728,0.27272727,0.66666667,0.38709677,0.33333333,1.0,0.66666667,0.29032258,0.09677419,0.22580645,0.67741935,,80.34363301595052,76.72188895089286,92.06826636904762,,-4.859953244527181,7.55845696585519,-2.4388340541294644,,5.8089599609375,-10.581774030412946,7.611964634486607,,-0.5699040815234184,-0.19617562368512154,0.2151547409594059,,-18.99680271744728,-2.8025089097874507,1.0245463855209807,,0.27272727,0.66666667,0.38709677,0.33333333,1.0,0.66666667,0.29032258,1.0,99.19999694824219,23.0,0.0,0.0,99.2,1.0,1.0,2019-07-15,0
14,@PIT,23,2019,MIL,A,29,0.0,0.0,22.5,1.0,0.0,0.0,0.0,0.0,0.0,0.0,2.0,13.0,6.0,5.0,5.0,1.0,1.0,0.0,0.0,1.0,0.0,2.0,9.0,4.5,27.0,2.0,0.0,0.0,4.0,4.0,2.0,0.0,0.0,0.0,0.0,0.15384615,0.07692308,0.07692307,5.081670696159951,4.5,0.5,3.5,0.5555555555555556,0.35714286,9.214009952545165,13.285990047454835,6.6924259781837465,510.46958468237744,209.0651189902486,151.36835569600598,1.0,0.2,0.4,0.4,0.0,0.25,0.0,0.0,19.0,43.0,62.0,-0.001686000032350421,-0.008209999650716782,0.006523999851197004,-3.9839999675750732,-0.4042620062828064,0.032028600573539734,0.036400001496076584,0.05139999836683273,,0.0,1.0,-0.12072800099849701,0.0680875483355948,0.0,0.0,0.59677419,93.45945946,,,0.20967742,78.53846154,0.19354839,82.58333333,,-2.3319642543792725,,-0.04068947210907936,-0.3226931095123291,-6.302606092916953,,-0.3129959393006104,-2.689109245936076,0.35483871,0.90322581,0.62903226,0.72727273,0.75,0.74358974,0.5,0.53846154,0.16129032,5.0,3.0,2.0,0.0,5.0,5.0,10.0,0.5,0.3,0.2,0.0,0.5,0.5,Burch Smith,12784,7.632633191744668,0.59677419,,,0.20967742,0.19354839,93.45135003167229,,,78.45384803185097,82.63333638509114,-4.14972954827386,,,5.27000016432542,-6.915833155314128,8.903243606154984,,,-7.340769254244291,7.270833333333333,-2.331964150071144,,,-0.04068947210907936,-0.3226931206882,-6.302605811003092,,,-0.3129959393006104,-2.6891093390683336,0.37931034,0.84848485,0.62903226,0.90909091,0.67857143,0.74358974,0.53225806,0.19354839,0.20967742,0.59677419,,82.7916768391927,78.54030198317308,93.62286211993244,,-6.354583104451497,6.214766869178185,-3.3065872192382812,,6.35402234395345,-8.675779489370493,8.10843225427576,,-0.3226931206882,-0.04068947210907936,-2.331964150071144,,-2.6891093390683336,-0.3129959393006104,-6.302605811003092,,0.4,0.84375,0.62903226,0.91666667,0.66666667,0.74358974,0.51612903,10.0,89.37000122070313,13.4,0.0,0.0,102.2,4.0,0.4,2019-07-06,0
15,@CHC,23,2019,MIL,A,29,0.0,1.0,2.700002768042541,1.0,0.0,0.0,0.0,0.0,0.0,0.0,3.1,15.0,2.0,1.0,1.0,1.0,3.0,2.0,0.0,0.0,0.0,4.0,10.800011072170165,8.100008304127623,5.400005536085082,1.33333333,0.0,0.0,3.0,4.0,1.0,0.0,0.0,0.0,0.0,0.26666667,0.2,0.06666667,5.545860342261821,2.700002768042541,0.16666666666666666,1.5000015378014118,0.14285714285714285,1.0,7.414014258389119,-4.714011490346578,5.901062322694109,61.256412961953124,168.04123481379153,133.35932418312933,0.75,0.125,0.375,0.5,0.0,0.25,0.0,0.0,16.0,40.0,56.0,0.06679999828338623,-0.6439200043678284,0.7107200026512146,0.8109999895095825,0.08069650083780289,2.938930034637451,2.2799999713897705,2.2799999713897705,,0.0,1.0,-0.0920829027891159,0.1148122626228306,1.0,0.0,0.60714286,91.88235294,,,0.19642857,79.09090909,0.19642857,82.09090909,0.14285714,1.5090004205703735,,-0.6807494759559631,-0.5941209197044373,4.438236531089334,,-6.188631599599665,-5.401099270040339,0.43333333,0.73076923,0.57142857,0.76923077,0.84210526,0.8125,0.46428571,0.53333333,0.10714286,3.0,4.0,1.0,3.0,2.0,3.0,8.0,0.375,0.5,0.125,0.375,0.25,0.375,Burch Smith,12784,6.991077725049301,0.60714286,,,0.19642857,0.19642857,91.92647058823529,,,79.13636363636364,81.96363414417614,-4.712941338034237,,,5.382727189497515,-7.00090928511186,9.835293938131894,,,-6.929091020063921,9.209091186523438,1.5090003721415997,,,-0.6807494536042213,-0.5941209122538567,4.438236388651764,,,-6.188631396402012,-5.401099202307788,0.40740741,0.72413793,0.57142857,0.72727273,0.85714286,0.8125,0.51785714,0.171875,0.171875,0.53125,,82.19957941228694,79.27197265625,92.15768612132354,,-6.502200733531605,6.339528864080256,-3.9575787712545956,,7.935754255814985,-8.575474825772373,8.76326347799862,,-0.5941209122538567,-0.6807494536042213,1.5090003721415997,,-5.401099202307788,-6.188631396402012,4.438236388651764,,0.40740741,0.72413793,0.57142857,0.72727273,0.85714286,0.8125,0.51785714,8.0,89.4625015258789,16.375,2.0,0.25,111.5,3.0,0.375,2019-05-11,0
16,WSN,23,2019,MIL,H,29,0.0,0.0,0.0,1.0,0.0,0.0,0.0,0.0,0.0,0.0,0.1,3.0,1.0,0.0,0.0,0.0,0.0,0.0,0.0,0.0,0.0,0.0,0.0,0.0,27.000028163224034,0.0,0.0,0.0,2.0,1.0,0.0,1.0,0.0,0.0,0.0,0.0,0.0,0.0,5.172909286813598,0.0,0.3333333333333333,3.0000031292471148,0.3333333333333333,1.0,3.2140099525451666,-3.2140099525451666,9.181640215726471,0.0,72.31851128563963,208.01530597636946,2.0,0.0,0.66666667,0.33333333,1.0,0.0,0.0,0.0,2.0,9.0,11.0,-0.034258000552654266,-0.052678000181913376,0.01841999962925911,-0.9120000004768372,-0.08901900053024292,0.5329999923706055,0.37299999594688416,0.37299999594688416,1.1164000034332275,1.0,1.0,-0.10458400100469589,0.04031007784704976,0.0,0.0,0.72727273,92.25,,,0.09090909,80.0,0.18181818,83.0,,-0.30017802119255066,,-0.5679649710655212,0.23374661803245544,-3.7522252649068832,,-56.796497106552124,11.687330901622772,0.33333333,0.75,0.63636364,1.0,0.83333333,0.85714286,0.72727273,0.66666667,0.09090909,1.0,2.0,0.0,1.0,1.0,1.0,3.0,0.33333333,0.66666667,0.0,0.33333333,0.33333333,0.33333333,Burch Smith,12784,0.019213409712316932,0.72727273,,,0.09090909,0.18181818,92.2125015258789,,,80.0999984741211,82.6500015258789,-4.010000228881836,,,5.860000133514404,-5.900000095367432,9.44124984741211,,,-8.5,8.230000495910645,-0.30017801001667976,,,-0.5679649710655212,0.23374661803245544,-3.752225125208497,,,-56.796497106552124,11.687330901622772,0.33333333,0.75,0.63636364,1.0,0.83333333,0.85714286,0.72727273,0.18181818,0.09090909,0.72727273,,82.84204864501953,80.20610046386719,92.43272399902344,,-5.3984551429748535,6.527919769287109,-3.4978487491607666,,7.1095499992370605,-9.932069778442383,8.437761306762695,,0.23374661803245544,-0.5679649710655212,-0.30017801001667976,,11.687330901622772,-56.796497106552124,-3.752225125208497,,0.33333333,0.75,0.63636364,1.0,0.83333333,0.85714286,0.72727273,3.0,81.2999979654948,14.666666666666666,0.0,0.0,95.0,1.0,0.33333333,2019-05-08,0
17,WSN,23,2019,MIL,H,29,0.0,0.0,0.0,1.0,0.0,0.0,0.0,0.0,0.0,0.0,2.0,6.0,0.0,0.0,0.0,0.0,0.0,0.0,0.0,0.0,0.0,1.0,4.5,0.0,0.0,1.0,0.0,0.0,2.0,2.0,1.0,0.0,0.0,0.0,0.0,0.16666667,0.0,0.16666667,4.15329811554471,0.0,0.0,0.0,0.0,1.0,2.214009952545166,-2.214009952545166,4.203217965364456,0.0,49.52741000153814,94.72154707142835,1.0,0.2,0.4,0.4,0.0,0.0,0.0,0.0,5.0,14.0,19.0,0.009654030203819275,0.0,0.009654030203819275,1.0740000009536743,0.1048320010304451,0.05993330106139183,0.11490000039339066,0.15320000052452087,,0.0,1.0,0.13518500328063965,0.02589456405255805,0.0,0.0,0.63157895,93.66666667,,,0.31578947,80.83333333,0.05263158,84.0,,0.7908119559288025,,0.5611148476600647,0.21696186065673828,6.590099632740021,,9.351914127667744,21.696186065673828,0.375,0.63636364,0.52631579,1.0,0.71428571,0.8,0.57894737,0.5,0.10526316,4.0,1.0,0.0,0.0,2.0,3.0,5.0,0.8,0.2,0.0,0.0,0.4,0.6,Burch Smith,12784,2.2786857338811743,0.63157895,,,0.31578947,0.05263158,93.43332926432292,,,80.66666666666667,84.0999984741211,-4.201666514078776,,,6.739999771118164,-7.639999866485596,8.686666488647461,,,-7.260000228881836,6.610000133514404,0.8329761810600758,,,0.5611148402094841,0.21696186065673828,6.941468175500631,,,9.351914003491402,21.696186065673828,0.16666667,0.69230769,0.52631579,1.0,0.77777778,0.8,0.68421053,0.05263158,0.31578947,0.63157895,,84.22309875488281,80.77020263671875,93.64774576822917,,-7.178689956665039,7.461385091145833,-3.6051994959513345,,5.402460098266602,-8.703304926554361,7.693702697753906,,0.21696186065673828,0.5611148402094841,0.8329761810600758,,21.696186065673828,9.351914003491402,6.941468175500631,,0.16666667,0.69230769,0.52631579,1.0,0.77777778,0.8,0.68421053,5.0,95.17999877929688,12.4,0.0,0.0,112.4,3.0,0.6,2019-05-07,0
