,Opp,teamid,season,Team,HomeAway,Age,W,L,ERA,G,GS,CG,ShO,SV,HLD,BS,IP,TBF,H,R,ER,HR,BB,IBB,HBP,WP,BK,SO,K/9,BB/9,H/9,K/BB,IFH%,BUH%,GB,FB,LD,IFFB,IFH,BU,BUH,K%,BB%,K-BB%,SIERA,HR/9,AVG,WHIP,BABIP,LOB%,FIP,E-F,xFIP,ERA-,FIP-,xFIP-,GB/FB,LD%,GB%,FB%,IFFB%,HR/FB,RS,RS/9,Balls,Strikes,Pitches,WPA,-WPA,+WPA,RE24,REW,pLI,inLI,gmLI,exLI,Pulls,Games,WPA/LI,Clutch,SD,MD,FB%1,FBv,SL%,SLv,CH%,CHv,XX%,wFB,wSL,wCH,wFB/C,wSL/C,wCH/C,O-Swing%,Z-Swing%,Swing%,O-Contact%,Z-Contact%,Contact%,Zone%,F-Strike%,SwStr%,Pull,Cent,Oppo,Soft,Med,Hard,bipCount,Pull%,Cent%,Oppo%,Soft%,Med%,Hard%,PlayerName,playerid,tERA,GSv2,pfxFA%,pfxSL%,pfxCH%,pfxvFA,pfxvSL,pfxvCH,pfxFA-X,pfxSL-X,pfxCH-X,pfxFA-Z,pfxSL-Z,pfxCH-Z,pfxwFA,pfxwSL,pfxwCH,pfxwFA/C,pfxwSL/C,pfxwCH/C,pfxO-Swing%,pfxZ-Swing%,pfxSwing%,pfxO-Contact%,pfxZ-Contact%,pfxContact%,pfxZone%,piCH%,piFA%,piSL%,pivCH,pivFA,pivSL,piCH-X,piFA-X,piSL-X,piCH-Z,piFA-Z,piSL-Z,piwCH,piwFA,piwSL,piwCH/C,piwFA/C,piwSL/C,piO-Swing%,piZ-Swing%,piSwing%,piO-Contact%,piZ-Contact%,piContact%,piZone%,Events,EV,LA,Barrels,Barrel%,maxEV,HardHit,HardHit%,gamedate,dh
0,- - -,20,2019,- - -,H,27,10.0,11.0,4.519565029991605,28.0,28.0,0.0,0.0,0.0,0.0,0.0,153.1,646.0,128.0,82.0,77.0,33.0,60.0,2.0,6.0,6.0,1.0,168.0,9.86086915634532,3.5217389844090428,7.513043166739291,2.8,0.07619048,0.2,105.0,211.0,86.0,28.0,8.0,10.0,2.0,0.26006192,0.09287926,0.16718266,4.579521900437845,1.9369564414249734,0.2206896551724138,1.2260869056831483,0.25065963060686014,0.75778078,5.111835960810039,-0.592270930818434,5.051333076611369,108.83694053060029,119.25072897664275,114.02206922586348,0.49763033,0.21393035,0.26119403,0.52487562,0.13270142,0.1563981,88.0,5.165217177133263,941.0,1720.0,2661.0,0.24435006501153111,-10.434646025300026,10.678996071219444,-3.320599988102913,-0.26310246996581554,0.9062890890298755,0.9070337172120045,0.8717857194798333,0.9386571376983609,28.0,28.0,-0.7551650404930115,1.024781069163391,0.0,0.0,0.53739196,91.63006993,0.3160466,83.57788347,0.14656144,82.62820513,0.00187899,6.249486953020096,-2.424381621181965,-3.1927026733756065,0.437027059651755,-0.28827367671604814,-0.8186417111219504,0.32932996,0.73215941,0.49267193,0.65642994,0.8,0.74294432,0.40548666,0.59752322,0.12664412,165.0,131.0,116.0,69.0,189.0,154.0,412.0,0.40048544,0.31796117,0.2815534,0.16747573,0.45873786,0.37378641,Caleb Smith,14875,4.9413089198548725,49.0,0.53776776,0.3156708,0.14656144,91.58427696841152,83.52202380952382,82.56974307329227,8.542571658941519,-0.48252381324058485,9.19248717381404,9.45004195687156,2.2962381317501976,6.2704358761127175,5.961992919445038,-1.1790649481117725,-3.082018055021763,0.41663123126799706,-0.140364874775211,-0.7902610397491701,0.29985337,0.69545104,0.49267193,0.58679707,0.81485588,0.74370709,0.48741075,0.14628657,0.5363841,0.31545386,82.55702119484926,91.5447665127841,83.45653730793883,8.880805377471141,8.11397951566256,-1.1643876272489568,4.719973994524051,8.240966252680424,0.8264233843466615,-3.082018055021763,5.852203205227852,-1.1137609221041203,-0.7902610397491701,0.4092449793865631,-0.1324329277174935,0.2982327,0.6953185,0.49267193,0.58024691,0.81677704,0.74370709,0.48966554,412.0,88.58254388442955,23.34912718204489,42.0,0.10194175,113.1,148.0,0.3592233,2050-01-01,0
1,@PHI,20,2019,MIA,A,27,0.0,1.0,15.0,1.0,1.0,0.0,0.0,0.0,0.0,0.0,3.0,18.0,5.0,6.0,5.0,2.0,4.0,0.0,0.0,0.0,0.0,1.0,3.0,12.0,15.0,0.25,0.0,0.0,1.0,9.0,2.0,2.0,0.0,1.0,0.0,0.05555556,0.22222222,-0.16666666,10.555557274669898,6.0,0.35714285714285715,3.0,0.2727272727272727,0.48387097,15.214009952545167,-0.21400995254516708,12.514967324336371,361.2192981239252,356.81895696105477,283.87169958916377,0.11111111,0.16666667,0.08333333,0.75,0.22222222,0.22222222,0.0,0.0,28.0,43.0,71.0,-0.2999520003795624,-0.43975400924682617,0.1398019939661026,-4.409999847412109,-0.4342690110206604,0.6595159769058228,0.7056670188903809,0.8700000047683716,0.11079999804496765,1.0,1.0,-0.34223800897598267,-0.11256825938284254,0.0,0.0,0.50704225,91.05555556,0.4084507,85.03448276,0.08450704,83.16666667,,-0.8245115280151367,-2.05297589302063,-0.30481427907943726,-2.2903098000420465,-7.079227217312517,-5.080237984657288,0.23255814,0.82142857,0.46478873,0.6,0.91304348,0.81818182,0.3943662,0.77777778,0.08450704,4.0,4.0,5.0,3.0,5.0,5.0,13.0,0.30769231,0.30769231,0.38461538,0.23076923,0.38461538,0.38461538,Caleb Smith,14875,13.044822527896532,11.0,0.50704225,0.4084507,0.08450704,91.03055826822917,85.01034651131465,83.23333231608073,8.172222561306423,-0.6372413635253906,8.808333079020182,9.63138919406467,3.9279311607623923,7.65333366394043,-0.8245115168392658,-2.0687838830053806,-0.30481429398059845,-2.2903097689979606,-7.133737527604761,-5.080238233009974,0.2195122,0.8,0.46478873,0.66666667,0.875,0.81818182,0.42253521,0.08450704,0.50704225,0.4084507,83.15111796061198,90.92743598090277,84.87643958782327,8.442086537679037,7.866909450954861,-1.2908321249073949,6.272179921468099,8.463478088378906,2.5095204320447198,-0.30481429398059845,-0.8245115168392658,-2.0687838830053806,-5.080238233009974,-2.2903097689979606,-7.133737527604761,0.25,0.74193548,0.46478873,0.6,0.91304348,0.81818182,0.43661972,13.0,91.00833129882812,38.333333333333336,2.0,0.15384615,109.0,3.0,0.23076923,2019-09-28,0
2,@NYM,20,2019,MIA,A,27,1.0,0.0,6.0,1.0,1.0,0.0,0.0,0.0,0.0,0.0,6.0,29.0,7.0,4.0,4.0,1.0,4.0,0.0,0.0,0.0,0.0,3.0,4.5,6.0,10.5,0.75,0.2,0.0,5.0,12.0,5.0,3.0,1.0,0.0,0.0,0.10344828,0.13793103,-0.03448275,7.522453333366517,1.5,0.28,1.8333333333333333,0.2857142857142857,0.72916667,6.380676619211833,-0.38067661921183316,8.192425978183747,144.4877192495701,149.089477255746,185.503796566867,0.41666667,0.22727273,0.22727273,0.54545455,0.25,0.08333333,8.0,12.0,40.0,64.0,104.0,0.13209399580955505,-0.39774399995803833,0.5298380255699158,-1.2039999961853027,-0.12967200577259064,1.0612200498580933,0.9223669767379761,0.8700000047683716,0.6403999924659729,1.0,1.0,-0.07928559929132462,0.20375930842188497,0.0,0.0,0.60576923,90.6031746,0.36538462,85.05263158,0.02884615,82.33333333,,0.8073627352714539,-0.7877827286720276,-0.6724126935005188,1.28152815122453,-2.073112443873757,-22.413756450017296,0.29230769,0.82051282,0.49038462,0.73684211,0.9375,0.8627451,0.375,0.65517241,0.06730769,9.0,10.0,3.0,4.0,16.0,2.0,22.0,0.40909091,0.45454545,0.13636364,0.18181818,0.72727273,0.09090909,Caleb Smith,14875,5.9126545743009515,39.0,0.60576923,0.36538462,0.02884615,90.55555555555556,84.90789473684211,82.66666666666667,8.608095199342758,-0.6965789794921875,8.186666488647461,8.831746419270834,4.736052663702714,7.113333384195964,0.7915547601878643,-0.8005183525383472,-0.6724126785993576,1.2564361272823243,-2.106627243521966,-22.41375595331192,0.31034483,0.7173913,0.49038462,0.72222222,0.93939394,0.8627451,0.44230769,0.02884615,0.60576923,0.36538462,82.7014668782552,90.55457124255952,84.91259765625,7.973236719767253,8.116890074714782,-1.3798099317048724,5.803829828898112,7.711776975601438,3.499360335500617,-0.6724126785993576,0.7915547601878643,-0.8005183525383472,-22.41375595331192,1.2564361272823243,-2.106627243521966,0.29090909,0.71428571,0.49038462,0.6875,0.94285714,0.8627451,0.47115385,22.0,85.3681807084517,27.181818181818183,2.0,0.09090909,106.1,8.0,0.36363636,2019-09-23,0
3,@ARI,20,2019,MIA,A,27,1.0,0.0,7.2,1.0,1.0,0.0,0.0,0.0,0.0,0.0,5.0,24.0,8.0,4.0,4.0,1.0,1.0,0.0,1.0,1.0,0.0,4.0,7.2,1.8,14.4,4.0,0.0,0.0,3.0,12.0,3.0,1.0,0.0,0.0,0.0,0.16666667,0.04166667,0.125,6.056884942017906,1.8,0.36363636363636365,1.8,0.4117647058823529,0.69767442,5.414009952545166,1.7859900474548338,7.588109183311462,173.3852630994841,126.35681721252358,171.75138308777963,0.25,0.16666667,0.16666667,0.66666667,0.08333333,0.08333333,5.0,9.0,33.0,60.0,93.0,-0.25221601128578186,-0.6657119989395142,0.4134959876537323,-1.3450000286102295,-0.13225199282169342,1.066540002822876,1.0566400289535522,0.8700000047683716,1.5643999576568604,1.0,1.0,-0.2443840056657791,0.00790341364088884,0.0,0.0,0.53763441,90.96,0.34408602,84.9375,0.11827957,82.18181818,,-1.4270638227462769,-0.7706001400947571,-0.4826370179653168,-2.8541276454925537,-2.408125437796116,-4.387609254230152,0.2962963,0.76923077,0.49462366,0.875,0.86666667,0.86956522,0.41935484,0.54166667,0.06451613,8.0,5.0,5.0,2.0,9.0,7.0,18.0,0.44444444,0.27777778,0.27777778,0.11111111,0.5,0.38888889,Caleb Smith,14875,4.380457008291665,38.0,0.53763441,0.34408602,0.11827957,90.932001953125,84.90312194824219,82.21817848899148,8.19219970703125,-0.8725000023841858,8.64090936834162,9.518200073242188,4.911562442779541,6.9063637473366475,-1.4428717382252216,-0.770600114017725,-0.48263702541589737,-2.8857434764504433,-2.4081253563053906,-4.387609321962704,0.25531915,0.73913043,0.49462366,0.83333333,0.88235294,0.86956522,0.49462366,0.11827957,0.53763441,0.34408602,82.08549360795455,90.76099609375,84.70304107666016,8.35091192072088,7.773426513671875,-1.469996452331543,5.52488188310103,8.363738403320312,3.5076684951782227,-0.48263702541589737,-1.4428717382252216,-0.770600114017725,-4.387609321962704,-2.8857434764504433,-2.4081253563053906,0.22916667,0.77777778,0.49462366,0.81818182,0.88571429,0.86956522,0.48387097,18.0,86.31666395399306,20.5,2.0,0.11111111,110.5,5.0,0.27777778,2019-09-17,0
4,MIL,20,2019,MIA,H,27,0.0,1.0,4.7647032094264254,1.0,1.0,0.0,0.0,0.0,0.0,0.0,5.2,25.0,6.0,3.0,3.0,1.0,2.0,0.0,0.0,0.0,0.0,4.0,6.352937612568568,3.176468806284284,9.529406418852851,2.0,0.0,0.0,5.0,8.0,6.0,1.0,0.0,0.0,0.0,0.16,0.08,0.08,5.609743934886932,1.588234403142142,0.2608695652173913,1.4117639139041263,0.2777777777777778,0.75757576,5.15518533416334,-0.39048212473691457,5.6693610638163445,114.74018327185516,120.27015646029163,128.08650776837865,0.625,0.31578947,0.26315789,0.42105263,0.125,0.125,2.0,3.176468806284284,36.0,71.0,107.0,-0.10570000112056732,-0.45368000864982605,0.34797999262809753,-0.6122000217437744,-0.06478309631347656,0.9335200190544128,0.8896669745445251,0.8700000047683716,1.9759999513626099,1.0,1.0,-0.12810300290584564,0.01487564948750797,0.0,0.0,0.52336449,90.875,0.3271028,85.37142857,0.14953271,82.375,,-0.6153832077980042,0.5230048298835754,-0.14809826016426086,-1.0988985853535789,1.4942995139530726,-0.9256141260266304,0.32258065,0.71111111,0.48598131,0.7,0.875,0.80769231,0.42056075,0.48,0.09345794,7.0,5.0,7.0,3.0,11.0,5.0,19.0,0.36842105,0.26315789,0.36842105,0.15789474,0.57894737,0.26315789,Caleb Smith,14875,6.357183675256475,47.0,0.53271028,0.31775701,0.14953271,90.75438596491227,85.30882352941177,82.34375,8.89192976031387,-0.4029411989099839,9.378125190734863,9.467368678042764,5.679117539349725,6.839375019073486,-0.5079149603843689,0.49986500293016434,-0.14809825643897057,-0.8910788778673139,1.4701911850887186,-0.925614102743566,0.3125,0.62711864,0.48598131,0.73333333,0.83783784,0.80769231,0.55140187,0.14953271,0.52336449,0.3271028,82.25751495361328,90.70986502511161,85.26379743303572,9.049625396728516,8.729146139962333,-0.9588327680315291,5.141204833984375,8.056898934500557,4.1062543596540175,-0.14809825643897057,-0.5732189863920212,0.5651690289378166,-0.925614102743566,-1.023605332842895,1.6147686541080473,0.30612245,0.63793103,0.48598131,0.73333333,0.83783784,0.80769231,0.54205607,19.0,82.27894993832237,18.894736842105264,1.0,0.05263158,107.5,3.0,0.15789474,2019-09-12,0
5,KCR,20,2019,MIA,H,27,0.0,0.0,0.0,1.0,1.0,0.0,0.0,0.0,0.0,0.0,6.0,25.0,4.0,0.0,0.0,0.0,2.0,0.0,0.0,0.0,0.0,8.0,12.0,3.0,6.0,4.0,0.33333333,0.0,3.0,8.0,4.0,1.0,1.0,0.0,0.0,0.32,0.08,0.24,3.8273695348869325,0.0,0.17391304347826086,1.0,0.26666666666666666,1.0,1.5473432858785,-1.5473432858785,4.19962063630422,0.0,35.426177039633714,94.63968279580918,0.375,0.26666667,0.2,0.53333333,0.125,0.0,1.0,1.5,35.0,65.0,100.0,0.3610199987888336,-0.21930000185966492,0.5803200006484985,2.867799997329712,0.30347099900245667,1.1321500539779663,1.1176700592041016,0.8700000047683716,1.7300000190734863,1.0,1.0,0.1869339942932129,0.13194599649982708,0.0,0.0,0.51,91.01960784,0.39,84.97435897,0.1,82.8,,1.2284939289093018,0.5219889879226685,0.018664635717868805,2.408811625312356,1.3384333023658166,0.18664635717868805,0.30357143,0.75,0.5,0.58823529,0.84848485,0.76,0.44,0.72,0.12,4.0,3.0,8.0,3.0,9.0,3.0,15.0,0.26666667,0.2,0.53333333,0.2,0.6,0.2,Caleb Smith,14875,2.033082657333825,72.0,0.51,0.39,0.1,90.96862553615196,84.8974358974359,82.75999755859375,9.033333572686887,-0.44871794871794873,8.783000183105468,9.574902104396447,4.624359130859375,7.118000030517578,1.1769112311303616,0.55141756311059,0.018664635717868805,2.3076690806477678,1.4138911874630513,0.18664635717868805,0.28,0.72,0.5,0.5,0.86111111,0.76,0.5,0.1,0.51,0.39,82.63773803710937,90.81248085171569,84.72074068509616,8.608838653564453,8.557992374195772,-1.1703297541691706,5.542742919921875,8.154749851600796,3.006291316105769,0.018664635717868805,1.1769112311303616,0.55141756311059,0.18664635717868805,2.3076690806477678,1.4138911874630513,0.28,0.72,0.5,0.5,0.86111111,0.76,0.5,15.0,88.29285539899554,25.928571428571427,1.0,0.06666667,110.6,5.0,0.33333333,2019-09-07,0
6,@WSN,20,2019,MIA,A,27,0.0,1.0,10.12500603497388,1.0,1.0,0.0,0.0,0.0,0.0,0.0,5.1,26.0,7.0,7.0,6.0,3.0,1.0,0.0,1.0,0.0,0.0,5.0,8.437505029144901,1.68750100582898,11.812507040802862,5.0,0.2,0.0,5.0,12.0,2.0,1.0,1.0,0.0,0.0,0.19230769,0.03846154,0.15384615,5.208077461557761,5.06250301748694,0.2916666666666667,1.5000008940702045,0.25,0.41666667,9.776513864102311,0.3484921708715696,6.93973020209089,243.82317156358476,228.9478362042375,156.99624817087027,0.41666667,0.10526316,0.26315789,0.63157895,0.08333333,0.25,3.0,5.06250301748694,27.0,62.0,89.0,-0.45740801095962524,-0.8020600080490112,0.344651997089386,-3.999000072479248,-0.3841499984264374,0.905718982219696,0.9069330096244812,0.8700000047683716,0.147599995136261,1.0,1.0,-0.3116289973258972,-0.19339300170368023,0.0,0.0,0.56179775,90.52,0.34831461,84.25806452,0.08988764,82.0,,0.09845070540904999,-2.5573551654815674,-1.2543413639068604,0.19690141081809995,-8.249532791876025,-15.679267048835754,0.38297872,0.66666667,0.51685393,0.66666667,0.82142857,0.76086957,0.47191011,0.65384615,0.12359551,9.0,4.0,6.0,2.0,11.0,6.0,19.0,0.47368421,0.21052632,0.31578947,0.10526316,0.57894737,0.31578947,Caleb Smith,14875,7.350854162434473,22.0,0.56179775,0.34831461,0.08988764,90.54,84.2258064516129,81.80000305175781,9.216199951171875,-0.5619354863320628,8.418749809265137,8.993800048828126,4.630322856287802,6.252500057220459,0.08264275267720222,-2.557355273514986,-1.2543413117527962,0.16528550535440445,-8.249533140370922,-15.679266396909952,0.33333333,0.66,0.51685393,0.61538462,0.81818182,0.76086957,0.56179775,0.08988764,0.56179775,0.34831461,81.75595092773438,90.493857421875,84.173583984375,8.182271003723145,8.6966796875,-1.2534343350318171,4.89274263381958,7.614380493164062,3.2681547595608618,-1.2543413117527962,0.08264275267720222,-2.557355273514986,-15.679266396909952,0.16528550535440445,-8.249533140370922,0.33333333,0.66,0.51685393,0.61538462,0.81818182,0.76086957,0.56179775,19.0,91.65263286389802,25.42105263157895,4.0,0.21052632,110.6,10.0,0.52631579,2019-09-01,0
7,CIN,20,2019,MIA,H,27,0.0,1.0,9.642850574186479,1.0,1.0,0.0,0.0,0.0,0.0,0.0,4.2,24.0,5.0,5.0,5.0,2.0,3.0,0.0,1.0,0.0,0.0,5.0,9.642850574186479,5.785710344511887,9.642850574186479,1.66666667,0.25,0.0,4.0,9.0,2.0,0.0,1.0,0.0,0.0,0.20833333,0.125,0.08333333,5.7375568729308215,3.8571402296745916,0.25,1.7142845465220407,0.23076923076923078,0.64516129,9.214005865372307,0.4288447088141716,7.478908214893844,232.2122477547686,215.71959161107623,169.26630095413935,0.44444444,0.13333333,0.26666667,0.6,0.0,0.22222222,3.0,5.785710344511887,42.0,61.0,103.0,-0.1251000016927719,-0.5470200181007385,0.4219200015068054,-1.0901999473571777,-0.11536499857902527,1.0744600296020508,1.0335999727249146,0.8700000047683716,2.444000005722046,1.0,1.0,-0.18791399896144867,0.07148342151213641,0.0,0.0,0.59223301,92.54098361,0.33009709,85.17647059,0.0776699,83.5,,0.21680356562137604,-1.4370529651641846,-1.2012215852737427,0.3554156813465181,-4.2266263681299545,-15.015269815921783,0.3015873,0.675,0.44660194,0.63157895,0.77777778,0.7173913,0.38834951,0.58333333,0.12621359,6.0,7.0,2.0,5.0,5.0,5.0,15.0,0.4,0.46666667,0.13333333,0.33333333,0.33333333,0.33333333,Caleb Smith,14875,7.572425786010845,30.0,0.59223301,0.33009709,0.0776699,92.52130827356558,85.17941463694854,83.2874984741211,8.799835705366291,-0.6067646811990177,9.262499809265137,9.823770491803279,5.087941338034237,6.242499828338623,0.21680356562137604,-1.437052983790636,-1.201221588999033,0.3554156813465181,-4.226626422913635,-15.015269862487912,0.28333333,0.6744186,0.44660194,0.58823529,0.79310345,0.7173913,0.41747573,0.0776699,0.59223301,0.33009709,83.18424987792969,92.38571016905738,85.04397403492646,8.930246353149414,8.347556192366802,-1.338184020098518,4.605033874511719,8.58005211001537,3.582995695226333,-1.201221588999033,0.21680356562137604,-1.437052983790636,-15.015269862487912,0.3554156813465181,-4.226626422913635,0.29508197,0.66666667,0.44660194,0.61111111,0.78571429,0.7173913,0.40776699,15.0,85.386669921875,21.533333333333335,2.0,0.13333333,111.0,6.0,0.4,2019-08-27,0
8,@ATL,20,2019,MIA,A,27,0.0,1.0,7.5,1.0,1.0,0.0,0.0,0.0,0.0,0.0,6.0,24.0,3.0,5.0,5.0,2.0,4.0,0.0,0.0,0.0,0.0,7.0,10.5,6.0,4.5,1.75,0.0,0.0,2.0,10.0,0.0,2.0,0.0,1.0,0.0,0.29166667,0.16666667,0.125,5.61060717984985,3.0,0.15,1.1666666666666667,0.09090909090909091,0.47619048,7.214009952545167,0.2859900474548329,6.196023307243983,180.6096490619626,168.68659798266194,140.0717396813381,0.2,0.0,0.16666667,0.83333333,0.2,0.2,0.0,0.0,41.0,61.0,102.0,-0.19679999351501465,-0.42148399353027344,0.2246840000152588,-1.7719999551773071,-0.17271000146865845,0.5446400046348572,0.5314000248908997,0.8700000047683716,0.0568000003695488,1.0,1.0,-0.07639359682798386,-0.2849459886601501,0.0,0.0,0.67647059,90.89855072,0.29411765,84.9,0.02941176,82.33333333,,0.6378278732299805,-0.5851505994796753,-0.5988088250160217,0.9243882220724354,-1.9505019982655845,-19.960294167200722,0.36,0.81481481,0.48039216,0.55555556,0.72727273,0.63265306,0.26470588,0.45833333,0.17647059,4.0,5.0,4.0,2.0,6.0,5.0,13.0,0.30769231,0.38461538,0.30769231,0.15384615,0.46153846,0.38461538,Caleb Smith,14875,5.32881310662983,42.0,0.67647059,0.29411765,0.02941176,90.8434810914855,84.86666666666666,82.33333333333333,8.391159278759059,-0.36866668065388997,8.403333028157553,7.839565111243206,4.345000203450521,5.40333366394043,0.6220199130475521,-0.5851505994796753,-0.5566445961594582,0.9014781348515247,-1.9505019982655845,-18.55481987198194,0.32786885,0.70731707,0.48039216,0.45,0.75862069,0.63265306,0.40196078,0.02941176,0.67647059,0.29411765,82.45986429850261,90.98622905344203,85.0073974609375,7.71176020304362,7.711226753566576,-1.2918956756591797,4.198353449503581,7.024314548658288,3.1495648701985677,-0.5566445961594582,0.6220199130475521,-0.5851505994796753,-18.55481987198194,0.9014781348515247,-1.9505019982655845,0.31746032,0.74358974,0.48039216,0.45,0.75862069,0.63265306,0.38235294,13.0,91.08333333333333,37.5,2.0,0.15384615,108.7,4.0,0.30769231,2019-08-21,0
9,LAD,20,2019,MIA,H,27,1.0,0.0,1.8,1.0,1.0,0.0,0.0,0.0,0.0,0.0,5.0,20.0,1.0,1.0,1.0,1.0,3.0,0.0,1.0,0.0,0.0,4.0,7.2,5.4,1.8,1.33333333,0.0,0.0,2.0,8.0,2.0,2.0,0.0,0.0,0.0,0.2,0.15,0.05,6.477885934886932,1.8,0.0625,0.8,0.0,1.0,6.614009952545166,-4.814009952545166,7.19674277305603,43.34631577487102,154.5766710592825,162.84507311703598,0.25,0.16666667,0.16666667,0.66666667,0.25,0.125,8.0,14.4,47.0,59.0,106.0,0.16103999316692352,-0.2703399956226349,0.4313800036907196,1.389799952507019,0.14706900715827942,1.123900055885315,1.0063999891281128,0.8700000047683716,0.1379999965429306,1.0,1.0,0.11433299630880356,0.02895375977207376,0.0,0.0,0.60377358,91.46875,0.24528302,84.42307692,0.1509434,83.1875,,0.8144803047180176,-0.21155104041099548,0.7630749940872192,1.2726254761219025,-0.813657847734598,4.76921871304512,0.27536232,0.78378378,0.45283019,0.78947368,0.79310345,0.79166667,0.3490566,0.4,0.09433962,6.0,6.0,0.0,2.0,5.0,5.0,12.0,0.5,0.5,0.0,0.16666667,0.41666667,0.41666667,Caleb Smith,14875,6.013411892875508,57.0,0.60377358,0.24528302,0.1509434,91.421875,84.3230731670673,83.1937484741211,8.952500343322754,-0.7903845860407903,9.775625228881836,9.677343368530273,2.75,5.975625038146973,0.7986723408102989,-0.1693868264555931,0.7630749978125095,1.247925532516092,-0.6514877940599735,4.769218736328185,0.23728814,0.72340426,0.45283019,0.64285714,0.82352941,0.77083333,0.44339623,0.1509434,0.60377358,0.24528302,83.15040588378906,91.36136627197266,84.25350247896634,9.304481506347656,8.586518287658691,-1.580094264103816,4.381906509399414,8.319822311401367,1.1739887090829701,0.7630749978125095,0.7986723408102989,-0.1693868264555931,4.769218736328185,1.247925532516092,-0.6514877940599735,0.23728814,0.72340426,0.45283019,0.64285714,0.82352941,0.77083333,0.44339623,12.0,86.7000020345052,36.833333333333336,1.0,0.08333333,105.2,2.0,0.16666667,2019-08-15,0
10,ATL,20,2019,MIA,H,27,0.0,1.0,11.571420689023775,1.0,1.0,0.0,0.0,0.0,0.0,0.0,4.2,24.0,10.0,6.0,6.0,2.0,1.0,0.0,0.0,0.0,1.0,4.0,7.714280459349183,1.9285701148372958,19.285701148372958,4.0,0.25,0.0,8.0,6.0,5.0,0.0,2.0,0.0,0.0,0.16666667,0.04166667,0.125,4.758193991514711,3.8571402296745916,0.43478260869565216,2.357141251467806,0.47058823529411764,0.6097561,7.714006887165523,3.857413801858252,4.7001335281143355,278.6546973057224,180.44479833167358,106.02983494480111,1.33333333,0.26315789,0.42105263,0.31578947,0.0,0.33333333,0.0,0.0,28.0,59.0,87.0,-0.24155999720096588,-0.539139986038208,0.2975800037384033,-4.18720006942749,-0.4430899918079376,0.8713600039482117,0.871999979019165,0.8700000047683716,0.23600000143051147,1.0,1.0,-0.40163499116897583,0.12441318146181057,0.0,0.0,0.4137931,91.88888889,0.4137931,82.52777778,0.17241379,83.06666667,,-0.908877968788147,-1.430469036102295,-0.7509173154830933,-2.524661024411519,-3.9735251002841525,-5.006115436553955,0.37735849,0.88235294,0.57471264,0.8,0.86666667,0.84,0.3908046,0.66666667,0.09195402,10.0,5.0,4.0,0.0,6.0,13.0,19.0,0.52631579,0.26315789,0.21052632,0.0,0.31578947,0.68421053,Caleb Smith,14875,7.8511007084320275,20.0,0.4137931,0.4137931,0.17241379,91.71388753255208,82.43333604600694,82.92000325520833,8.555277506510416,-0.2597222328186035,9.905333455403646,9.965277777777779,0.9927778244018555,6.153999837239583,-0.8245495781302452,-1.4304690323770046,-0.750917311757803,-2.2904154948062367,-3.973525089936124,-5.006115411718686,0.32608696,0.85365854,0.57471264,0.66666667,0.91428571,0.84,0.47126437,0.17241379,0.4137931,0.4137931,82.929345703125,91.68417019314236,82.38318549262152,9.464215087890626,8.214456346299913,-1.0471002790662978,4.355763753255208,8.485270182291666,-0.7298156950208876,-0.750917311757803,-0.8245495781302452,-1.4304690323770046,-5.006115411718686,-2.2904154948062367,-3.973525089936124,0.34042553,0.85,0.57471264,0.6875,0.91176471,0.84,0.45977011,19.0,92.01052374588816,11.263157894736842,1.0,0.05263158,109.8,8.0,0.42105263,2019-08-09,0
11,@TBR,20,2019,MIA,A,27,0.0,1.0,1.8,1.0,1.0,0.0,0.0,0.0,0.0,0.0,5.0,25.0,6.0,3.0,1.0,1.0,4.0,0.0,0.0,0.0,0.0,4.0,7.2,7.2,10.8,1.0,0.33333333,0.0,6.0,7.0,4.0,0.0,2.0,0.0,0.0,0.16,0.16,0.0,6.568860734886932,1.8,0.2857142857142857,2.0,0.3125,0.81395349,6.614009952545166,-4.814009952545166,6.798901170492172,43.34631577487102,154.5766710592825,153.79140745017784,0.85714286,0.23529412,0.35294118,0.41176471,0.0,0.14285714,1.0,1.8,41.0,60.0,101.0,-0.09472600370645523,-0.4101859927177429,0.3154599964618683,-0.4300000071525574,-0.043237801641225815,0.8141689896583557,0.6602399945259094,0.8700000047683716,0.5130000114440918,1.0,1.0,-0.25860700011253357,0.1422601422615554,0.0,0.0,0.55445545,90.875,0.27722772,82.89285714,0.16831683,81.52941176,,-1.1235387325286865,-1.025543212890625,0.2131546586751938,-2.0063191652297974,-3.6626543317522318,1.2538509333834928,0.28813559,0.64285714,0.43564356,0.88235294,0.74074074,0.79545455,0.41584158,0.56,0.08910891,10.0,5.0,2.0,2.0,7.0,8.0,17.0,0.58823529,0.29411765,0.11764706,0.11764706,0.41176471,0.47058824,Caleb Smith,14875,6.73417035528053,39.0,0.55445545,0.27722772,0.16831683,90.89999825613839,82.875,81.50588091681985,9.498035975864955,-0.6217857088361468,10.242941463694853,9.679107666015625,1.5282143184116908,5.754117629107307,-1.197318896651268,0.09165745973587036,0.2131546549499035,-2.1380694583058357,0.3273480704852513,1.2538509114700205,0.22222222,0.60714286,0.43564356,0.8,0.79411765,0.79545455,0.55445545,0.16831683,0.55445545,0.27722772,81.5287224264706,90.90833391462054,82.84746442522321,9.869433234719668,9.056060791015625,-1.2572532381330217,4.056175231933594,8.417659759521484,-0.03604211126055036,0.2131546549499035,-1.197318896651268,0.09165745973587036,1.2538509114700205,-2.1380694583058357,0.3273480704852513,0.22222222,0.60714286,0.43564356,0.8,0.79411765,0.79545455,0.55445545,17.0,92.9058837890625,18.88235294117647,3.0,0.17647059,113.1,7.0,0.41176471,2019-08-04,0
12,ARI,20,2019,MIA,H,27,1.0,0.0,5.142857142857143,1.0,1.0,0.0,0.0,0.0,0.0,0.0,7.0,27.0,4.0,4.0,4.0,1.0,1.0,1.0,1.0,0.0,0.0,9.0,11.571428571428571,1.2857142857142858,5.142857142857143,9.0,0.0,0.0,3.0,8.0,5.0,2.0,0.0,0.0,0.0,0.33333333,0.03703704,0.29629629,3.246157624069018,1.2857142857142858,0.16,0.7142857142857143,0.2,0.43478261,3.356867095402309,1.7859900474548343,3.773104824338641,123.84661649963151,77.979924903794,84.93347927591698,0.375,0.3125,0.1875,0.5,0.25,0.125,11.0,14.142857142857142,31.0,75.0,106.0,0.11693999916315079,-0.2672399878501892,0.3841800093650818,-0.65420001745224,-0.06922750174999237,0.7174069881439209,0.8457139730453491,0.8700000047683716,0.0560000017285347,1.0,1.0,0.143995001912117,0.019008706018995514,0.0,0.0,0.61320755,90.87692308,0.16037736,82.47058824,0.22641509,82.33333333,0.03773585,0.6299641132354736,-0.4385828375816345,1.8529324531555176,0.9691755588238056,-2.57989904459785,7.72055188814799,0.38181818,0.70588235,0.53773585,0.66666667,0.75,0.71929825,0.48113208,0.55555556,0.1509434,6.0,6.0,4.0,2.0,5.0,9.0,16.0,0.375,0.375,0.25,0.125,0.3125,0.5625,Caleb Smith,14875,3.8688749204003163,63.0,0.61320755,0.16037736,0.22641509,90.74923377403846,82.48235006893383,82.30000305175781,8.189230581430289,-0.48352942747228284,9.673333485921225,10.435846416766827,1.575882406795726,6.761250178019206,0.6014205105602741,-0.39641864597797394,1.8529323935508728,0.9252623239388833,-2.331874388105729,7.720551639795303,0.39583333,0.65517241,0.53773585,0.73684211,0.71052632,0.71929825,0.54716981,0.21818182,0.59090909,0.15454545,82.34297688802083,90.76887019230769,82.4805549172794,9.216632207234701,7.675439453125,-1.3053404864142923,5.0000912348429365,9.052439528245193,-0.03372769496020149,1.8529323935508728,0.4342537112534046,-0.39641864597797394,7.720551639795303,0.6680826326975455,-2.331874388105729,0.39583333,0.65517241,0.53773585,0.73684211,0.71052632,0.71929825,0.54716981,16.0,88.11250305175781,28.9375,1.0,0.0625,110.7,7.0,0.4375,2019-07-29,0
13,@CHW,20,2019,MIA,A,27,1.0,0.0,1.2857142857142858,1.0,1.0,0.0,0.0,0.0,0.0,0.0,7.0,25.0,2.0,1.0,1.0,0.0,2.0,0.0,0.0,0.0,0.0,9.0,11.571428571428571,2.5714285714285716,2.5714285714285716,4.5,0.0,0.0,4.0,8.0,2.0,2.0,0.0,0.0,0.0,0.36,0.08,0.28,3.3272767348869325,0.0,0.08695652173913043,0.5714285714285714,0.14285714285714285,0.75,1.499724238259452,-0.2140099525451662,3.773104824338641,30.961654124907877,34.30634156952424,84.93347927591698,0.5,0.14285714,0.28571429,0.57142857,0.25,0.0,5.0,6.428571428571429,36.0,57.0,93.0,0.2635360062122345,-0.08352000266313553,0.34705600142478943,2.7100000381469727,0.26686400175094604,0.6037520170211792,0.7692859768867493,0.8700000047683716,0.6431999802589417,1.0,1.0,0.3805750012397766,0.05592210151522725,0.0,0.0,0.50537634,91.53191489,0.30107527,82.42857143,0.19354839,82.5,,1.8790031671524048,1.1189929246902466,1.1400083303451538,3.99787907904767,3.9964033024651666,6.333379613028632,0.2,0.63157895,0.37634409,0.72727273,0.79166667,0.77142857,0.40860215,0.56,0.08602151,7.0,5.0,2.0,2.0,8.0,4.0,14.0,0.5,0.35714286,0.14285714,0.14285714,0.57142857,0.28571429,Caleb Smith,14875,0.7599318286076773,80.0,0.50537634,0.30107527,0.19354839,91.50850856050532,82.39999825613839,82.39999728732639,7.282766139253657,-0.6039285659790039,8.243888854980469,9.48446785135472,-0.39499998092651367,5.791666666666667,1.8631952367722988,1.1189929321408272,1.1400082856416702,3.9642451846219124,3.996403329074383,6.333379364675945,0.15217391,0.59574468,0.37634409,0.71428571,0.78571429,0.77142857,0.50537634,0.19354839,0.50537634,0.30107527,82.36027018229167,91.46463597074468,82.31368582589286,7.927274915907118,6.802622044340093,-1.2955760955810547,4.461260477701823,8.579970339511304,-1.5613694872174944,1.1400082856416702,1.8631952367722988,1.1189929321408272,6.333379364675945,3.9642451846219124,3.996403329074383,0.11627907,0.6,0.37634409,0.6,0.8,0.77142857,0.53763441,14.0,87.60714285714286,28.071428571428573,0.0,0.0,102.4,4.0,0.28571429,2019-07-23,0
14,SDP,20,2019,MIA,H,27,0.0,0.0,3.6,1.0,1.0,0.0,0.0,0.0,0.0,0.0,5.0,22.0,5.0,2.0,2.0,1.0,2.0,0.0,0.0,0.0,0.0,7.0,12.6,3.6,9.0,3.5,0.0,0.0,3.0,7.0,3.0,3.0,0.0,0.0,0.0,0.31818182,0.09090909,0.22727273,3.92636515726404,1.8,0.25,1.4,0.3333333333333333,0.89285714,4.214009952545166,-0.6140099525451661,4.398901170492172,86.69263154974205,98.13696336576464,99.17470205680017,0.42857143,0.23076923,0.23076923,0.53846154,0.42857143,0.14285714,3.0,5.4,35.0,61.0,96.0,0.051920000463724136,-0.3804199993610382,0.43233999609947205,0.3898000121116638,0.04124870151281357,1.2389099597930908,1.0199999809265137,0.8700000047683716,1.4539999961853027,1.0,1.0,-0.049050699919462204,0.09095850770913826,0.0,0.0,0.71875,91.56521739,0.20833333,81.2,0.07291667,82.14285714,,-0.22198469936847687,-0.004522629082202911,-0.3117687404155731,-0.3217169556064882,-0.022613145411014557,-4.453839148793902,0.37878788,0.7,0.47916667,0.68,0.66666667,0.67391304,0.3125,0.5,0.15625,4.0,5.0,4.0,4.0,3.0,6.0,13.0,0.30769231,0.38461538,0.30769231,0.30769231,0.23076923,0.46153846,Caleb Smith,14875,3.6418732148960222,51.0,0.71875,0.20833333,0.07291667,91.55797101449275,81.2,82.18571254185268,9.080145352128623,-0.9279999732971191,9.577142987932477,9.715072852977809,-0.36100001335144044,6.2685715811593195,-0.23779265582561493,-0.004522629082202911,-0.3117687441408634,-0.34462703742842743,-0.022613145411014557,-4.453839202012334,0.4,0.64516129,0.47916667,0.61538462,0.75,0.67391304,0.32291667,0.07291667,0.71875,0.20833333,82.23978097098214,91.59066462862319,81.18432006835937,8.999936785016741,8.532529084578805,-1.7148397445678711,4.46044567653111,8.445690210314764,-1.9993989944458008,-0.3117687441408634,-0.23779265582561493,-0.004522629082202911,-4.453839202012334,-0.34462703742842743,-0.022613145411014557,0.40909091,0.63333333,0.47916667,0.62962963,0.73684211,0.67391304,0.3125,13.0,87.11538461538461,23.923076923076923,2.0,0.15384615,104.6,4.0,0.30769231,2019-07-18,0
15,NYM,20,2019,MIA,H,27,1.0,0.0,3.0,1.0,1.0,0.0,0.0,0.0,0.0,0.0,6.0,25.0,3.0,2.0,2.0,0.0,5.0,0.0,0.0,0.0,0.0,6.0,9.0,7.5,4.5,1.2,0.0,0.0,2.0,7.0,3.0,0.0,0.0,2.0,0.0,0.24,0.2,0.04,6.4289375348869315,0.0,0.15,1.3333333333333333,0.21428571428571427,0.75,3.7140099525451666,-0.7140099525451666,6.034752634167672,72.24385962478505,86.3786909296151,136.40170933133783,0.28571429,0.25,0.16666667,0.58333333,0.0,0.0,7.0,10.5,42.0,63.0,105.0,0.08941999822854996,-0.4072999954223633,0.49671998620033264,0.8677999973297119,0.09183070063591003,1.1397700309753418,1.0269999504089355,0.8700000047683716,0.33000001311302185,1.0,1.0,0.16071200370788574,-0.08225758237867245,0.0,0.0,0.60952381,91.78125,0.32380952,80.02941176,0.06666667,81.57142857,,0.9116408228874207,2.1088595390319824,-0.8193553686141968,1.4244387857615948,6.202528055976419,-11.705076694488525,0.25396825,0.69047619,0.42857143,0.4375,0.86206897,0.71111111,0.4,0.6,0.12380952,6.0,3.0,5.0,4.0,7.0,3.0,14.0,0.42857143,0.21428571,0.35714286,0.28571429,0.5,0.21428571,Caleb Smith,14875,4.097602397542927,60.0,0.60952381,0.32380952,0.06666667,91.7015609741211,80.02646771599265,81.60000174386161,8.762499809265137,-0.657647076775046,9.058571406773158,9.8774995803833,-0.3132352828979492,6.85857173374721,0.9116408303380013,2.1088595502078533,-0.8193553611636162,1.424438797403127,6.202528088846628,-11.705076588051659,0.22413793,0.68085106,0.42857143,0.38461538,0.84375,0.71111111,0.44761905,0.06666667,0.60952381,0.32380952,81.58013044084821,91.64049530029297,79.93073586856617,8.63896996634347,8.13224983215332,-1.4998985739315258,4.95586177280971,8.511494636535645,-2.070652681238511,-0.8193553611636162,0.9116408303380013,2.1088595502078533,-11.705076588051659,1.424438797403127,6.202528088846628,0.22807018,0.66666667,0.42857143,0.38461538,0.84375,0.71111111,0.45714286,14.0,84.42500305175781,31.75,0.0,0.0,109.8,2.0,0.14285714,2019-07-12,0
16,@ATL,20,2019,MIA,A,27,1.0,0.0,4.5,1.0,1.0,0.0,0.0,0.0,0.0,0.0,6.0,23.0,5.0,4.0,3.0,2.0,1.0,0.0,0.0,0.0,0.0,6.0,9.0,1.5,7.5,6.0,0.0,0.0,5.0,8.0,3.0,1.0,0.0,0.0,0.0,0.26086957,0.04347826,0.21739131,3.9870673595018853,3.0,0.22727272727272727,1.0,0.21428571428571427,0.625,6.0473432858785,-1.5473432858785001,4.366287302970887,108.36578943717757,141.25062896497968,98.4325095592382,0.625,0.1875,0.3125,0.5,0.125,0.25,5.0,7.5,34.0,61.0,95.0,-0.049904000014066696,-0.3715200126171112,0.321615993976593,-0.7720000147819519,-0.07524369657039642,0.8021569848060608,0.9995329976081848,0.8700000047683716,1.909999966621399,1.0,1.0,-0.009289730340242386,-0.052922531049131534,0.0,0.0,0.58947368,92.32142857,0.29473684,82.67857143,0.11578947,83.36363636,,0.09040258824825287,-0.3541262149810791,-0.6417446136474609,0.16143319330045156,-1.2647364820752824,-5.8340419422496455,0.33928571,0.79487179,0.52631579,0.78947368,0.87096774,0.84,0.41052632,0.52173913,0.08421053,6.0,3.0,7.0,5.0,4.0,7.0,16.0,0.375,0.1875,0.4375,0.3125,0.25,0.4375,Caleb Smith,14875,5.699526982463323,46.0,0.58947368,0.29473684,0.11578947,92.29464285714286,82.65357317243304,83.2909102006392,7.698214394705636,-0.7925000190734863,8.706363331187855,8.442678724016462,0.593571390424456,5.0863637057217685,0.13256679102778435,-0.3541262075304985,-0.6417446210980415,0.2367264125496149,-1.264736455466066,-5.834042009982196,0.30612245,0.76086957,0.52631579,0.73333333,0.88571429,0.84,0.48421053,0.11578947,0.58947368,0.29473684,83.04604270241477,92.03570556640625,82.38042340959821,8.470911892977627,7.423322405133929,-1.4530820846557617,3.9744945872913706,7.646173204694476,-0.6320106642586845,-0.6417446210980415,0.13256679102778435,-0.3541262075304985,-5.834042009982196,0.2367264125496149,-1.264736455466066,0.30612245,0.76086957,0.52631579,0.73333333,0.88571429,0.84,0.48421053,16.0,87.89375305175781,20.5,2.0,0.125,108.1,8.0,0.5,2019-07-06,0
17,@MIL,20,2019,MIA,A,27,0.0,1.0,7.2,1.0,1.0,0.0,0.0,0.0,0.0,0.0,5.0,23.0,6.0,4.0,4.0,3.0,2.0,0.0,0.0,0.0,0.0,2.0,3.6,3.6,10.8,1.0,0.0,0.0,6.0,9.0,3.0,0.0,0.0,1.0,0.0,0.08695652,0.08695652,0.0,6.758330186011848,5.4,0.2857142857142857,1.6,0.1875,1.0,11.414009952545165,-4.214009952545164,7.194584375619888,173.3852630994841,267.4560864463182,162.7959545516645,0.66666667,0.16666667,0.33333333,0.5,0.0,0.33333333,1.0,1.8,24.0,59.0,83.0,-0.19978399574756622,-0.3556300103664398,0.1558459997177124,-1.315000057220459,-0.1283549964427948,0.4260829985141754,0.4691599905490875,0.8700000047683716,0.3264000117778778,1.0,1.0,-0.4205380082130432,-0.048347153701999934,0.0,0.0,0.48192771,90.9,0.28915663,82.54166667,0.22891566,82.10526316,,-3.0463497638702393,0.3667236268520355,0.4569736123085022,-7.615874409675598,1.5280151118834815,2.405124275307906,0.275,0.81395349,0.55421687,0.72727273,0.85714286,0.82608696,0.51807229,0.82608696,0.09638554,6.0,5.0,8.0,3.0,7.0,9.0,19.0,0.31578947,0.26315789,0.42105263,0.15789474,0.36842105,0.47368421,Caleb Smith,14875,11.474084118805637,26.0,0.48192771,0.28915663,0.22891566,90.9,82.5750020345052,81.9105288856908,7.5279998779296875,-1.1158333619435628,8.338947496916118,8.712000274658203,0.38750000794728595,5.108420924136513,-3.0463497042655945,0.3667236380279064,0.4991378113627434,-7.615874260663986,1.5280151584496102,2.6270411124354918,0.27272727,0.74,0.55421687,0.66666667,0.86486486,0.82608696,0.60240964,0.22891566,0.48192771,0.28915663,81.84474583675987,90.81329345703125,82.47129821777344,8.097360711348685,7.170619201660156,-1.658750851949056,3.592736896715666,7.685465240478516,-0.8542002042134603,0.4991378113627434,-3.0463497042655945,0.3667236380279064,2.6270411124354918,-7.615874260663986,1.5280151584496102,0.25806452,0.73076923,0.55421687,0.625,0.86842105,0.82608696,0.62650602,19.0,92.38333468967014,17.555555555555557,3.0,0.15789474,108.1,10.0,0.52631579,2019-06-06,0
18,@SDP,20,2019,MIA,A,27,0.0,1.0,3.6,1.0,1.0,0.0,0.0,0.0,0.0,0.0,5.0,20.0,3.0,2.0,2.0,2.0,2.0,0.0,0.0,0.0,0.0,8.0,14.4,3.6,5.4,4.0,0.0,0.0,3.0,5.0,2.0,1.0,0.0,0.0,0.0,0.4,0.1,0.3,3.092155934886933,3.6,0.16666666666666666,1.0,0.125,1.0,6.414009952545166,-2.8140099525451663,3.2032179653644564,86.69263154974205,149.87336208482267,71.96458649085432,0.6,0.2,0.3,0.5,0.2,0.4,1.0,1.8,37.0,56.0,93.0,-0.006267989985644817,-0.27044400572776794,0.26417601108551025,0.47999998927116394,0.0495355986058712,0.6521999835968018,0.7660800218582153,0.8700000047683716,0.8259999752044678,1.0,1.0,-0.08238749951124191,0.07277696571288511,0.0,0.0,0.5483871,92.78431373,0.31182796,83.75862069,0.13978495,83.23076923,,1.8536394834518433,-0.12946462631225586,-1.6632380485534668,3.6345872224545945,-0.4464297459043306,-12.794138835026667,0.29850746,0.65384615,0.39784946,0.65,0.70588235,0.67567568,0.27956989,0.7,0.12903226,3.0,4.0,3.0,3.0,3.0,4.0,10.0,0.3,0.4,0.3,0.3,0.3,0.4,Caleb Smith,14875,5.986856136169453,50.0,0.5483871,0.31182796,0.13978495,92.74706073835785,83.78620858028017,83.2076885516827,7.941764681946998,-0.2927586127971781,8.71846184363732,9.55098051183364,1.9255172466409618,6.604615431565505,1.8536394499242306,-0.15800822526216507,-1.663238026201725,3.6345871567141774,-0.5448559491798796,-12.794138663090193,0.26,0.55813953,0.39784946,0.61538462,0.70833333,0.67567568,0.46236559,0.13978495,0.5483871,0.31182796,83.25640399639423,92.76926317401961,83.79384428879311,8.495353111853966,7.644384047564338,-0.8915738072888605,5.088490999661959,8.389488070618873,0.49044263773951036,-1.663238026201725,1.8536394499242306,-0.15800822526216507,-12.794138663090193,3.6345871567141774,-0.5448559491798796,0.27083333,0.53333333,0.39784946,0.61538462,0.70833333,0.67567568,0.48387097,10.0,88.6,22.3,1.0,0.1,111.7,6.0,0.6,2019-05-31,0
19,@WSN,20,2019,MIA,A,27,0.0,1.0,15.0,1.0,1.0,0.0,0.0,0.0,0.0,0.0,3.0,17.0,5.0,5.0,5.0,1.0,2.0,1.0,1.0,0.0,0.0,1.0,3.0,6.0,15.0,0.5,0.0,0.0,2.0,9.0,2.0,1.0,0.0,0.0,0.0,0.05882353,0.11764706,-0.05882353,8.746005027991224,3.0,0.35714285714285715,2.3333333333333335,0.3333333333333333,0.45454545,9.880676619211833,5.119323380788167,11.514967324336371,361.2192981239252,231.3973843087929,261.1147390085897,0.22222222,0.15384615,0.15384615,0.69230769,0.11111111,0.11111111,0.0,0.0,24.0,43.0,67.0,-0.252483993768692,-0.4087679982185364,0.15628400444984436,-3.3529999256134033,-0.32209399342536926,0.8306589722633362,0.8691999912261963,0.8700000047683716,0.18639999628067017,1.0,1.0,-0.12702199816703796,-0.17693426089886582,0.0,0.0,0.46268657,92.38709677,0.3880597,84.19230769,0.14925373,82.8,0.01492537,-1.689530849456787,-0.3829845190048218,-0.22661501169204712,-5.450099514376733,-1.473017380787776,-2.266150116920471,0.23529412,0.66666667,0.44776119,1.0,0.81818182,0.86666667,0.49253731,0.52941176,0.05970149,4.0,8.0,1.0,2.0,5.0,6.0,13.0,0.30769231,0.61538462,0.07692308,0.15384615,0.38461538,0.46153846,Caleb Smith,14875,7.619356617469413,24.0,0.46268657,0.3880597,0.14925373,92.34515971522177,84.15769606370192,82.77999877929688,8.589354484311995,-0.13769230475792518,8.615000152587891,8.525806057837702,2.186923100398137,5.829999923706055,-1.6895308271050453,-0.39879248291254044,-0.18445079773664474,-5.45009944227434,-1.5338172419713092,-1.8445079773664477,0.13793103,0.68421053,0.44776119,1.0,0.84615385,0.86666667,0.56716418,0.14705882,0.45588235,0.38235294,82.78098754882812,92.30900327620968,84.09731820913461,8.35573501586914,8.057387321226058,-0.8986009451059195,4.3771820068359375,7.3356564429498485,0.7595625657301682,-0.18445079773664474,-1.6895308271050453,-0.39879248291254044,-1.8445079773664477,-5.45009944227434,-1.5338172419713092,0.16129032,0.69444444,0.44776119,1.0,0.84,0.86666667,0.53731343,13.0,92.89230581430289,24.076923076923077,3.0,0.23076923,105.1,8.0,0.61538462,2019-05-26,0
20,@DET,20,2019,MIA,A,27,0.0,0.0,3.6,1.0,1.0,0.0,0.0,0.0,0.0,0.0,5.0,18.0,3.0,2.0,2.0,1.0,0.0,0.0,0.0,2.0,0.0,7.0,12.6,0.0,5.4,7.0,0.0,0.0,1.0,7.0,3.0,1.0,0.0,0.0,0.0,0.38888889,0.0,0.38888889,2.8454154179013154,1.8,0.16666666666666666,0.6,0.2,0.625,3.014009952545166,0.5859900474548341,3.1989011704921726,86.69263154974205,69.91710951900572,71.86634936011133,0.14285714,0.27272727,0.09090909,0.63636364,0.14285714,0.14285714,3.0,5.4,32.0,57.0,89.0,0.10028000175952911,-0.2597599923610687,0.36004000902175903,0.8349999785423279,0.07840369641780853,0.9498999714851379,1.0839999914169312,0.9200000166893005,1.5579999685287476,1.0,1.0,0.048239998519420624,0.057329013765888295,0.0,0.0,0.49438202,90.81818182,0.30337079,82.55555556,0.20224719,81.5,,1.881243348121643,0.24231567978858948,-0.6252979636192322,4.275553063912825,0.8974654806984795,-3.473877575662401,0.39285714,0.72727273,0.51685393,0.72727273,0.58333333,0.65217391,0.37078652,0.66666667,0.17977528,3.0,4.0,4.0,1.0,4.0,6.0,11.0,0.27272727,0.36363636,0.36363636,0.09090909,0.36363636,0.54545455,Caleb Smith,14875,3.1720862282612283,59.0,0.49438202,0.30337079,0.20224719,90.74545565518466,82.48148148148148,81.46666802300348,8.952727577903055,-0.5329629756786205,9.224444071451822,10.720454822887074,2.14962966353805,7.119444105360243,1.923407606780529,0.251688189804554,-0.6252979785203934,4.371380924501202,0.9321784807576073,-3.47387765844663,0.35416667,0.70731707,0.51685393,0.58823529,0.68965517,0.65217391,0.46067416,0.20224719,0.49438202,0.30337079,81.45447455512152,90.67781205610795,82.38446723090277,8.994772169325087,8.41805683482777,-1.3434243378815827,5.481372409396702,9.399425159801137,0.3109248125994647,-0.6252979785203934,1.923407606780529,0.251688189804554,-3.47387765844663,4.371380924501202,0.9321784807576073,0.35416667,0.70731707,0.51685393,0.58823529,0.68965517,0.65217391,0.46067416,11.0,91.92727383700284,32.18181818181818,2.0,0.18181818,110.6,6.0,0.54545455,2019-05-21,0
21,TBR,20,2019,MIA,H,27,0.0,1.0,3.37500201165796,1.0,1.0,0.0,0.0,0.0,0.0,0.0,5.1,21.0,4.0,2.0,2.0,1.0,2.0,0.0,0.0,0.0,0.0,8.0,13.50000804663184,3.37500201165796,6.75000402331592,4.0,0.0,0.0,4.0,4.0,3.0,0.0,0.0,0.0,0.0,0.38095238,0.0952381,0.28571428,3.1746803085673867,1.68750100582898,0.21052631578947367,1.1250006705526534,0.3,0.86956522,3.7765102878214933,-0.40150827616353313,2.830915733817686,81.27439052119495,87.84848286867457,63.492119283484705,1.0,0.27272727,0.36363636,0.36363636,0.0,0.25,0.0,0.0,31.0,75.0,106.0,0.09042009711265564,-0.27160000801086426,0.36201998591423035,0.9878000020980835,0.1045290008187294,0.8985450267791748,0.9039999842643738,0.8700000047683716,2.049999952316284,1.0,1.0,0.11048000305891037,-0.009850547196508547,0.0,0.0,0.51886792,92.52727273,0.31132075,82.93939394,0.16981132,82.77777778,,0.553301990032196,0.4873157739639282,-0.28659236431121826,1.0060036182403564,1.4767144665573582,-1.5921798017289903,0.36538462,0.77777778,0.5754717,0.57894737,0.80952381,0.73770492,0.50943396,0.57142857,0.1509434,5.0,3.0,3.0,1.0,4.0,6.0,11.0,0.45454545,0.27272727,0.27272727,0.09090909,0.36363636,0.54545455,Caleb Smith,14875,4.227128041205878,56.0,0.51886792,0.31132075,0.16981132,92.48181818181818,82.78181966145833,82.67222086588542,8.275454434481533,-0.34757576566753967,9.302222357855904,9.76418124112216,0.8984848369251598,6.442777845594618,0.21842700615525246,0.5294799841940403,-0.28659237921237946,0.39714001119136816,1.6044848005880008,-1.5921798845132191,0.36,0.76785714,0.5754717,0.55555556,0.8372093,0.75409836,0.52830189,0.16981132,0.51886792,0.31132075,82.63593885633681,92.41764026988636,82.69318181818181,9.117911444769966,7.9666520552201705,-0.8369240616307114,4.9497570461697045,8.587857333096592,-0.4589822075583718,-0.28659237921237946,0.21842700615525246,0.5294799841940403,-1.5921798845132191,0.39714001119136816,1.6044848005880008,0.34693878,0.77192982,0.5754717,0.52941176,0.84090909,0.75409836,0.53773585,11.0,93.31818181818181,18.636363636363637,0.0,0.0,112.9,7.0,0.63636364,2019-05-14,0
22,@CHC,20,2019,MIA,A,27,0.0,0.0,2.6999987125402867,1.0,1.0,0.0,0.0,0.0,0.0,0.0,6.2,27.0,5.0,2.0,2.0,1.0,3.0,0.0,0.0,0.0,0.0,11.0,14.849992918971576,4.04999806881043,6.749996781350717,3.66666667,0.0,0.0,3.0,7.0,2.0,0.0,0.0,1.0,0.0,0.40740741,0.11111111,0.2962963,3.201135570472077,1.3499993562701433,0.20833333333333334,1.199999427795683,0.3333333333333333,0.90909091,3.214009952545166,-0.5140112400048795,3.3526782998832,65.01944265862028,74.62041849346555,75.36584943185677,0.42857143,0.16666667,0.25,0.58333333,0.0,0.14285714,2.0,2.6999987125402867,40.0,72.0,112.0,0.18133999407291412,-0.3421599864959717,0.5235000252723694,1.4160000085830688,0.1408960074186325,1.1042200326919556,1.1139999628067017,0.8700000047683716,1.4839999675750732,1.0,1.0,0.12914299964904785,0.035081510597183646,0.0,0.0,0.47321429,91.71698113,0.5,82.73214286,0.02678571,81.66666667,,-0.7797999382019043,1.6063624620437622,-0.5485954284667969,-1.4713206381168007,2.8685043965067183,-18.286514282226562,0.36486486,0.73684211,0.49107143,0.48148148,0.85714286,0.67272727,0.33928571,0.62962963,0.16071429,2.0,6.0,5.0,1.0,8.0,4.0,13.0,0.15384615,0.46153846,0.38461538,0.07692308,0.61538462,0.30769231,Caleb Smith,14875,2.969914152394728,63.0,0.47321429,0.5,0.02678571,91.67169995577831,82.66964285714286,82.0,9.525848964475236,0.06482142635754176,9.550000508626303,8.772452876252949,1.5219643456595284,6.3799997965494795,-0.7925355583429337,1.5936268754303455,-0.5485954284667969,-1.495350110081007,2.8457622775541886,-18.286514282226562,0.32307692,0.72340426,0.49107143,0.33333333,0.88235294,0.67272727,0.41964286,0.02678571,0.47321429,0.5,81.85299682617188,91.56270268278301,82.54258510044643,9.038796742757162,9.008554134728774,-0.7257602555411202,4.929363250732422,7.781334067290684,0.07336373840059553,-0.5485954284667969,-0.9835362285375595,1.5936268754303455,-18.286514282226562,-1.855728733089735,2.8457622775541886,0.30769231,0.74468085,0.49107143,0.3,0.88571429,0.67272727,0.41964286,13.0,93.05832926432292,17.666666666666668,1.0,0.07692308,108.2,3.0,0.23076923,2019-05-07,0
23,CLE,20,2019,MIA,H,27,1.0,0.0,1.2857142857142858,1.0,1.0,0.0,0.0,0.0,0.0,0.0,7.0,25.0,4.0,1.0,1.0,1.0,2.0,0.0,0.0,0.0,0.0,8.0,10.285714285714286,2.5714285714285716,5.142857142857143,4.0,0.0,0.0,5.0,4.0,5.0,0.0,0.0,1.0,0.0,0.32,0.08,0.24,3.5543647348869323,1.2857142857142858,0.17391304347826086,0.8571428571428571,0.21428571428571427,1.0,3.6425813811165946,-2.3568670954023085,2.922128817013332,30.961654124907877,84.69893772445087,65.56785182220064,1.25,0.35714286,0.35714286,0.28571429,0.0,0.25,4.0,5.142857142857143,28.0,64.0,92.0,0.2594200074672699,-0.2587200105190277,0.5181400179862976,2.3457999229431152,0.24823300540447235,0.8906149864196777,1.0260000228881836,0.8700000047683716,0.843999981880188,1.0,1.0,0.16200199723243713,0.12927988261797152,0.0,0.0,0.43478261,91.8,0.32608696,83.23333333,0.23913043,82.22727273,,0.41093897819519043,2.618711233139038,-0.999848484992981,1.027347445487976,8.729037443796793,-4.544765840877186,0.39583333,0.70454545,0.54347826,0.36842105,0.70967742,0.58,0.47826087,0.72,0.22826087,8.0,4.0,3.0,0.0,9.0,6.0,15.0,0.53333333,0.26666667,0.2,0.0,0.6,0.4,Caleb Smith,14875,5.269939363304977,69.0,0.43478261,0.32608696,0.23913043,91.82000122070312,83.12666829427083,82.19091242009944,9.302750396728516,-0.268999989827474,9.89590870250355,9.267749786376953,1.4693332672119142,6.245909257368608,0.4531031921505928,2.6608755327761173,-0.9998484887182713,1.132757980376482,8.869585109253725,-4.544765857810324,0.43589744,0.62264151,0.54347826,0.35294118,0.6969697,0.58,0.57608696,0.23913043,0.43478261,0.32608696,82.19339821555398,91.7989501953125,83.07774251302084,9.573536959561435,8.851301574707032,-0.8818733851114909,4.662745735862038,8.018040466308594,-0.08534816900889079,-0.9998484887182713,0.4531031921505928,2.6608755327761173,-4.544765857810324,1.132757980376482,8.869585109253725,0.45,0.61538462,0.54347826,0.33333333,0.71875,0.58,0.56521739,15.0,93.67857142857143,15.428571428571429,1.0,0.06666667,109.8,7.0,0.46666667,2019-05-01,0
24,@PHI,20,2019,MIA,A,27,0.0,0.0,1.5,1.0,1.0,0.0,0.0,0.0,0.0,0.0,6.0,22.0,3.0,1.0,1.0,1.0,1.0,0.0,0.0,0.0,0.0,8.0,12.0,1.5,4.5,8.0,0.0,0.0,2.0,8.0,3.0,2.0,0.0,0.0,0.0,0.36363636,0.04545455,0.31818181,3.2227330272362718,1.5,0.14285714285714285,0.6666666666666666,0.16666666666666666,1.0,3.2140099525451666,-1.7140099525451666,3.6996206363042203,36.12192981239252,74.62041849346555,83.26120250552216,0.25,0.23076923,0.15384615,0.61538462,0.25,0.125,1.0,1.5,24.0,78.0,102.0,0.2537980079650879,-0.2569040060043335,0.5107020139694214,2.180000066757202,0.2146729975938797,1.0303599834442139,1.0566699504852295,0.8700000047683716,1.5154000520706177,1.0,1.0,0.08120709657669067,0.16511264802044517,0.0,0.0,0.55882353,92.38596491,0.17647059,84.11111111,0.26470588,83.07407407,,2.808650255203247,-1.8161755800247192,1.0262036323547363,4.927456588075872,-10.089864333470661,3.8007541939064313,0.515625,0.78947368,0.61764706,0.63636364,0.73333333,0.68253968,0.37254902,0.68181818,0.19607843,2.0,5.0,6.0,3.0,6.0,4.0,13.0,0.15384615,0.38461538,0.46153846,0.23076923,0.46153846,0.30769231,Caleb Smith,14875,2.921289014236831,67.0,0.55882353,0.17647059,0.26470588,92.34912109375,84.10000271267361,82.95925564236111,8.442982456140351,-0.011111118727260165,9.099258987991899,9.269297817297149,1.6616666581895616,5.576296205873843,2.877170704305172,-1.816175527870655,1.0103956758975983,5.047667902289776,-10.089864043725862,3.7422062070281417,0.42857143,0.79245283,0.61764706,0.42857143,0.80952381,0.68253968,0.51960784,0.26470588,0.55882353,0.17647059,83.00675455729167,92.3761136239035,84.10200330946181,8.767569647894966,8.214880156935306,-0.7197455830044217,4.225721571180555,8.165113482558937,0.1986027028825548,1.0103956758975983,2.877170704305172,-1.816175527870655,3.7422062070281417,5.047667902289776,-10.089864043725862,0.39130435,0.80357143,0.61764706,0.38888889,0.8,0.68253968,0.54901961,13.0,86.43845778245192,32.07692307692308,2.0,0.15384615,107.6,4.0,0.30769231,2019-04-25,0
25,WSN,20,2019,MIA,H,27,1.0,0.0,1.5,1.0,1.0,0.0,0.0,0.0,0.0,0.0,6.0,22.0,5.0,1.0,1.0,0.0,0.0,0.0,0.0,2.0,0.0,8.0,12.0,0.0,7.5,8.0,0.0,1.0,7.0,2.0,3.0,0.0,0.0,2.0,2.0,0.36363636,0.0,0.36363636,2.068683393630403,0.0,0.22727272727272727,0.8333333333333334,0.35714285714285715,0.8,0.5473432858785001,0.9526567141214999,1.2104126234849302,36.12192981239252,11.90963216733462,26.614393880944547,3.5,0.25,0.58333333,0.16666667,0.0,0.0,3.0,4.5,26.0,61.0,87.0,0.2368600070476532,-0.35822001099586487,0.5950800180435181,1.867799997329712,0.1976509988307953,1.1975200176239014,1.0476700067520142,0.8700000047683716,1.3200000524520874,1.0,1.0,0.164901003241539,0.032891103413702355,0.0,0.0,0.40229885,92.08571429,0.37931034,82.39393939,0.2183908,82.31578947,,1.5896661281585693,0.4857386648654938,0.46194079518318176,4.541903223310198,1.471935348077254,2.4312673430693774,0.41666667,0.66666667,0.52873563,0.6,0.80769231,0.7173913,0.44827586,0.54545455,0.14942529,9.0,2.0,3.0,2.0,8.0,4.0,14.0,0.64285714,0.14285714,0.21428571,0.14285714,0.57142857,0.28571429,Caleb Smith,14875,1.1956652217151433,71.0,0.40229885,0.37931034,0.2183908,92.07428850446429,82.34848484848484,82.19473427220395,7.6011431012834825,-0.5084848692922881,9.020000256990132,10.221714564732142,0.9103030002478397,6.709999887566817,1.5896660722792149,0.4857386574149132,0.46194078773260117,4.5419030636549,1.471935325499737,2.4312673038557957,0.34146341,0.69565217,0.52873563,0.64285714,0.75,0.7173913,0.52873563,0.2183908,0.40229885,0.37931034,82.25676526521382,92.11740373883929,82.37906901041667,8.744634527909128,7.2913330078125,-1.060381571451823,5.077861585115132,8.915227399553572,-0.6460889758485736,0.46194078773260117,1.5896660722792149,0.4857386574149132,2.4312673038557957,4.5419030636549,1.471935325499737,0.36585366,0.67391304,0.52873563,0.66666667,0.74193548,0.7173913,0.52873563,14.0,86.54166666666667,7.083333333333333,0.0,0.0,102.7,3.0,0.21428571,2019-04-19,0
26,PHI,20,2019,MIA,H,27,1.0,0.0,0.0,1.0,1.0,0.0,0.0,0.0,0.0,0.0,6.0,22.0,1.0,0.0,0.0,0.0,3.0,0.0,0.0,0.0,0.0,6.0,9.0,4.5,1.5,2.0,0.0,0.0,7.0,4.0,2.0,0.0,0.0,0.0,0.0,0.27272727,0.13636364,0.13636363,4.671179317864992,0.0,0.05263157894736842,0.6666666666666666,0.07692307692307693,1.0,2.7140099525451666,-2.7140099525451666,4.040148627758027,0.0,62.862146057316004,91.0105845836185,1.75,0.15384615,0.53846154,0.30769231,0.0,0.0,7.0,10.5,35.0,64.0,99.0,0.18379999697208405,-0.08196000009775162,0.26576000452041626,2.867799997329712,0.30347099900245667,0.5671820044517517,0.5846670269966125,0.8700000047683716,0.09799999743700027,1.0,1.0,0.2910979986190796,0.03296023230054984,0.0,0.0,0.45454545,92.57777778,0.26262626,83.76923077,0.28282828,83.03571429,,0.7922024726867676,1.1978100538253784,0.9576935172080994,1.7604499393039281,4.606961745482225,3.4203339900289267,0.31147541,0.63157895,0.43434343,0.73684211,0.75,0.74418605,0.38383838,0.59090909,0.11111111,9.0,0.0,4.0,3.0,7.0,3.0,13.0,0.69230769,0.0,0.30769231,0.23076923,0.53846154,0.23076923,Caleb Smith,14875,2.378154818727777,74.0,0.45454545,0.26262626,0.28282828,92.49333767361111,83.66153658353366,82.94285365513393,8.07866685655382,-1.0584615560678334,9.21749986921038,9.65111083984375,1.0523077157827525,6.578571319580078,0.7922024466097355,1.2399742975831032,0.9576935023069382,1.7604498813549678,4.769131913781166,3.4203339368104935,0.25,0.63829787,0.43434343,0.69230769,0.76666667,0.74418605,0.47474747,0.28282828,0.45454545,0.26262626,82.98560442243304,92.52521701388889,83.6540057842548,9.006542205810547,7.712320963541667,-1.4920751131497896,4.911119733537946,8.22884521484375,-0.30992573958176833,0.9576935023069382,0.7922024466097355,1.2399742975831032,3.4203339368104935,1.7604498813549678,4.769131913781166,0.25,0.63829787,0.43434343,0.69230769,0.76666667,0.74418605,0.47474747,13.0,76.71538367638222,8.615384615384615,0.0,0.0,92.9,0.0,0.0,2019-04-13,0
27,@ATL,20,2019,MIA,A,27,0.0,0.0,4.5,1.0,1.0,0.0,0.0,0.0,0.0,0.0,6.0,23.0,4.0,3.0,3.0,2.0,2.0,0.0,0.0,0.0,0.0,7.0,10.5,3.0,6.0,3.5,0.0,0.0,2.0,7.0,5.0,2.0,0.0,0.0,0.0,0.30434783,0.08695652,0.21739131,4.118233705600298,3.0,0.19047619047619047,1.0,0.16666666666666666,0.9375,6.214009952545167,-1.714009952545167,4.201419300834338,108.36578943717757,145.17005311036283,94.68061493361877,0.28571429,0.35714286,0.14285714,0.5,0.28571429,0.28571429,2.0,3.0,29.0,57.0,86.0,-0.0058960397727787495,-0.48405998945236206,0.4781639873981476,0.2280000001192093,0.02222220040857792,0.9176669716835022,0.9279329776763916,0.8700000047683716,0.7839999794960022,1.0,1.0,-0.1203790009021759,0.11395396877754556,0.0,0.0,0.5,92.93023256,0.3255814,84.96428571,0.1744186,83.33333333,,-1.1472140550613403,1.4564558267593384,-0.2342476099729538,-2.6679396629333496,5.201627952711923,-1.5616507331530254,0.2826087,0.75,0.5,0.76923077,0.8,0.79069767,0.46511628,0.60869565,0.10465116,6.0,4.0,4.0,4.0,6.0,4.0,14.0,0.42857143,0.28571429,0.28571429,0.28571429,0.42857143,0.28571429,Caleb Smith,14875,7.532691866125656,50.0,0.5,0.3255814,0.1744186,92.86511514353198,84.90713936941964,83.33333333333333,8.144186330396076,-0.48499999727521625,8.692666625976562,9.074418888535611,1.4414285932268416,5.625333150227864,-1.2093451172113419,1.443720169365406,-0.2342476062476635,-2.8124305051426557,5.156143462019307,-1.5616507083177567,0.27027027,0.67346939,0.5,0.7,0.81818182,0.79069767,0.56976744,0.1744186,0.5,0.3255814,83.33130696614583,92.8451183230378,84.87642124720982,8.386744181315104,7.739383431368096,-1.194354466029576,4.431568908691406,7.92376708984375,0.08349102735519409,-0.2342476062476635,-0.8956633359193802,1.443720169365406,-1.5616507083177567,-2.082937990510186,5.156143462019307,0.27027027,0.67346939,0.5,0.7,0.81818182,0.79069767,0.56976744,14.0,89.52143205915179,27.071428571428573,2.0,0.14285714,109.8,5.0,0.35714286,2019-04-07,0
28,NYM,20,2019,MIA,H,27,0.0,0.0,3.6,1.0,1.0,0.0,0.0,0.0,0.0,0.0,5.0,20.0,4.0,2.0,2.0,0.0,1.0,0.0,0.0,1.0,0.0,8.0,14.4,1.8,7.2,8.0,0.0,0.0,2.0,6.0,2.0,0.0,0.0,1.0,0.0,0.4,0.05,0.35,2.722135934886933,0.0,0.21052631578947367,1.0,0.36363636363636365,0.6,0.6140099525451661,2.985990047454834,3.0010595679283143,86.69263154974205,13.477401825487885,67.364075809368,0.33333333,0.2,0.2,0.6,0.0,0.0,2.0,3.6,35.0,52.0,87.0,0.05025999993085861,-0.4099999964237213,0.4602600038051605,0.3898000121116638,0.04124870151281357,1.1024800539016724,1.0307999849319458,0.8700000047683716,1.340000033378601,1.0,1.0,0.11007100343704224,-0.06448287714578764,0.0,0.0,0.49425287,93.02325581,0.29885057,83.61538462,0.20689655,83.77777778,,0.8296690583229065,-1.1743240356445312,1.6872056722640991,1.9294629263323406,-4.516630906325121,9.373364845911663,0.31372549,0.75,0.49425287,0.3125,0.7037037,0.55813953,0.4137931,0.4,0.2183908,2.0,5.0,4.0,1.0,5.0,5.0,11.0,0.18181818,0.45454545,0.36363636,0.09090909,0.45454545,0.45454545,Caleb Smith,14875,0.8651880886651506,62.0,0.49425287,0.29885057,0.20689655,92.97674418604652,83.47691932091347,83.75,8.576976687409157,0.40923078243549055,9.93722195095486,10.505813953488373,1.0111538080068736,6.49111090766059,0.8296690620481968,-1.1743240170180798,1.687205694615841,1.9294629349958066,-4.516630834684922,9.373364970088005,0.29411765,0.77777778,0.49425287,0.2,0.78571429,0.58139535,0.4137931,0.20689655,0.49425287,0.29885057,83.79604763454861,92.98962686228198,83.46690955528847,9.69667477077908,8.1996034134266,-0.05380701101743258,4.805301666259766,9.14300537109375,-0.662487690265362,1.687205694615841,0.8296690620481968,-1.1743240170180798,9.373364970088005,1.9294629349958066,-4.516630834684922,0.29411765,0.77777778,0.49425287,0.2,0.78571429,0.58139535,0.4137931,11.0,89.17000122070313,27.3,1.0,0.09090909,100.7,3.0,0.27272727,2019-04-01,0
