,Team,Opp,season,Age,BatOrder,Pos,G,AB,PA,H,1B,2B,3B,HR,R,RBI,BB,IBB,SO,HBP,SF,SH,GDP,SB,CS,AVG,GB,FB,LD,IFFB,Pitches,Balls,Strikes,IFH,BU,BUH,BB%,K%,BB/K,OBP,SLG,OPS,ISO,BABIP,GB/FB,LD%,GB%,FB%,IFFB%,HR/FB,IFH%,BUH%,wOBA,wRAA,wRC,Spd,wRC+,wBSR,WPA,-WPA,+WPA,RE24,REW,pLI,phLI,PH,WPA/LI,Clutch,FB%1,FBv,SL%,SLv,CT%,CTv,CB%,CBv,CH%,CHv,SF%,SFv,XX%,wFB,wSL,wCT,wCB,wCH,wSF,wFB/C,wSL/C,wCT/C,wCB/C,wCH/C,wSF/C,O-Swing%,Z-Swing%,Swing%,O-Contact%,Z-Contact%,Contact%,Zone%,F-Strike%,SwStr%,Pull,Cent,Oppo,Soft,Med,Hard,bipCount,Pull%,Cent%,Oppo%,Soft%,Med%,Hard%,pfxFA%,pfxFT%,pfxFC%,pfxFS%,pfxSI%,pfxSL%,pfxCU%,pfxKC%,pfxCH%,pfxvFA,pfxvFT,pfxvFC,pfxvFS,pfxvSI,pfxvSL,pfxvCU,pfxvKC,pfxvCH,pfxFA-X,pfxFT-X,pfxFC-X,pfxFS-X,pfxSI-X,pfxSL-X,pfxCU-X,pfxKC-X,pfxCH-X,pfxFA-Z,pfxFT-Z,pfxFC-Z,pfxFS-Z,pfxSI-Z,pfxSL-Z,pfxCU-Z,pfxKC-Z,pfxCH-Z,pfxwFA,pfxwFT,pfxwFC,pfxwFS,pfxwSI,pfxwSL,pfxwCU,pfxwKC,pfxwCH,pfxwFA/C,pfxwFT/C,pfxwFC/C,pfxwFS/C,pfxwSI/C,pfxwSL/C,pfxwCU/C,pfxwKC/C,pfxwCH/C,pfxO-Swing%,pfxZ-Swing%,pfxSwing%,pfxO-Contact%,pfxZ-Contact%,pfxContact%,pfxZone%,piCH%,piCU%,piFA%,piFC%,piFS%,piSI%,piSL%,pivCH,pivCU,pivFA,pivFC,pivFS,pivSI,pivSL,piCH-X,piCU-X,piFA-X,piFC-X,piFS-X,piSI-X,piSL-X,piCH-Z,piCU-Z,piFA-Z,piFC-Z,piFS-Z,piSI-Z,piSL-Z,piwCH,piwCU,piwFA,piwFC,piwFS,piwSI,piwSL,piwCH/C,piwCU/C,piwFA/C,piwFC/C,piwFS/C,piwSI/C,piwSL/C,piO-Swing%,piZ-Swing%,piSwing%,piO-Contact%,piZ-Contact%,piContact%,piZone%,Events,EV,LA,Barrels,Barrel%,maxEV,HardHit,HardHit%,PlayerName,playerid,gamedate,dh
0,- - -,- - -,2019,28,- - -,- - -,32.0,95.0,102.0,22.0,16.0,2.0,2.0,2.0,11.0,10.0,6.0,1.0,36.0,0.0,0.0,1.0,1.0,3.0,0.0,0.23157895,36.0,8.0,10.0,1.0,397.0,123.0,274.0,5.0,6.0,2.0,0.05882353,0.35294118,0.16666667,0.27722772,0.35789474,0.63512246,0.12631579,0.35087719,4.5,0.18518519,0.66666667,0.14814815,0.125,0.25,0.13888889,0.33333333,0.26735620260238646,-4.636051966038139,8.201475577268212,7.545843116719975,60.6322474853172,0.5542464202735573,-0.10910431608499493,-1.5740039485972375,1.4648999963974347,-4.567000031471252,-0.44593487679958344,0.9172378142522473,1.2101999819278717,2.0,-0.39562615007162094,0.27667737322257746,0.54911839,93.86602871,0.13853904,84.03636364,0.07808564,88.06451613,0.14105793,77.375,0.07808564,85.55172414,0.01511335,87.8,0.01007557,-0.6973432078957558,-1.5877936072647572,0.33647141605615616,-0.8972419798374176,-0.7789045721292496,0.05286209285259247,-0.3198822054567687,-2.8868974677541037,1.0853916646972779,-1.6022178211382458,-2.5125953939653214,0.8810348808765411,0.40611354,0.72619048,0.54156171,0.55913978,0.7704918,0.67906977,0.4231738,0.64705882,0.17380353,29.0,18.0,13.0,16.0,23.0,21.0,60.0,0.48333333,0.3,0.21666667,0.26666667,0.38333333,0.35,0.37709497,0.09776536,0.09217877,0.01396648,0.05027933,0.1424581,0.10614525,0.04189944,0.07821229,94.22888793945313,93.24857090541295,88.66060569069602,87.66000061035156,90.24999915228949,83.91176365871056,76.80000064247533,78.84000091552734,85.53928538731166,-2.571259205429642,-7.506000028337751,0.42060602794994006,-5.64200005531311,0.16888883378770617,0.6274510061039644,3.4671052949208963,4.695333353678385,-5.142857006617954,8.75414810180664,6.296571486336845,4.530000106854872,3.4739999294281008,4.963333397275871,1.3452941255242217,-5.617105272059378,-7.548666699727376,3.734999988760267,0.07546530291438103,-0.013918254524469376,0.08317887783050537,-0.45579012110829353,0.040947362780570984,-2.605904445052147,-0.3370956964790821,-0.1582471840083599,0.27060674503445625,0.05590022438102299,-0.03976644149848393,0.25205720554698596,-9.11580242216587,0.22748534878094992,-5.109616558925778,-0.8870939381028475,-1.0549812267223992,0.9664526608373438,0.36363636,0.7032967,0.53631285,0.46875,0.796875,0.6875,0.50837989,0.06733167,0.14214464,0.37905237,0.06483791,0.01246883,0.11471322,0.14214464,85.47374781855831,77.41885442901076,94.2601560291491,88.28347690288837,87.65841979980469,92.03095859030019,84.22116771497224,-4.985008434013084,4.529908393558703,-2.437486336419457,0.47127339702386123,-5.455225896835327,-4.679318935974784,1.0314478978776096,2.398832834429211,-7.414299544535186,7.631989359855652,3.564103236565223,1.8399714589118958,4.546979080075803,-0.14045202470662302,0.31617971509695053,-0.7524888515472412,0.4452223815023899,0.723671194165945,-0.45579012110829353,-0.21000979840755463,-1.9312746450304985,1.1710359818405576,-1.3201558799074409,0.29290946151473024,2.783350746792096,-9.11580242216587,-0.45654304001642315,-3.3882011316324534,0.36756757,0.70810811,0.53783784,0.47058824,0.80152672,0.68844221,0.5,60.0,84.28260836393937,-0.10869565217391304,3.0,0.05,106.3,12.0,0.2,Cory Spangenberg,12294,2050-01-01,0
1,MIL,@COL,2019,28,6,LF,1.0,6.0,6.0,0.0,0.0,0.0,0.0,0.0,0.0,0.0,0.0,0.0,2.0,0.0,0.0,0.0,0.0,0.0,0.0,0.0,3.0,0.0,1.0,0.0,21.0,5.0,16.0,0.0,0.0,0.0,0.0,0.33333333,0.0,0.0,0.0,0.0,0.0,0.0,3.0,0.25,0.75,0.0,0.0,0.0,0.0,0.0,0.0,-1.659343608038197,-0.9041949290201763,0.142857142857143,-100.0,0.0,-0.09032010287046432,-0.12504400312900543,0.034724000841379166,-1.2599999904632568,-0.10319399833679199,1.001870036125183,,0.0,-0.11995500326156616,0.029803486983282265,0.47619048,93.4,0.19047619,85.25,,,0.28571429,79.16666667,0.04761905,83.0,,,,-0.1402396261692047,-0.3592475950717926,,-0.3095327615737915,-0.05465850979089737,,-1.4023962616920471,-8.981189876794815,,-5.158879359563192,-5.465850979089737,,0.58333333,0.88888889,0.71428571,0.42857143,0.75,0.6,0.42857143,0.66666667,0.28571429,1.0,2.0,1.0,1.0,3.0,0.0,4.0,0.25,0.5,0.25,0.25,0.75,0.0,0.47619048,,,,,0.19047619,0.28571429,,0.04761905,93.42000122070313,,,,,85.32499694824219,79.28333536783855,,82.9000015258789,-5.07599983215332,,,,,-0.36500000953674316,2.3049999872843423,,-5.730000019073486,6.818000030517578,,,,,1.1825000047683716,-4.653333346048991,,1.7200000286102295,-0.1402396224439144,,,,,-0.4014117978513241,-0.29679713025689125,,-0.05465850979089737,-1.4023962244391441,,,,,-10.035294946283102,-4.946618837614855,,-5.465850979089737,0.61538462,0.875,0.71428571,0.375,0.85714286,0.6,0.38095238,0.04761905,0.28571429,0.47619048,,,,0.19047619,82.86910247802734,79.27114868164062,93.42675170898437,,,,85.2779769897461,-5.456510066986084,2.6719532012939453,-4.819149017333984,,,,-0.8935117125511169,0.6620240211486816,-5.767436981201172,6.079006195068359,,,,0.10887876898050308,-0.05465850979089737,-0.29679713025689125,-0.1402396224439144,,,,-0.4014117978513241,-5.465850979089737,-4.946618837614855,-1.4023962244391441,,,,-10.035294946283102,0.61538462,0.875,0.71428571,0.375,0.85714286,0.6,0.38095238,4.0,86.0,-8.5,0.0,0.0,104.0,1.0,0.25,Cory Spangenberg,12294,2019-09-29,0
2,MIL,@COL,2019,28,9,2B,1.0,1.0,1.0,0.0,0.0,0.0,0.0,0.0,0.0,0.0,0.0,0.0,0.0,0.0,0.0,0.0,0.0,0.0,0.0,0.0,0.0,0.0,0.0,0.0,1.0,0.0,1.0,0.0,1.0,0.0,0.0,0.0,0.0,0.0,0.0,0.0,0.0,0.0,0.0,0.0,0.0,0.0,0.0,0.0,0.0,0.0,0.0,-0.27655726800636615,-0.15069915483669605,0.142857142857143,-100.0,0.0,-0.05740800127387047,-0.05740800127387047,0.0,-0.22499999403953552,-0.018427500501275063,2.099600076675415,,0.0,-0.027342399582266808,4.905007763150726e-08,,,1.0,89.0,,,,,,,,,,,-0.23270964622497559,,,,,,-23.27096462249756,,,,,,1.0,1.0,,1.0,1.0,1.0,1.0,0.0,1.0,0.0,0.0,0.0,0.0,1.0,1.0,1.0,0.0,0.0,0.0,0.0,1.0,,,,,,1.0,,,,,,,,,88.5,,,,,,,,,1.149999976158142,,,,,,,,,-0.25999999046325684,,,,,,,,,-0.23270964622497559,,,,,,,,,-23.27096462249756,,,,,1.0,1.0,,1.0,1.0,1.0,,,,,,,1.0,,,,,,,88.50630187988281,,,,,,,1.150189995765686,,,,,,,-1.083799958229065,,,,,,,-0.23270964622497559,,,,,,,-23.27096462249756,,1.0,1.0,,1.0,1.0,1.0,1.0,,,0.0,0.0,,0.0,0.0,Cory Spangenberg,12294,2019-09-28,0
3,MIL,@COL,2019,28,7,3B,1.0,3.0,5.0,1.0,1.0,0.0,0.0,0.0,0.0,1.0,2.0,0.0,1.0,0.0,0.0,0.0,0.0,0.0,0.0,0.33333333,2.0,0.0,0.0,0.0,21.0,11.0,10.0,0.0,0.0,0.0,0.4,0.2,2.0,0.6,0.33333333,0.93333333,0.0,0.5,2.0,0.0,1.0,0.0,0.0,0.0,0.0,0.0,0.45003925561904906,0.562309216990411,1.1915997828387614,0.142857142857143,180.28422726154244,-0.006536226952448487,-0.009027959778904915,-0.060387998819351196,0.05135999992489815,1.3289999961853027,0.10884500294923782,0.7107999920845032,,0.0,0.07880070060491562,-0.09150182592770773,0.61904762,93.46153846,0.33333333,86.71428571,,,0.04761905,79.0,,,,,,0.7057112455368042,-0.16353921592235565,,0.050806157290935516,,,5.428548042590801,-2.3362745131765092,,5.080615729093552,,,0.26666667,0.66666667,0.38095238,0.5,0.75,0.625,0.28571429,0.6,0.14285714,1.0,0.0,1.0,0.0,2.0,0.0,2.0,0.5,0.0,0.5,0.0,1.0,0.0,0.38095238,0.19047619,,,,0.33333333,0.04761905,,0.04761905,92.9375,95.44999694824219,,,,86.72856794084821,79.30000305175781,,89.5,-4.384999752044678,-5.522500038146973,,,,0.5528571605682373,-0.23000000417232513,,-1.809999942779541,6.546249866485596,3.875,,,,1.75,-1.1100000143051147,,4.21999979019165,0.2139994315803051,0.5372847877442837,,,,-0.16353921219706535,0.050806157290935516,,-0.04557297006249428,2.6749928947538137,13.432119693607092,,,,-2.3362744599580765,5.080615729093552,,-4.557297006249428,0.15384615,0.75,0.38095238,0.5,0.66666667,0.625,0.38095238,,0.04761905,0.52380952,,,0.0952381,0.33333333,,79.2145004272461,92.99972811612216,,,95.52104949951172,86.65977260044643,,0.3444240093231201,-4.091615503484553,,,-6.77663516998291,0.8850128991263253,,-2.4147300720214844,5.601223685524681,,,1.6573569774627686,0.6645594324384417,,0.050806157290935516,0.15267867967486382,,,0.5530325695872307,-0.16353921219706535,,5.080615729093552,1.3879879970442166,,,27.651628479361534,-2.3362744599580765,0.15384615,0.75,0.38095238,0.5,0.66666667,0.625,0.38095238,2.0,77.44999694824219,-8.5,0.0,0.0,81.2,0.0,0.0,Cory Spangenberg,12294,2019-09-27,0
4,MIL,@CIN,2019,28,5,LF-2B,1.0,4.0,4.0,0.0,0.0,0.0,0.0,0.0,1.0,0.0,0.0,0.0,3.0,0.0,0.0,0.0,0.0,1.0,0.0,0.0,1.0,0.0,0.0,0.0,13.0,3.0,10.0,0.0,0.0,0.0,0.0,0.75,0.0,0.0,0.0,0.0,0.0,0.0,1.0,0.0,1.0,0.0,0.0,0.0,0.0,0.0,0.0,-1.1062290720254646,-0.6027966193467842,2.5,-100.0,0.20000000298023224,-0.07261999696493149,-0.08545199781656265,0.01283199992030859,-0.9639999866485596,-0.09233719855546951,1.1937600374221802,,0.0,-0.0967760980129242,0.0359431042047649,0.84615385,97.0,,,,,,,0.15384615,88.0,,,,-0.6087233424186707,,,,-0.5961431264877319,,-5.533848567442461,,,,-29.807156324386597,,0.4,0.75,0.61538462,0.0,0.5,0.375,0.61538462,0.75,0.38461538,1.0,0.0,0.0,0.0,0.0,1.0,1.0,1.0,0.0,0.0,0.0,0.0,1.0,,,,,,,,,,,,,,,,,,,,,,,,,,,,,,,,,,,,,,,,,,,,,,,,,,,,,,,,,,,,,,,,,,,,,,,,,,,,,,,,,,,,,,,,,,,,,,,,,,,,,,,,,,,,,,,1.0,,,,,,,,Cory Spangenberg,12294,2019-09-26,0
5,MIL,@CIN,2019,28,8,SS-2B,1.0,5.0,5.0,1.0,1.0,0.0,0.0,0.0,0.0,0.0,0.0,0.0,1.0,0.0,0.0,0.0,0.0,0.0,0.0,0.2,3.0,1.0,0.0,0.0,14.0,3.0,11.0,0.0,0.0,0.0,0.0,0.2,0.0,0.2,0.2,0.4,0.0,0.25,3.0,0.0,0.75,0.25,0.0,0.0,0.0,0.0,0.1739214539527893,-0.6310878090023975,-0.0017972431540469458,0.142857142857143,-0.5647408023626204,-0.002178742317482829,-0.00047998400987125933,-0.013199999928474426,0.012719999998807907,-1.2669999599456787,-0.12135999649763107,0.1799200028181076,,0.0,-0.08233430236577988,0.07966653890227823,0.64285714,95.25,0.14285714,87.5,,,,,0.14285714,85.0,0.07142857,,,-0.36599665880203247,-0.2037363052368164,,,-0.4989411532878876,0.5086522102355957,-4.066629542244805,-10.18681526184082,,,-24.94705766439438,50.86522102355957,0.5,0.625,0.57142857,0.33333333,1.0,0.75,0.57142857,0.8,0.14285714,1.0,2.0,1.0,2.0,0.0,2.0,4.0,0.25,0.5,0.25,0.5,0.0,0.5,,,,,,,,,,,,,,,,,,,,,,,,,,,,,,,,,,,,,,,,,,,,,,,,,,,,,,,,,,,,,,,,,,,,,,,,,,,,,,,,,,,,,,,,,,,,,,,,,,,,,,,,,,,,,,,4.0,,,,,,,,Cory Spangenberg,12294,2019-09-25,0
6,MIL,@CIN,2019,28,5,PH-2B,1.0,1.0,1.0,0.0,0.0,0.0,0.0,0.0,0.0,0.0,0.0,0.0,1.0,0.0,0.0,0.0,0.0,0.0,0.0,0.0,0.0,0.0,0.0,0.0,7.0,3.0,4.0,0.0,0.0,0.0,0.0,1.0,0.0,0.0,0.0,0.0,0.0,0.0,0.0,0.0,0.0,0.0,0.0,0.0,0.0,0.0,0.0,-0.27655726800636615,-0.15069915483669605,0.142857142857143,-100.0,0.0,-0.06404399871826172,-0.06404399871826172,0.0,-0.6359999775886536,-0.06091950088739395,2.1103999614715576,2.1103999614715576,1.0,-0.03034679964184761,-5.3981862927626745e-08,0.57142857,94.25,,,0.28571429,90.5,,,,,0.14285714,83.0,,-0.2690403163433075,,-0.015747781842947006,,,0.0,-6.726007908582687,,-0.7873890921473503,,,0.0,0.0,0.75,0.42857143,,0.33333333,0.33333333,0.57142857,1.0,0.28571429,0.0,0.0,0.0,0.0,0.0,0.0,0.0,,,,,,,,,0.57142857,0.14285714,,0.28571429,,,,,,94.44999694824219,82.9000015258789,,90.5,,,,,,-3.1475000381469727,-3.2300000190734863,,2.4149999618530273,,,,,,8.555000305175781,-0.6000000238418579,,3.259999990463257,,,,,,-0.2690403163433075,0.0,,-0.015747781842947006,,,,,,-6.726007908582687,0.0,,-0.7873890921473503,,,,0.0,0.75,0.42857143,,0.33333333,0.33333333,0.57142857,,,0.57142857,0.28571429,0.14285714,,,,,94.63533020019531,90.62454986572266,83.02459716796875,,,,,-3.2239725589752197,2.6440649032592773,-3.2532498836517334,,,,,7.4237823486328125,1.9411450624465942,-2.2572500705718994,,,,,-0.2690403163433075,-0.015747781842947006,0.0,,,,,-6.726007908582687,-0.7873890921473503,0.0,,,0.0,0.75,0.42857143,,0.33333333,0.33333333,0.57142857,0.0,,,0.0,,,0.0,,Cory Spangenberg,12294,2019-09-24,0
7,MIL,PIT,2019,28,3,2B,1.0,0.0,0.0,0.0,0.0,0.0,0.0,0.0,0.0,0.0,0.0,0.0,0.0,0.0,0.0,0.0,0.0,0.0,0.0,0.0,0.0,0.0,0.0,0.0,0.0,0.0,0.0,0.0,0.0,0.0,0.0,0.0,0.0,0.0,0.0,0.0,0.0,0.0,0.0,0.0,0.0,0.0,0.0,0.0,0.0,0.0,0.0,0.0,0.0,0.142857142857143,,0.0,,,,,,,,0.0,,,,,,,,,,,,,,,,,,,,,,,,,,,,,,,,,,,,,,,,,,,,,,,,,,,,,,,,,,,,,,,,,,,,,,,,,,,,,,,,,,,,,,,,,,,,,,,,,,,,,,,,,,,,,,,,,,,,,,,,,,,,,,,,,,,,,,,,,,,,,,,,,,,,,,,,,,,,,,,,0.0,,,,,,,,Cory Spangenberg,12294,2019-09-22,0
8,MIL,PIT,2019,28,9,3B,1.0,0.0,1.0,0.0,0.0,0.0,0.0,0.0,1.0,0.0,1.0,0.0,0.0,0.0,0.0,0.0,0.0,0.0,0.0,0.0,0.0,0.0,0.0,0.0,5.0,4.0,1.0,0.0,0.0,0.0,1.0,0.0,1.0,1.0,0.0,1.0,0.0,0.0,0.0,0.0,0.0,0.0,0.0,0.0,0.0,0.0,0.6902945041656494,0.32014124499003804,0.44599935815970815,2.642857142857143,337.6442870236692,-0.002178742317482829,0.00023197899281512946,0.0,0.00023200000578071922,0.13199999928474426,0.012884300202131271,0.009999999776482582,,0.0,0.023197900503873825,-7.038474143794549e-10,0.4,92.5,0.4,86.0,,,0.2,79.0,,,,,,0.22319906949996948,0.03845757991075516,,0.062041692435741425,,,11.159953474998474,1.9228789955377579,,6.2041692435741425,,,0.2,,0.2,0.0,,0.0,,,0.2,0.0,0.0,0.0,0.0,0.0,0.0,0.0,,,,,,,,0.4,,,,0.4,0.2,,,,92.44999694824219,,,,85.94999694824219,79.4000015258789,,,,-9.739999771118164,,,,1.5699999332427979,2.2300000190734863,,,,4.980000019073486,,,,2.2350001335144043,-3.8399999141693115,,,,0.22319906577467918,,,,0.03845757991075516,0.062041692435741425,,,,11.15995328873396,,,,1.9228789955377579,6.2041692435741425,,,0.2,,0.2,0.0,,0.0,0.0,,0.2,,,,0.4,0.4,,79.35250091552734,,,,92.47145080566406,85.94114685058594,,2.5595500469207764,,,,-9.160209655761719,2.608759880065918,,-4.590579986572266,,,,3.5509250164031982,0.9841629862785339,,0.062041692435741425,,,,0.22319906577467918,0.03845757991075516,,6.2041692435741425,,,,11.15995328873396,1.9228789955377579,0.2,,0.2,0.0,,0.0,0.0,0.0,,,0.0,,,0.0,,Cory Spangenberg,12294,2019-09-21,0
9,MIL,PIT,2019,28,5,PR-2B,1.0,1.0,1.0,1.0,1.0,0.0,0.0,0.0,2.0,0.0,0.0,0.0,0.0,0.0,0.0,0.0,0.0,0.0,0.0,1.0,1.0,0.0,0.0,0.0,3.0,0.0,3.0,1.0,0.0,0.0,0.0,0.0,0.0,1.0,1.0,2.0,0.0,1.0,1.0,0.0,1.0,0.0,0.0,0.0,1.0,0.0,0.8696072697639465,0.47514126302306736,0.6009993761927375,2.642857142857143,455.0888285325608,-0.002178742317482829,0.0034960201010107994,0.0,0.003496000077575445,0.6660000085830688,0.0650072991847992,0.12319999933242798,,0.0,0.028376799076795578,-1.2388854438855068e-08,0.66666667,96.0,,,,,,,0.33333333,89.0,,,,0.5086522698402405,,,,-0.04557297006249428,,25.432613492012024,,,,-4.557297006249428,,1.0,0.5,0.66666667,1.0,1.0,1.0,0.66666667,1.0,0.0,0.0,0.0,1.0,1.0,0.0,0.0,1.0,0.0,0.0,1.0,1.0,0.0,0.0,0.33333333,,,,0.33333333,,,,0.33333333,95.69999694824219,,,,96.0999984741211,,,,88.69999694824219,-4.730000019073486,,,,-6.289999961853027,,,,-9.6899995803833,5.760000228881836,,,,3.890000104904175,,,,2.5299999713897705,-0.05931270867586136,,,,0.5679649710655212,,,,-0.04557297006249428,-5.931270867586136,,,,56.796497106552124,,,,-4.557297006249428,,0.66666667,0.66666667,,1.0,1.0,1.0,0.33333333,,0.66666667,,,,,88.72019958496094,,95.90985107421875,,,,,-9.106800079345703,,-4.924590110778809,,,,,1.589210033416748,,3.7828550338745117,,,,,-0.04557297006249428,,0.5086522623896599,,,,,-4.557297006249428,,25.432613119482994,,,,,,0.66666667,0.66666667,,1.0,1.0,1.0,1.0,78.5999984741211,-54.0,0.0,0.0,78.6,0.0,0.0,Cory Spangenberg,12294,2019-09-20,0
10,MIL,SDP,2019,28,7,LF,1.0,3.0,4.0,0.0,0.0,0.0,0.0,0.0,0.0,0.0,1.0,0.0,2.0,0.0,0.0,0.0,0.0,0.0,0.0,0.0,0.0,1.0,0.0,0.0,11.0,4.0,7.0,0.0,0.0,0.0,0.25,0.5,0.5,0.25,0.0,0.25,0.0,0.0,0.0,0.0,0.0,1.0,0.0,0.0,0.0,0.0,0.17257362604141235,-0.5095305590290605,-0.006098106350380106,0.142857142857143,-1.4475280961527894,-0.002178742317482829,-0.03629399836063385,-0.11144199967384338,0.07514800131320953,-0.1809999942779541,-0.017667200416326523,2.031399965286255,,0.0,-0.030812500044703484,0.01294600453380124,0.90909091,96.4,,,,,,,,,0.09090909,88.0,,-0.23314225673675537,,,,,-0.2728937566280365,-2.3314225673675537,,,,,-27.28937566280365,0.28571429,0.5,0.36363636,0.5,1.0,0.75,0.36363636,0.75,0.09090909,0.0,0.0,1.0,1.0,0.0,0.0,1.0,0.0,0.0,1.0,1.0,0.0,0.0,0.81818182,0.09090909,,0.09090909,,,,,,96.45555284288194,96.30000305175781,,87.80000305175781,,,,,,-4.195555792914496,-7.389999866485596,,-9.329999923706055,,,,,,8.323333740234375,7.75,,1.1100000143051147,,,,,,-0.1875692829489708,-0.04557297006249428,,-0.2728937566280365,,,,,,-2.0841031438774533,-4.557297006249428,,-27.28937566280365,,,,,,0.28571429,0.5,0.36363636,0.5,1.0,0.75,0.36363636,,,0.81818182,,0.09090909,0.09090909,,,,96.45123291015625,,87.73780059814453,96.2134017944336,,,,-3.9327413770887585,,-8.880550384521484,-7.190010070800781,,,,7.375386555989583,,-0.06819289922714233,6.5134100914001465,,,,-0.1875692829489708,,-0.2728937566280365,-0.04557297006249428,,,,-2.0841031438774533,,-27.28937566280365,-4.557297006249428,,0.28571429,0.5,0.36363636,0.5,1.0,0.75,0.36363636,1.0,65.0999984741211,40.0,0.0,0.0,65.1,0.0,0.0,Cory Spangenberg,12294,2019-09-18,0
11,MIL,SDP,2019,28,9,SS,1.0,1.0,1.0,0.0,0.0,0.0,0.0,0.0,0.0,0.0,0.0,0.0,1.0,0.0,0.0,0.0,0.0,0.0,0.0,0.0,0.0,0.0,0.0,0.0,5.0,2.0,3.0,0.0,0.0,0.0,0.0,1.0,0.0,0.0,0.0,0.0,0.0,0.0,0.0,0.0,0.0,0.0,0.0,0.0,0.0,0.0,0.0,-0.27655726800636615,-0.15069915483669605,0.142857142857143,-100.0,0.0,-0.015425999648869038,-0.015425999648869038,0.0,-0.17399999499320984,-0.01698390021920204,0.6032000184059143,,0.0,-0.025573600083589554,-5.981005000293971e-09,0.4,93.5,,,,,0.2,78.0,0.4,84.5,,,,-0.2912139296531677,,,0.02982518821954727,-0.02339935302734375,,-14.560696482658386,,,2.982518821954727,-1.1699676513671875,,0.6,,0.6,0.66666667,,0.66666667,,1.0,0.2,0.0,0.0,0.0,0.0,0.0,0.0,0.0,,,,,,,0.4,,,,,,0.2,,0.4,93.5999984741211,,,,,,77.69999694824219,,84.30000305175781,-5.095000267028809,,,,,,2.6500000953674316,,-9.114999771118164,10.529999732971191,,,,,,-3.950000047683716,,5.210000038146973,-0.291213933378458,,,,,,0.02982518821954727,,-0.02339935302734375,-14.560696668922901,,,,,,2.982518821954727,,-1.1699676513671875,0.5,1.0,0.6,0.5,1.0,0.66666667,0.2,0.4,0.2,0.4,,,,,84.27349853515625,77.6875991821289,93.63690185546875,,,,,-8.296674728393555,3.9575300216674805,-4.462474822998047,,,,,3.5497100353240967,-6.034170150756836,9.512304306030273,,,,,-0.02339935302734375,0.02982518821954727,-0.291213933378458,,,,,-1.1699676513671875,2.982518821954727,-14.560696668922901,,,,,0.5,1.0,0.6,0.5,1.0,0.66666667,0.2,0.0,,,0.0,,,0.0,,Cory Spangenberg,12294,2019-09-17,0
12,MIL,SDP,2019,28,7,2B,1.0,3.0,3.0,2.0,1.0,0.0,1.0,0.0,0.0,3.0,0.0,0.0,0.0,0.0,0.0,0.0,0.0,0.0,0.0,0.66666667,1.0,0.0,2.0,0.0,12.0,3.0,9.0,0.0,0.0,0.0,0.0,0.0,0.0,0.66666667,1.33333333,2.0,0.66666666,0.66666667,1.0,0.66666667,0.33333333,0.0,0.0,0.0,0.0,0.0,0.7995408972104391,1.2437252528874745,1.621299592396485,2.642857142857143,409.1974332809111,-0.002178742317482829,0.2541919946670532,-0.03960400074720383,0.29379600286483765,1.3109999895095825,0.12796500325202942,1.4345999956130981,,0.0,0.08043710142374039,0.09674956764384204,0.41666667,94.2,0.25,89.33333333,,,0.33333333,77.75,,,,,,0.4473314583301544,1.046081781387329,,-0.29931017756462097,,,8.946629166603088,34.869392712910965,,-7.482754439115524,,,0.42857143,0.8,0.58333333,0.66666667,0.75,0.71428571,0.41666667,0.66666667,0.16666667,0.0,3.0,0.0,0.0,0.0,3.0,3.0,0.0,1.0,0.0,0.0,0.0,1.0,,,,,,,,,,,,,,,,,,,,,,,,,,,,,,,,,,,,,,,,,,,,,,,,,,,,,,,,,,,,,,,0.33333333,0.41666667,,,,0.25,,77.53827667236328,94.01199951171876,,,,88.7717997233073,,8.122432708740234,-2.586765670776367,,,,1.18647567431132,,-3.8539175987243652,6.4850318908691404,,,,-2.5173896153767905,,-0.2571459710597992,0.4473314583301544,,,,1.0460818000137806,,-6.42864927649498,8.946629166603088,,,,34.86939333379269,0.375,1.0,0.58333333,0.66666667,0.75,0.71428571,0.33333333,3.0,,,,,,,,Cory Spangenberg,12294,2019-09-16,0
13,MIL,@STL,2019,28,7,2B,1.0,3.0,3.0,2.0,1.0,0.0,0.0,1.0,1.0,2.0,0.0,0.0,0.0,0.0,0.0,0.0,0.0,0.0,0.0,0.66666667,1.0,1.0,1.0,0.0,15.0,6.0,9.0,1.0,0.0,0.0,0.0,0.0,0.0,0.66666667,1.66666667,2.33333334,1.0,0.5,1.0,0.33333333,0.33333333,0.33333333,0.0,1.0,1.0,0.0,0.9363811214764913,1.5985840465396421,1.9761583860486525,0.142857142857143,498.82372031785036,-0.002178742317482829,0.3856799900531769,-0.03400000184774399,0.41967999935150146,1.805999994277954,0.18812499940395355,1.599329948425293,,0.0,0.17170099914073944,0.06944998439015676,0.53333333,94.75,,,0.2,88.66666667,0.06666667,73.0,0.2,84.0,,,,1.0358506441116333,,0.12082034349441528,-0.04557297006249428,0.41932910680770874,,12.948133051395416,,4.027344783147177,-4.557297006249428,13.977636893590292,,0.11111111,0.83333333,0.4,1.0,0.8,0.83333333,0.4,0.66666667,0.06666667,1.0,0.0,2.0,1.0,0.0,2.0,3.0,0.33333333,0.0,0.66666667,0.33333333,0.0,0.66666667,0.53333333,,0.2,,,,0.06666667,,0.2,94.625,,88.33333333333333,,,,72.80000305175781,,84.2000020345052,-4.65749979019165,,2.6633334159851074,,,,4.0,,-5.1933333079020185,8.81624984741211,,3.1533333460489907,,,,-5.46999979019165,,6.383333206176758,1.0358506925404072,,0.12082034721970558,,,,-0.04557297006249428,,0.41932912170886993,12.94813365675509,,4.027344907323519,,,,-4.557297006249428,,13.977637390295664,0.14285714,0.625,0.4,1.0,0.8,0.83333333,0.53333333,0.2,0.06666667,0.53333333,0.06666667,,,0.13333333,84.53233337402344,73.07510375976562,94.96125793457031,88.78209686279297,,,88.52619934082031,-4.969423294067383,4.213290214538574,-4.272393703460693,1.3865400552749634,,,3.767130136489868,4.997819900512695,-6.729519844055176,7.696515083312988,3.340630054473877,,,1.4591200351715088,0.41932912170886993,-0.04557297006249428,1.0358506925404072,-0.04557297006249428,,,0.16639331728219986,13.977637390295664,-4.557297006249428,12.94813365675509,-4.557297006249428,,,8.319665864109993,0.14285714,0.625,0.4,1.0,0.8,0.83333333,0.53333333,3.0,84.46666463216145,3.3333333333333335,1.0,0.33333333,101.4,2.0,0.66666667,Cory Spangenberg,12294,2019-09-15,0
14,MIL,@STL,2019,28,7,2B,1.0,4.0,4.0,1.0,1.0,0.0,0.0,0.0,0.0,0.0,0.0,0.0,3.0,0.0,0.0,0.0,0.0,1.0,0.0,0.25,0.0,0.0,1.0,0.0,18.0,4.0,14.0,0.0,0.0,0.0,0.0,0.75,0.0,0.25,0.25,0.5,0.0,1.0,0.0,1.0,0.0,0.0,0.0,0.0,0.0,0.0,0.21740181744098663,-0.3545305409960312,0.1489019116826492,5.0,27.913607281070103,0.1978212606627494,-0.013680100440979004,-0.06094000115990639,0.04726000130176544,-0.5440000295639038,-0.056666698306798935,0.8791999816894531,,0.0,-0.024650799110531807,0.009091084909114746,0.44444444,95.25,0.22222222,85.25,,,0.22222222,78.25,0.11111111,86.0,,,,-0.4214487671852112,-0.0763976126909256,,-0.4020909368991852,0.5086522698402405,,-5.26810958981514,-1.90994031727314,,-10.05227342247963,25.432613492012024,,0.44444444,0.88888889,0.66666667,0.5,0.875,0.75,0.5,0.75,0.16666667,1.0,0.0,0.0,0.0,1.0,0.0,1.0,1.0,0.0,0.0,0.0,1.0,0.0,0.33333333,0.11111111,,,,0.22222222,0.05555556,0.16666667,0.11111111,95.5,93.85000610351562,,,,85.2750015258789,78.5,77.96666463216145,85.8499984741211,-5.013333320617676,-7.925000190734863,,,,2.5374999046325684,5.019999980926514,5.430000305175781,-7.59499979019165,8.901666641235352,7.684999942779541,,,,2.9774999618530273,-7.119999885559082,-6.803333282470703,3.3899998664855957,-0.4010467752814293,-0.020401980727910995,,,,-0.0763976089656353,-0.04557297006249428,-0.34378232434391975,0.5086522474884987,-6.684112921357155,-1.0200990363955498,,,,-1.9099402241408825,-4.557297006249428,-11.459410811463993,25.432612374424934,0.42857143,0.81818182,0.66666667,0.33333333,0.88888889,0.75,0.61111111,0.11111111,0.22222222,0.38888889,,,0.05555556,0.22222222,86.28359985351562,78.41094970703125,96.05894252232143,,,91.26809692382812,85.57645416259766,-6.875539779663086,6.021059989929199,-4.883100237165179,,,-6.461550235748291,2.9919607639312744,2.1330699920654297,-8.491860389709473,7.729869842529297,,,5.361599922180176,1.8455952405929565,0.5086522474884987,-0.38935529440641403,-0.46035948395729065,,,0.03891072794795036,-0.0763976089656353,25.432612374424934,-9.73388236016035,-6.576564056532723,,,3.8910727947950363,-1.9099402241408825,0.42857143,0.81818182,0.66666667,0.33333333,0.88888889,0.75,0.61111111,1.0,101.80000305175781,15.0,0.0,0.0,101.8,1.0,1.0,Cory Spangenberg,12294,2019-09-14,0
15,MIL,@STL,2019,28,7,2B,1.0,3.0,3.0,0.0,0.0,0.0,0.0,0.0,0.0,0.0,0.0,0.0,1.0,0.0,0.0,0.0,0.0,0.0,0.0,0.0,1.0,1.0,0.0,1.0,15.0,4.0,11.0,0.0,0.0,0.0,0.0,0.33333333,0.0,0.0,0.0,0.0,0.0,0.0,1.0,0.0,0.5,0.5,1.0,0.0,0.0,0.0,0.0,-0.8296718040190985,-0.45209746451008814,0.142857142857143,-100.0,0.0,-0.03271999955177307,-0.03271999955177307,0.0,-0.48899999260902405,-0.05093749985098839,0.4320000112056732,,0.0,-0.05049379914999008,-0.025246938588544904,0.33333333,92.8,,,0.26666667,86.0,0.4,74.83333333,,,,,,-0.03315581753849983,,-0.6123916506767273,-0.14484405517578125,,,-0.6631163507699966,,-15.309791266918182,-2.4140675862630205,,,0.28571429,0.75,0.53333333,0.5,1.0,0.875,0.53333333,0.33333333,0.06666667,1.0,1.0,0.0,1.0,1.0,0.0,2.0,0.5,0.5,0.0,0.5,0.5,0.0,0.13333333,,0.26666667,,0.2,,0.4,,,99.10000610351562,,85.94999694824219,,88.59999593098958,,74.88333129882812,,,-3.2300000190734863,,2.2024998664855957,,-9.303333282470703,,6.965000152587891,,,9.119999885559082,,3.7074999809265137,,5.833333333333333,,-6.418333053588867,,,-0.015747781842947006,,-0.6123916395008564,,-0.017408035695552826,,-0.132108423858881,,,-0.7873890921473503,,-15.30979098752141,,-0.5802678565184276,,-2.201807064314683,,,0.16666667,0.77777778,0.53333333,0.0,1.0,0.875,0.6,,0.4,0.13333333,0.2,,0.2,0.06666667,,75.11270141601562,99.39219665527344,85.3259989420573,,88.92069498697917,88.82520294189453,,7.299449284871419,-3.087859869003296,2.0297133127848306,,-8.902056376139322,4.410240173339844,,-7.965525309244792,8.051910400390625,3.542146682739258,,4.895413398742676,-0.4394170045852661,,-0.132108423858881,-0.015747781842947006,-0.3044395036995411,,-0.017408035695552826,-0.3079521358013153,,-2.201807064314683,-0.7873890921473503,-10.147983456651371,,-0.5802678565184276,-30.79521358013153,0.16666667,0.77777778,0.53333333,0.0,1.0,0.875,0.6,2.0,81.0999984741211,24.0,0.0,0.0,82.2,0.0,0.0,Cory Spangenberg,12294,2019-09-13,0
16,MIL,@MIA,2019,28,8,2B,1.0,4.0,4.0,1.0,1.0,0.0,0.0,0.0,1.0,0.0,0.0,0.0,2.0,0.0,0.0,0.0,0.0,0.0,0.0,0.25,2.0,0.0,0.0,0.0,17.0,6.0,11.0,0.0,0.0,0.0,0.0,0.5,0.0,0.25,0.25,0.5,0.0,0.5,2.0,0.0,1.0,0.0,0.0,0.0,0.0,0.0,0.21740181744098663,-0.3545305409960312,0.1489019116826492,2.642857142857143,27.913607281070103,-0.002178742317482829,-0.0459199994802475,-0.08928000181913376,0.04335999861359596,-0.31700000166893005,-0.03354499861598015,1.18149995803833,,0.0,-0.031044799834489822,-0.007821049603617194,0.58823529,93.4,,,,,0.23529412,77.25,0.05882353,86.0,0.11764706,89.5,,-0.527319610118866,,,0.2982536554336548,0.0965895727276802,-0.20673023164272308,-5.27319610118866,,,7.45634138584137,9.65895727276802,-10.336511582136154,0.45454545,0.5,0.47058824,0.6,1.0,0.75,0.35294118,0.25,0.11764706,1.0,0.0,1.0,0.0,1.0,1.0,2.0,0.5,0.0,0.5,0.0,0.5,0.5,0.52941176,0.05882353,,0.11764706,,,0.23529412,,0.05882353,93.78888617621527,89.5,,89.25,,,77.17500305175781,,85.5,-4.494444529215495,7.900000095367432,,-5.880000114440918,,,0.9025000333786011,,-9.489999771118164,9.543333265516493,8.149999618530273,,6.84499979019165,,,-3.7850000858306885,,1.25,-0.4620156101882458,-0.06530402600765228,,-0.20673023536801338,,,0.2982536628842354,,0.0965895727276802,-5.133506779869398,-6.530402600765228,,-10.336511768400669,,,7.4563415721058846,,9.65895727276802,0.14285714,0.7,0.47058824,0.0,0.85714286,0.75,0.58823529,0.05882353,0.23529412,0.47058824,,0.11764706,0.11764706,,85.64700317382812,77.19854736328125,94.13528442382812,,89.25360107421875,90.52245330810547,,-9.16154956817627,1.1468174457550049,-3.837430238723755,,-5.7685346603393555,0.8715198040008545,,0.11051300168037415,-5.4110798835754395,8.712989807128906,,4.790470123291016,4.517234802246094,,0.0965895727276802,0.2982536628842354,-0.4038836173713207,,-0.20673023536801338,-0.12343601882457733,,9.65895727276802,7.4563415721058846,-5.048545217141509,,-10.336511768400669,-6.171800941228867,,0.33333333,0.625,0.47058824,0.33333333,1.0,0.75,0.47058824,2.0,86.8499984741211,-14.5,0.0,0.0,91.6,0.0,0.0,Cory Spangenberg,12294,2019-09-11,0
17,MIL,@MIA,2019,28,6,2B,1.0,4.0,4.0,1.0,1.0,0.0,0.0,0.0,1.0,0.0,0.0,0.0,2.0,0.0,0.0,0.0,0.0,0.0,0.0,0.25,1.0,0.0,0.0,0.0,15.0,6.0,9.0,0.0,1.0,0.0,0.0,0.5,0.0,0.25,0.25,0.5,0.0,0.5,1.0,0.0,1.0,0.0,0.0,0.0,0.0,0.0,0.21740181744098663,-0.3545305409960312,0.1489019116826492,2.642857142857143,27.913607281070103,-0.002178742317482829,-0.06537999957799911,-0.07819999754428864,0.01281999982893467,-0.859000027179718,-0.0908994972705841,0.7494999766349792,,0.0,-0.05338269844651222,-0.03384879136825053,0.46666667,92.85714286,0.46666667,81.42857143,,,,,0.06666667,83.0,,,,-0.26366114616394043,0.07690852880477905,,,-0.17990243434906006,,-3.7665878023420065,1.0986932686397008,,,-17.990243434906006,,0.125,0.71428571,0.4,0.0,0.4,0.33333333,0.46666667,0.25,0.26666667,1.0,0.0,1.0,0.0,0.0,2.0,2.0,0.5,0.0,0.5,0.0,0.0,1.0,0.46666667,,,,,0.46666667,,,0.06666667,92.77143205915179,,,,,81.28571428571429,,,83.19999694824219,6.767143249511719,,,,,1.3514285768781389,,,-9.270000457763672,8.65999984741211,,,,,5.038571493966239,,,5.630000114440918,-0.26366114988923073,,,,,0.07690853253006935,,,-0.17990243434906006,-3.766587855560439,,,,,1.0986933218581336,,,-17.990243434906006,0.25,0.57142857,0.4,0.0,0.5,0.33333333,0.46666667,0.06666667,,0.46666667,,,,0.46666667,83.23429870605469,,92.80125209263393,,,,81.24791608537946,-9.112350463867188,,6.414100102015904,,,,1.3733254841395788,4.119100093841553,,7.342019762311663,,,,3.493025643484933,-0.17990243434906006,,-0.26366114988923073,,,,0.07690853253006935,-17.990243434906006,,-3.766587855560439,,,,1.0986933218581336,0.25,0.57142857,0.4,0.0,0.5,0.33333333,0.46666667,2.0,96.80000305175781,1.0,0.0,0.0,96.8,1.0,0.5,Cory Spangenberg,12294,2019-09-10,0
18,MIL,@MIA,2019,28,6,2B,1.0,3.0,5.0,0.0,0.0,0.0,0.0,0.0,0.0,1.0,1.0,0.0,1.0,0.0,0.0,1.0,0.0,0.0,0.0,0.0,2.0,0.0,0.0,0.0,20.0,7.0,13.0,0.0,1.0,0.0,0.2,0.2,1.0,0.25,0.0,0.25,0.0,0.0,2.0,0.0,1.0,0.0,0.0,0.0,0.0,0.0,0.17257362604141235,-0.6369131987863257,-0.007622632937975132,0.142857142857143,-1.4475280961527894,-0.002178742317482829,-0.003780039958655834,-0.024779999628663063,0.020999999716877937,-0.30799999833106995,-0.03259259834885597,1.1023999452590942,,0.0,-0.03464759886264801,0.031218680007098338,0.5,91.3,0.25,78.6,,,0.1,79.5,0.15,87.33333333,,,,-0.41449734568595886,-0.038641154766082764,,-0.1516578495502472,-0.02173909917473793,,-4.144973456859589,-0.7728230953216553,,-7.58289247751236,-0.7246366391579311,,0.41666667,0.75,0.55,0.8,0.66666667,0.72727273,0.4,0.6,0.15,2.0,1.0,0.0,1.0,2.0,0.0,3.0,0.66666667,0.33333333,0.0,0.33333333,0.66666667,0.0,0.2,0.3,,,,0.25,0.1,,0.15,93.3499984741211,89.66666666666667,,,,78.52000122070312,79.60000610351562,,87.16666666666667,5.197500228881836,-6.40500005086263,,,,2.9399999618530273,3.6599998474121094,,-10.206666310628256,9.010000228881836,6.305000305175781,,,,-0.6260000228881836,-2.380000114440918,,5.0933332443237305,-0.2847881130874157,-0.12970922142267227,,,,-0.038641154766082764,-0.1516578495502472,,-0.02173909917473793,-7.119702827185392,-2.1618203570445376,,,,-0.7728230953216553,-7.58289247751236,,-0.7246366391579311,0.36363636,0.77777778,0.55,0.75,0.71428571,0.72727273,0.45,0.15,0.1,0.35,,,0.15,0.25,87.15789794921875,79.516845703125,92.27832903180804,,,88.62396240234375,78.49990234375,-9.519266764322916,4.4685797691345215,1.287132808140346,,,-9.20544687906901,3.5756759643554688,3.3395697275797525,-4.152949810028076,7.523612976074219,,,3.4083032608032227,-2.0341779708862306,-0.02173909917473793,-0.1516578495502472,-0.5441271699965,,,0.12962983548641205,-0.038641154766082764,-0.7246366391579311,-7.58289247751236,-7.773245285664286,,,4.3209945162137355,-0.7728230953216553,0.36363636,0.77777778,0.55,0.75,0.71428571,0.72727273,0.45,3.0,86.6500015258789,-10.5,0.0,0.0,87.3,0.0,0.0,Cory Spangenberg,12294,2019-09-09,0
19,MIL,CHC,2019,28,7,2B,1.0,4.0,4.0,1.0,0.0,0.0,1.0,0.0,2.0,0.0,0.0,0.0,2.0,0.0,0.0,0.0,0.0,0.0,0.0,0.25,1.0,0.0,1.0,0.0,20.0,5.0,15.0,0.0,0.0,0.0,0.0,0.5,0.0,0.25,0.75,1.0,0.5,0.5,1.0,0.5,0.5,0.0,0.0,0.0,0.0,0.0,0.38225385546684265,0.21546945385167474,0.7189019065303551,5.142857142857142,135.88680125949637,0.0,-0.03619610145688057,-0.052549999207258224,0.016354000195860863,-0.2590000033378601,-0.025280600413680077,0.5641000270843506,,0.0,0.0373338982462883,-0.10150000304859869,0.3,91.66666667,0.1,80.0,0.4,87.125,0.1,73.0,0.1,83.0,,,,-0.35899361968040466,-0.04557297006249428,0.5016658902168274,0.10095241665840149,-0.05931270867586136,,-5.9832269946734105,-2.278648503124714,6.270823627710342,5.0476208329200745,-2.965635433793068,,0.33333333,0.72727273,0.55,1.0,0.75,0.81818182,0.55,0.75,0.1,2.0,0.0,0.0,0.0,1.0,1.0,2.0,1.0,0.0,0.0,0.0,0.5,0.5,0.3,,0.4,,,0.1,0.1,,0.1,91.59999593098958,,87.0,,,79.5999984741211,72.94999694824219,,82.69999694824219,4.590000152587891,,-1.0950000286102295,,,-5.605000019073486,-6.78000020980835,,10.635000228881836,9.125,,4.775000095367432,,,-0.05499999225139618,-2.7350001335144043,,1.9300000667572021,-0.35899362340569496,,0.5016658864915371,,,-0.04557297006249428,0.10095242038369179,,-0.05931270867586136,-5.983227056761583,,6.270823581144214,,,-2.278648503124714,5.047621019184589,,-2.965635433793068,0.28571429,0.69230769,0.55,0.5,0.88888889,0.81818182,0.65,0.1,0.1,0.3,0.4,,,0.1,82.73049926757812,72.79750061035156,91.6088358561198,86.9478759765625,,,79.54705047607422,9.958845138549805,-7.979755401611328,3.7543748219807944,-1.760820746421814,,,-6.652959823608398,0.8963279724121094,-4.3510050773620605,8.169308344523111,3.804511308670044,,,-1.060060977935791,-0.05931270867586136,0.10095242038369179,-0.35899362340569496,0.5016658864915371,,,-0.04557297006249428,-2.965635433793068,5.047621019184589,-5.983227056761583,6.270823581144214,,,-2.278648503124714,0.28571429,0.69230769,0.55,0.5,0.88888889,0.81818182,0.65,2.0,77.3499984741211,-9.5,0.0,0.0,103.4,1.0,0.5,Cory Spangenberg,12294,2019-09-08,0
20,MIL,CHC,2019,28,7,2B,1.0,4.0,4.0,1.0,1.0,0.0,0.0,0.0,0.0,0.0,0.0,0.0,2.0,0.0,0.0,0.0,0.0,0.0,0.0,0.25,1.0,0.0,0.0,0.0,17.0,5.0,12.0,1.0,1.0,0.0,0.0,0.5,0.0,0.25,0.25,0.5,0.0,0.5,1.0,0.0,1.0,0.0,0.0,0.0,1.0,0.0,0.21740181744098663,-0.3545305409960312,0.1489019116826492,0.142857142857143,27.913607281070103,-0.002178742317482829,-0.04664599895477295,-0.09144599735736847,0.04479999840259552,-0.3319999873638153,-0.032405998557806015,1.750849962234497,,0.0,-0.06425289809703827,0.037610981336083114,0.35294118,94.16666667,0.05882353,79.0,0.17647059,87.0,0.35294118,77.5,,,0.05882353,89.0,,-0.20977136492729187,-0.2728937566280365,-0.3049536645412445,0.3971298933029175,,0.023833870887756348,-3.4961894154548645,-27.28937566280365,-10.165122151374817,6.618831555048625,,2.3833870887756348,0.44444444,0.625,0.52941176,0.25,0.8,0.55555556,0.47058824,1.0,0.23529412,2.0,0.0,0.0,1.0,0.0,1.0,2.0,1.0,0.0,0.0,0.5,0.0,0.5,0.35294118,,0.17647059,0.05882353,,0.05882353,0.05882353,0.29411765,,94.2999979654948,,87.03333536783855,89.0999984741211,,78.9000015258789,70.69999694824219,78.64000244140625,,-1.2149999936421711,,2.2766666412353516,-3.890000104904175,,6.880000114440918,6.75,4.845999908447266,,9.584999720255533,,0.0899999737739563,3.1700000762939453,,-2.2799999713897705,-9.34000015258789,-9.234000396728515,,-0.20977135747671127,,-0.3049536719918251,0.023833870887756348,,-0.2728937566280365,0.04190467298030853,0.35522521659731865,,-3.496189291278521,,-10.165122399727505,2.3833870887756348,,-27.28937566280365,4.190467298030853,7.104504331946374,,0.5,0.54545455,0.52941176,0.0,0.83333333,0.55555556,0.64705882,,0.35294118,0.35294118,0.05882353,0.05882353,,0.17647059,,77.25643412272136,94.31698608398438,91.52559661865234,89.02249908447266,,82.77603149414062,,5.837869644165039,-0.6190626621246338,2.9855399131774902,-3.605259895324707,,4.582033157348633,,-10.625038146972656,8.75987180074056,3.8157799243927,1.9443600177764893,,-3.13588015238444,,0.3971298895776272,-0.20977135747671127,-0.05931270867586136,0.023833870887756348,,-0.5185347199440002,,6.618831492960453,-3.496189291278521,-5.931270867586136,2.3833870887756348,,-17.28449066480001,0.5,0.54545455,0.52941176,0.0,0.83333333,0.55555556,0.64705882,2.0,68.19999694824219,-56.0,0.0,0.0,68.2,0.0,0.0,Cory Spangenberg,12294,2019-09-07,0
21,MIL,CHC,2019,28,7,2B,1.0,3.0,4.0,1.0,1.0,0.0,0.0,0.0,0.0,1.0,1.0,1.0,1.0,0.0,0.0,0.0,0.0,1.0,0.0,0.33333333,1.0,0.0,0.0,0.0,7.0,2.0,5.0,0.0,1.0,1.0,0.25,0.25,1.0,0.5,0.33333333,0.83333333,0.0,0.5,1.0,0.0,1.0,0.0,0.0,0.0,0.0,1.0,0.2898690899213155,-0.10396436398622008,0.3994680886924603,5.0,75.37752075345794,0.1978212606627494,0.01591400057077408,-0.030254000797867775,0.046167999505996704,0.39800000190734863,0.03884819895029068,0.6607999801635742,,0.0,-0.015911899507045746,0.0399948308758311,0.42857143,92.66666667,,,0.28571429,86.5,0.14285714,80.0,0.14285714,83.0,,,0.57142857,-0.29202237725257874,,0.41750630736351013,0.023833870887756348,-0.2037363052368164,,-9.734079241752625,,20.875315368175507,2.3833870887756348,-20.37363052368164,,0.0,0.8,0.57142857,,0.5,0.5,0.71428571,0.5,0.28571429,2.0,0.0,0.0,0.0,1.0,1.0,2.0,1.0,0.0,0.0,0.0,0.5,0.5,0.14285714,0.28571429,0.28571429,,,,0.14285714,,0.14285714,91.5,93.4000015258789,86.75,,,,79.5999984741211,,83.0999984741211,4.050000190734863,-9.539999961853027,0.3700000047683716,,,,-0.7200000286102295,,9.039999961853027,10.229999542236328,5.309999942779541,5.095000267028809,,,,-7.590000152587891,,4.71999979019165,-0.05931270867586136,-0.23270966485142708,0.41750630363821983,,,,0.023833870887756348,,-0.2037363052368164,-5.931270867586136,-11.635483242571354,20.87531518191099,,,,2.3833870887756348,,-20.37363052368164,0.0,0.8,0.57142857,,0.5,0.5,0.71428571,0.09090909,0.09090909,0.09090909,0.18181818,,0.18181818,,83.1344985961914,79.5636978149414,91.47059631347656,86.75355529785156,,93.3863525390625,,8.704500198364258,-2.2897799015045166,3.244529962539673,-0.3597629964351654,,-9.050264358520508,,3.400209903717041,-9.441960334777832,9.14564037322998,3.9069149494171143,,4.3276801109313965,,-0.2037363052368164,0.023833870887756348,-0.05931270867586136,0.41750630363821983,,-0.23270966485142708,,-20.37363052368164,2.3833870887756348,-5.931270867586136,20.87531518191099,,-11.635483242571354,,0.0,0.8,0.57142857,,0.5,0.5,0.71428571,2.0,96.9000015258789,-11.0,0.0,0.0,96.9,1.0,0.5,Cory Spangenberg,12294,2019-09-06,0
22,MIL,CHC,2019,28,8,2B,1.0,4.0,4.0,1.0,0.0,0.0,0.0,1.0,1.0,1.0,0.0,0.0,2.0,0.0,0.0,0.0,0.0,0.0,0.0,0.25,1.0,1.0,0.0,0.0,18.0,5.0,13.0,0.0,0.0,0.0,0.0,0.5,0.0,0.25,1.0,1.25,0.75,0.0,1.0,0.0,0.5,0.5,0.0,1.0,0.0,0.0,0.48488402366638184,0.5703282475038424,1.0737607001825227,0.142857142857143,203.1065165372009,0.0,-0.0261400006711483,-0.06191600114107132,0.03577600046992302,0.3400000035762787,0.0331869013607502,0.6415500044822693,,0.0,0.026753799989819527,-0.06749887128358917,0.72222222,91.38461538,0.05555556,79.0,0.16666667,88.33333333,,,0.05555556,88.0,,,,0.78765869140625,0.03891072794795036,-0.05931270867586136,,-0.1871366798877716,,6.058913010817308,3.8910727947950363,-1.9770902891953785,,-18.71366798877716,,0.33333333,0.55555556,0.44444444,0.66666667,0.6,0.625,0.5,0.75,0.16666667,1.0,1.0,0.0,0.0,1.0,1.0,2.0,0.5,0.5,0.0,0.0,0.5,0.5,0.22222222,,0.16666667,,0.5,,0.05555556,,0.05555556,94.07499694824219,,88.5,,90.16666666666667,,78.80000305175781,,88.0999984741211,3.6475000381469727,,-0.8366666634877523,,6.856666564941406,,-4.679999828338623,,4.309999942779541,9.569999694824219,,3.1366666158040366,,5.847777896457249,,0.07000000029802322,,7.820000171661377,1.382405873388052,,-0.05931270867586136,,-0.5947472006082535,,0.03891072794795036,,-0.1871366798877716,34.5601468347013,,-1.9770902891953785,,-6.608302228980595,,3.8910727947950363,,-18.71366798877716,0.14285714,0.63636364,0.44444444,1.0,0.57142857,0.625,0.61111111,0.05555556,0.05555556,0.22222222,0.16666667,,0.5,,88.16120147705078,78.81199645996094,94.19255065917969,88.4762674967448,,90.17844645182292,,3.4674201011657715,-5.826469898223877,3.4000024795532227,-2.0457433064778647,,6.178508758544922,,6.706309795379639,-1.4432400465011597,8.658989906311035,2.037607987721761,,4.797116173638238,,-0.1871366798877716,0.03891072794795036,1.382405873388052,-0.05931270867586136,,-0.5947472006082535,,-18.71366798877716,3.8910727947950363,34.5601468347013,-1.9770902891953785,,-6.608302228980595,,0.14285714,0.63636364,0.44444444,1.0,0.57142857,0.625,0.61111111,2.0,89.8499984741211,17.5,1.0,0.5,102.0,1.0,0.5,Cory Spangenberg,12294,2019-09-05,0
23,MIL,HOU,2019,28,7,2B,1.0,4.0,4.0,1.0,1.0,0.0,0.0,0.0,0.0,0.0,0.0,0.0,0.0,0.0,0.0,0.0,0.0,0.0,0.0,0.25,2.0,1.0,1.0,0.0,19.0,4.0,15.0,0.0,0.0,0.0,0.0,0.0,0.0,0.25,0.25,0.5,0.0,0.25,2.0,0.25,0.5,0.25,0.0,0.0,0.0,0.0,0.21740181744098663,-0.3545305409960312,0.1489019116826492,0.142857142857143,27.913607281070103,-0.002178742317482829,-0.02263999916613102,-0.03650600090622902,0.01386599987745285,-0.6039999723434448,-0.0589555986225605,0.44315001368522644,,0.0,-0.052184898406267166,0.0010961057469659752,0.68421053,93.53846154,,,,,0.05263158,67.0,0.26315789,86.8,,,,0.03852767124772072,,,0.023833870887756348,-0.3375953435897827,,0.296366701905544,,,2.3833870887756348,-6.751906871795654,,0.66666667,0.71428571,0.68421053,0.75,1.0,0.84615385,0.36842105,0.75,0.10526316,3.0,1.0,0.0,1.0,2.0,1.0,4.0,0.75,0.25,0.0,0.25,0.5,0.25,0.68421053,,,,,,0.05263158,,0.26315789,93.43845778245192,,,,,,66.5999984741211,,86.8,-2.79000003521259,,,,,,7.190000057220459,,-6.905999755859375,9.386154174804688,,,,,,-7.550000190734863,,2.1060001373291017,0.03852767124772072,,,,,,0.023833870887756348,,-0.3375953286886215,0.296366701905544,,,,,,2.3833870887756348,,-6.75190657377243,0.63636364,0.75,0.68421053,0.85714286,0.83333333,0.84615385,0.42105263,0.26315789,0.05263158,0.68421053,,,,,86.77847900390626,66.58540344238281,93.43282376802884,,,,,-6.664177703857422,7.579870223999023,-2.6781639685997596,,,,,0.6527609825134277,-9.402999877929688,8.307302621694712,,,,,-0.3375953286886215,0.023833870887756348,0.03852767124772072,,,,,-6.75190657377243,2.3833870887756348,0.296366701905544,,,,,0.63636364,0.75,0.68421053,0.85714286,0.83333333,0.84615385,0.42105263,4.0,85.42500305175781,6.25,0.0,0.0,106.2,1.0,0.25,Cory Spangenberg,12294,2019-09-03,0
24,MIL,HOU,2019,28,7,2B,1.0,4.0,4.0,1.0,1.0,0.0,0.0,0.0,0.0,0.0,0.0,0.0,2.0,0.0,0.0,0.0,0.0,0.0,0.0,0.25,1.0,0.0,0.0,0.0,12.0,2.0,10.0,1.0,1.0,1.0,0.0,0.5,0.0,0.25,0.25,0.5,0.0,0.5,1.0,0.0,1.0,0.0,0.0,0.0,1.0,1.0,0.21740181744098663,-0.3545305409960312,0.1489019116826492,0.142857142857143,27.913607281070103,-0.002178742317482829,0.05655600130558014,-0.04648200049996376,0.1030379980802536,0.35100001096725464,0.03426060080528259,1.319159984588623,,0.0,0.020022500306367874,0.022850238380605715,0.75,97.33333333,0.08333333,86.0,0.16666667,92.0,,,,,,,,-0.06092400103807449,-0.04557297006249428,0.44421082735061646,,,,-0.6769333448674943,-4.557297006249428,22.210541367530823,,,,0.6,1.0,0.66666667,0.16666667,1.0,0.375,0.16666667,0.75,0.41666667,0.0,1.0,1.0,1.0,1.0,0.0,2.0,0.0,0.5,0.5,0.5,0.5,0.0,0.75,,0.16666667,,,0.08333333,,,,97.22222222222223,,91.75,,,85.80000305175781,,,,-6.202222188313802,,2.9049999713897705,,,3.9100000858306885,,,,9.122222052680122,,5.055000305175781,,,-1.409999966621399,,,,-0.06092400103807449,,0.44421082362532616,,,-0.04557297006249428,,,,-0.6769333448674943,,22.210541181266308,,,-4.557297006249428,,,,0.57142857,0.8,0.66666667,0.25,0.5,0.375,0.41666667,,,0.75,0.16666667,,,0.08333333,,,97.300048828125,91.75544738769531,,,85.74099731445312,,,-5.6295144822862415,3.2497401237487793,,,4.278349876403809,,,8.321402655707466,4.086874961853027,,,-2.4212300777435303,,,-0.06092400103807449,0.44421082362532616,,,-0.04557297006249428,,,-0.6769333448674943,22.210541181266308,,,-4.557297006249428,0.57142857,0.8,0.66666667,0.25,0.5,0.375,0.41666667,2.0,82.9000015258789,-21.0,0.0,0.0,82.9,0.0,0.0,Cory Spangenberg,12294,2019-09-02,0
25,MIL,@CHC,2019,28,7,2B,1.0,4.0,4.0,1.0,1.0,0.0,0.0,0.0,0.0,0.0,0.0,0.0,1.0,0.0,0.0,0.0,0.0,0.0,0.0,0.25,1.0,0.0,2.0,0.0,19.0,8.0,11.0,0.0,0.0,0.0,0.0,0.25,0.0,0.25,0.25,0.5,0.0,0.33333333,1.0,0.66666667,0.33333333,0.0,0.0,0.0,0.0,0.0,0.21740181744098663,-0.3545305409960312,0.1489019116826492,0.142857142857143,27.913607281070103,-0.002178742317482829,-0.011780000291764736,-0.11299999803304672,0.10121999680995941,-0.2540000081062317,-0.025273600593209267,1.4594999551773071,,0.0,-0.00670894980430603,-0.0013623079233679967,0.68421053,95.30769231,,,0.10526316,92.0,0.21052632,80.25,,,,,,0.031007766723632812,,-0.10975317656993866,-0.2907310426235199,,,0.23852128248948315,,-5.487658828496933,-7.268276065587997,,,0.33333333,0.85714286,0.52631579,0.25,1.0,0.7,0.36842105,0.25,0.15789474,1.0,2.0,0.0,2.0,1.0,0.0,3.0,0.33333333,0.66666667,0.0,0.66666667,0.33333333,0.0,0.26315789,0.42105263,0.10526316,,,,0.05263158,0.15789474,,95.74000244140625,94.9000015258789,92.0,,,,81.0999984741211,80.13333638509114,,-2.1420000076293944,-9.331250190734863,2.2849998474121094,,,,3.690000057220459,3.626666704813639,,9.133999633789063,7.053750038146973,5.975000381469727,,,,-8.140000343322754,-6.683333079020183,,-0.2399250715970993,0.2709328383207321,-0.10975317656993866,,,,0.050806157290935516,-0.3415371999144554,,-4.798501431941986,3.3866604790091515,-5.487658828496933,,,,5.080615729093552,-11.384573330481846,,0.25,1.0,0.52631579,0.0,1.0,0.7,0.36842105,,0.21052632,0.26315789,0.10526316,,0.42105263,,,80.31295013427734,95.8393798828125,92.06144714355469,,94.94662475585938,,,4.681045055389404,-1.4957459449768067,3.2642500400543213,,-8.824870109558105,,,-8.693474769592285,8.063455963134766,4.792500019073486,,5.973855018615723,,,-0.2907310426235199,-0.2399250715970993,-0.10975317656993866,,0.2709328383207321,,,-7.268276065587997,-4.798501431941986,-5.487658828496933,,3.3866604790091515,,0.25,1.0,0.52631579,0.0,1.0,0.7,0.36842105,3.0,79.59999593098958,8.333333333333334,0.0,0.0,86.7,0.0,0.0,Cory Spangenberg,12294,2019-09-01,0
26,MIL,@CHC,2019,28,2,PH-2B,1.0,1.0,1.0,1.0,1.0,0.0,0.0,0.0,0.0,0.0,0.0,0.0,0.0,0.0,0.0,0.0,0.0,0.0,0.0,1.0,1.0,0.0,0.0,0.0,1.0,0.0,1.0,0.0,0.0,0.0,0.0,0.0,0.0,1.0,1.0,2.0,0.0,1.0,1.0,0.0,1.0,0.0,0.0,0.0,0.0,0.0,0.8696072697639465,0.47514126302306736,0.6009993761927375,0.142857142857143,455.0888285325608,-0.002178742317482829,0.006799980066716671,0.0,0.006800000090152025,0.210999995470047,0.0209950003772974,0.3100000023841858,0.3100000023841858,1.0,0.021935399621725082,1.9779625097526843e-08,,,,,,,1.0,77.0,,,,,,,,,0.4630792737007141,,,,,,46.30792737007141,,,,1.0,1.0,,1.0,1.0,1.0,1.0,0.0,1.0,0.0,0.0,1.0,0.0,0.0,1.0,1.0,0.0,0.0,1.0,0.0,0.0,,,,,,,,1.0,,,,,,,,,76.5,,,,,,,,,5.019999980926514,,,,,,,,,-9.989999771118164,,,,,,,,,0.4630792737007141,,,,,,,,,46.30792737007141,,,1.0,1.0,,1.0,1.0,1.0,,1.0,,,,,,,76.58660125732422,,,,,,,5.936220169067383,,,,,,,-11.713800430297852,,,,,,,0.4630792737007141,,,,,,,46.30792737007141,,,,,,,1.0,1.0,,1.0,1.0,1.0,1.0,66.5,1.0,0.0,0.0,66.5,0.0,0.0,Cory Spangenberg,12294,2019-08-31,0
27,MIL,@CHC,2019,28,9,2B,1.0,2.0,2.0,0.0,0.0,0.0,0.0,0.0,0.0,0.0,0.0,0.0,1.0,0.0,0.0,0.0,0.0,0.0,0.0,0.0,1.0,0.0,0.0,0.0,7.0,1.0,6.0,0.0,0.0,0.0,0.0,0.5,0.0,0.0,0.0,0.0,0.0,0.0,1.0,0.0,1.0,0.0,0.0,0.0,0.0,0.0,0.0,-0.5531145360127323,-0.3013983096733921,0.142857142857143,-100.0,0.0,-0.006380000151693821,-0.006380009930580854,0.0,-0.335999995470047,-0.03343280032277107,0.12600000202655792,,0.0,-0.05007210001349449,-0.0005628210109437648,0.57142857,92.5,,,0.14285714,89.0,0.28571429,81.0,,,,,,-0.2681884765625,,0.0,-0.24930927157402039,,,-6.7047119140625,,0.0,-12.46546357870102,,,0.75,0.66666667,0.71428571,0.66666667,1.0,0.8,0.42857143,1.0,0.14285714,0.0,1.0,0.0,0.0,1.0,0.0,1.0,0.0,1.0,0.0,0.0,1.0,0.0,,0.42857143,0.14285714,,0.14285714,,,0.28571429,,,93.13333129882812,89.30000305175781,,89.9000015258789,,,81.0999984741211,,,-8.90000025431315,1.7799999713897705,,-11.640000343322754,,,3.299999952316284,,,6.983333587646484,5.440000057220459,,-0.20999999344348907,,,-5.244999885559082,,,-0.03547883778810501,0.0,,-0.23270964622497559,,,-0.23657364025712013,,,-1.1826279262701669,0.0,,-23.27096462249756,,,-11.828682012856007,,1.0,0.6,0.71428571,0.5,1.0,0.8,0.71428571,,0.28571429,,0.14285714,,0.57142857,,,81.02494812011719,,89.25550079345703,,92.36117553710938,,,4.297999858856201,,2.520620107650757,,-8.863407135009766,,,-6.844089508056641,,4.286109924316406,,4.26117467880249,,,-0.23657364025712013,,0.0,,-0.2681884840130806,,,-11.828682012856007,,0.0,,-6.704712100327015,,1.0,0.6,0.71428571,0.5,1.0,0.8,0.71428571,1.0,76.0,12.0,0.0,0.0,76.0,0.0,0.0,Cory Spangenberg,12294,2019-08-30,0
28,MIL,STL,2019,28,7,3B,1.0,3.0,3.0,0.0,0.0,0.0,0.0,0.0,0.0,0.0,0.0,0.0,0.0,0.0,0.0,0.0,1.0,0.0,0.0,0.0,3.0,0.0,0.0,0.0,9.0,3.0,6.0,0.0,0.0,0.0,0.0,0.0,0.0,0.0,0.0,0.0,0.0,0.0,3.0,0.0,1.0,0.0,0.0,0.0,0.0,0.0,0.0,-0.8296718040190985,-0.45209746451008814,0.142857142857143,-100.0,0.0,-0.04912399873137474,-0.04912399873137474,0.0,-1.00600004196167,-0.0981941968202591,0.6787329912185669,,0.0,-0.08306030184030533,0.010684272728799044,0.55555556,93.0,0.33333333,84.66666667,,,0.11111111,76.0,,,,,,-0.46541929244995117,-0.6885468363761902,,-0.05465850979089737,,,-9.308385848999023,-22.951561212539673,,-5.465850979089737,,,0.25,1.0,0.66666667,1.0,0.8,0.83333333,0.55555556,,0.11111111,3.0,0.0,0.0,0.0,2.0,1.0,3.0,1.0,0.0,0.0,0.0,0.66666667,0.33333333,0.33333333,0.22222222,,,,0.33333333,,0.11111111,,92.7999979654948,93.14999389648438,,,,84.66666666666667,,76.4000015258789,,-3.086666742960612,-6.465000152587891,,,,4.0,,7.409999847412109,,7.069999694824219,3.4250001907348633,,,,2.449999968210856,,-6.119999885559082,,-0.44967152550816536,-0.015747781842947006,,,,-0.7674894966185093,,-0.05465850979089737,,-14.989050850272179,-0.7873890921473503,,,,-25.582983220616978,,-5.465850979089737,,0.0,1.0,0.66666667,,0.83333333,0.83333333,0.66666667,,0.11111111,0.33333333,,,0.22222222,0.33333333,,76.38200378417969,92.88003540039062,,,93.22270202636719,84.71286519368489,,7.95619010925293,-2.5051730473836265,,,-6.274930000305176,4.484206517537435,,-7.197979927062988,6.317670186360677,,,2.680999994277954,1.5346867243448894,,-0.05465850979089737,-0.44967152550816536,,,-0.015747781842947006,-0.7674894966185093,,-5.465850979089737,-14.989050850272179,,,-0.7873890921473503,-25.582983220616978,0.0,1.0,0.66666667,,0.83333333,0.83333333,0.66666667,3.0,94.40000406901042,-7.666666666666667,0.0,0.0,106.3,1.0,0.33333333,Cory Spangenberg,12294,2019-08-28,0
29,MIL,STL,2019,28,7,3B,1.0,4.0,4.0,1.0,1.0,0.0,0.0,0.0,0.0,0.0,0.0,0.0,2.0,0.0,0.0,0.0,0.0,0.0,0.0,0.25,2.0,0.0,0.0,0.0,20.0,5.0,15.0,1.0,0.0,0.0,0.0,0.5,0.0,0.25,0.25,0.5,0.0,0.5,2.0,0.0,1.0,0.0,0.0,0.0,0.5,0.0,0.21740181744098663,-0.3545305409960312,0.1489019116826492,0.142857142857143,27.913607281070103,-0.002178742317482829,-0.11130200326442719,-0.12402600049972534,0.01272400002926588,-1.0290000438690186,-0.10043899714946747,0.9313200116157532,,0.0,-0.0319054014980793,-0.08760454339328905,0.4,93.625,0.35,86.0,,,0.2,78.5,0.05,89.0,,,,-0.10744510591030121,-0.3922538459300995,,-0.4074726104736328,0.5679649710655212,,-1.343063823878765,-5.603626370429993,,-10.18681526184082,56.796497106552124,,0.53333333,1.0,0.65,0.875,0.6,0.76923077,0.25,0.75,0.15,2.0,0.0,0.0,1.0,1.0,0.0,2.0,1.0,0.0,0.0,0.5,0.5,0.0,0.4,,,,,0.35,0.2,,0.05,93.5875015258789,,,,,86.08571079799107,78.625,,88.5999984741211,-4.707499980926514,,,,,1.724285670689174,4.034999847412109,,-9.899999618530273,8.868749618530273,,,,,0.4785714490073068,-8.482500076293945,,-2.2200000286102295,-0.10744510591030121,,,,,-0.3922538459300995,-0.39473696053028107,,0.5679649710655212,-1.343063823878765,,,,,-5.603626370429993,-9.868424013257027,,56.796497106552124,0.66666667,0.625,0.65,0.75,0.8,0.76923077,0.4,0.05,0.2,0.4,,,,0.35,88.55000305175781,78.65280151367188,93.6204605102539,,,,86.06180245535714,-9.922410011291504,4.558122634887695,-3.9728801250457764,,,,2.4695371900285994,-3.485140085220337,-10.213993072509766,7.896064758300781,,,,-0.9353135653904506,0.5679649710655212,-0.39473696053028107,-0.10744510591030121,,,,-0.3922538459300995,56.796497106552124,-9.868424013257027,-1.343063823878765,,,,-5.603626370429993,0.66666667,0.625,0.65,0.75,0.8,0.76923077,0.4,2.0,89.69999694824219,-12.5,0.0,0.0,90.3,0.0,0.0,Cory Spangenberg,12294,2019-08-27,0
30,MIL,STL,2019,28,8,SS-3B,1.0,4.0,4.0,2.0,1.0,1.0,0.0,0.0,1.0,1.0,0.0,0.0,2.0,0.0,0.0,0.0,0.0,0.0,0.0,0.5,1.0,1.0,0.0,0.0,24.0,10.0,14.0,0.0,0.0,0.0,0.0,0.5,0.0,0.5,0.75,1.25,0.25,1.0,1.0,0.0,0.5,0.5,0.0,0.0,0.0,0.0,0.5215678662061691,0.6971679900334024,1.2006004427120827,2.642857142857143,227.13334504265896,-0.002178742317482829,0.019516000524163246,-0.0019299399573355913,0.021446000784635544,0.42100000381469727,0.04109320044517517,0.12735000252723694,,0.0,0.06664689630270004,0.08660006197662365,0.5,93.08333333,0.20833333,81.2,0.04166667,86.0,0.16666667,75.0,0.08333333,83.5,,,,0.9339929223060608,-0.2690403163433075,-0.04557297006249428,0.008182186633348465,0.023833870887756348,,7.783274352550507,-5.38080632686615,-4.557297006249428,0.20455466583371162,1.1916935443878174,,0.33333333,0.44444444,0.375,0.8,0.5,0.66666667,0.375,1.0,0.125,0.0,1.0,1.0,1.0,0.0,1.0,2.0,0.0,0.5,0.5,0.5,0.0,0.5,0.29166667,0.08333333,0.04166667,,0.125,0.20833333,0.16666667,,0.08333333,93.71428571428571,93.19999694824219,86.30000305175781,,90.83333333333333,81.3,75.1500015258789,,83.25,-2.877142769949777,-8.604999542236328,1.2100000381469727,,-6.996666590372722,-7.497999572753907,9.180000305175781,,-6.050000190734863,8.577142987932477,7.329999923706055,5.409999847412109,,5.776666641235352,-2.0100000381469725,-8.420000076293945,,3.990000009536743,0.7638839296996593,-0.3804479278624058,-0.04557297006249428,,0.5505569204688072,-0.2690403163433075,0.008182186633348465,,0.023833870887756348,10.91262756713799,-19.02239639312029,-4.557297006249428,,18.351897348960243,-5.38080632686615,0.20455466583371162,,1.1916935443878174,0.3,0.42857143,0.375,0.66666667,0.66666667,0.66666667,0.58333333,0.08333333,0.16666667,0.29166667,0.04166667,,0.20833333,0.20833333,83.3343505859375,75.16022491455078,93.87405831473214,86.42739868164062,,91.94617919921875,81.40390014648438,-5.584400177001953,9.806690216064453,-2.362849916730608,1.8984800577163696,,-6.972418212890625,-8.123512268066406,3.050600051879883,-10.036174774169922,7.507917131696429,4.593939781188965,,5.471255874633789,-2.934984016418457,0.023833870887756348,0.008182186633348465,0.7638839296996593,-0.04557297006249428,,0.17010899260640144,-0.2690403163433075,1.1916935443878174,0.20455466583371162,10.91262756713799,-4.557297006249428,,3.402179852128029,-5.38080632686615,0.3,0.42857143,0.375,0.66666667,0.66666667,0.66666667,0.58333333,2.0,74.8499984741211,18.5,0.0,0.0,92.7,0.0,0.0,Cory Spangenberg,12294,2019-08-26,0
31,MIL,ARI,2019,28,9,3B,1.0,2.0,2.0,1.0,0.0,1.0,0.0,0.0,0.0,0.0,0.0,0.0,0.0,0.0,0.0,0.0,0.0,0.0,0.0,0.5,0.0,1.0,1.0,0.0,4.0,1.0,3.0,0.0,0.0,0.0,0.0,0.0,0.0,0.5,1.0,1.5,0.5,0.5,0.0,0.5,0.0,0.5,0.0,0.0,0.0,0.0,0.608332097530365,0.49858399501670114,0.7503002213560414,0.142857142857143,283.9613423870843,0.0,0.022260000929236412,-0.012020000256597996,0.034279998391866684,0.25099998712539673,0.0244998000562191,0.5078999996185303,,0.0,0.0371645987033844,0.006662928262465742,1.0,95.25,,,,,,,,,,,,0.48499882221221924,,,,,,12.124970555305481,,,,,,0.5,0.5,0.5,1.0,1.0,1.0,0.5,0.5,0.0,0.0,1.0,1.0,0.0,1.0,1.0,2.0,0.0,0.5,0.5,0.0,0.5,0.5,1.0,,,,,,,,,95.32499694824219,,,,,,,,,-4.164999961853027,,,,,,,,,10.342499732971191,,,,,,,,,0.44283462315797806,,,,,,,,,11.070865578949451,,,,,,,,,0.0,0.66666667,0.5,,1.0,1.0,0.75,,,1.0,,,,,,,95.4657974243164,,,,,,,-3.665797472000122,,,,,,,9.303199768066406,,,,,,,0.44283462315797806,,,,,,,11.070865578949451,,,,,0.0,0.66666667,0.5,,1.0,1.0,0.75,2.0,99.44999694824219,20.5,1.0,0.5,103.9,2.0,1.0,Cory Spangenberg,12294,2019-08-25,0
32,MIL,ARI,2019,28,8,SS,1.0,3.0,3.0,0.0,0.0,0.0,0.0,0.0,0.0,0.0,0.0,0.0,1.0,0.0,0.0,0.0,0.0,0.0,0.0,0.0,2.0,0.0,0.0,0.0,7.0,1.0,6.0,0.0,0.0,0.0,0.0,0.33333333,0.0,0.0,0.0,0.0,0.0,0.0,2.0,0.0,1.0,0.0,0.0,0.0,0.0,0.0,0.0,-0.8296718040190985,-0.45209746451008814,0.142857142857143,-100.0,0.0,-0.05644199997186661,-0.05644199997186661,0.0,-0.7390000224113464,-0.07213280349969864,0.7454000115394592,,0.0,-0.07653989642858505,0.0008194790713353384,0.85714286,93.0,,,,,,,0.14285714,85.0,,,,-0.5630707144737244,,,,-0.1871366798877716,,-9.384511907895405,,,,-18.71366798877716,,0.75,0.66666667,0.71428571,0.0,1.0,0.4,0.42857143,0.66666667,0.42857143,0.0,1.0,1.0,0.0,1.0,1.0,2.0,0.0,0.5,0.5,0.0,0.5,0.5,0.42857143,0.28571429,,,0.14285714,,,,0.14285714,93.69999186197917,93.69999694824219,,,88.69999694824219,,,,85.19999694824219,-4.960000038146973,-8.399999618530273,,,8.15999984741211,,,,-6.480000019073486,10.223333358764648,8.154999732971191,,,-1.7999999523162842,,,,4.909999847412109,-0.21039854735136032,-0.11996253579854965,,,-0.23270964622497559,,,,-0.1871366798877716,-7.01328491171201,-5.998126789927483,,,-23.27096462249756,,,,-18.71366798877716,0.8,0.5,0.71428571,0.25,1.0,0.4,0.28571429,0.14285714,,0.57142857,,,0.28571429,,85.26789855957031,,93.7729263305664,,,91.35299682617188,,-5.625030040740967,,-4.541745185852051,,,-0.5927302837371826,,4.1308698654174805,,9.142532348632812,,,1.7703100442886353,,-0.1871366798877716,,-0.2650570571422577,,,-0.29801367223262787,,-18.71366798877716,,-6.626426428556442,,,-14.900683611631393,,0.75,0.66666667,0.71428571,0.0,1.0,0.4,0.42857143,2.0,78.30000305175781,7.5,0.0,0.0,86.4,0.0,0.0,Cory Spangenberg,12294,2019-08-24,0
