,Opp,teamid,season,Team,HomeAway,Age,W,L,ERA,G,GS,CG,ShO,SV,HLD,BS,IP,TBF,H,R,ER,HR,BB,IBB,HBP,WP,BK,SO,K/9,BB/9,H/9,K/BB,IFH%,BUH%,GB,FB,LD,IFFB,IFH,BU,BUH,K%,BB%,K-BB%,SIERA,HR/9,AVG,WHIP,BABIP,LOB%,FIP,E-F,xFIP,ERA-,FIP-,xFIP-,GB/FB,LD%,GB%,FB%,IFFB%,HR/FB,RS,RS/9,Balls,Strikes,Pitches,WPA,-WPA,+WPA,RE24,REW,pLI,inLI,gmLI,exLI,Pulls,Games,WPA/LI,Clutch,SD,MD,FB%1,FBv,SL%,SLv,CB%,CBv,XX%,wFB,wSL,wCB,wFB/C,wSL/C,wCB/C,O-Swing%,Z-Swing%,Swing%,O-Contact%,Z-Contact%,Contact%,Zone%,F-Strike%,SwStr%,Pull,Cent,Oppo,Soft,Med,Hard,bipCount,Pull%,Cent%,Oppo%,Soft%,Med%,Hard%,PlayerName,playerid,tERA,GSv2,pfxFA%,pfxFT%,pfxSL%,pfxCU%,pfxvFA,pfxvFT,pfxvSL,pfxvCU,pfxFA-X,pfxFT-X,pfxSL-X,pfxCU-X,pfxFA-Z,pfxFT-Z,pfxSL-Z,pfxCU-Z,pfxwFA,pfxwFT,pfxwSL,pfxwCU,pfxwFA/C,pfxwFT/C,pfxwSL/C,pfxwCU/C,pfxO-Swing%,pfxZ-Swing%,pfxSwing%,pfxO-Contact%,pfxZ-Contact%,pfxContact%,pfxZone%,piCU%,piFA%,piSL%,pivCU,pivFA,pivSL,piCU-X,piFA-X,piSL-X,piCU-Z,piFA-Z,piSL-Z,piwCU,piwFA,piwSL,piwCU/C,piwFA/C,piwSL/C,piO-Swing%,piZ-Swing%,piSwing%,piO-Contact%,piZ-Contact%,piContact%,piZone%,Events,EV,LA,Barrels,Barrel%,maxEV,HardHit,HardHit%,gamedate,dh
0,- - -,3,2019,- - -,H,22,0.0,1.0,4.45055084396411,29.0,1.0,0.0,0.0,0.0,2.0,0.0,30.1,147.0,27.0,18.0,15.0,1.0,26.0,1.0,3.0,4.0,0.0,57.0,16.912093207063617,7.714288129537791,8.010991519135398,2.19230769,0.03703704,0.0,27.0,19.0,14.0,1.0,1.0,1.0,0.0,0.3877551,0.17687075,0.21088435,3.9361041728821675,0.29670338959760734,0.2288135593220339,1.747253294297021,0.43333333333333335,0.6959707,2.7524713465044437,1.6980794974596662,3.569887610457442,92.31978250747129,61.066784990821354,78.21038030238995,1.42105263,0.23333333,0.45,0.31666667,0.05263158,0.05263158,14.0,4.1538474543665025,283.0,398.0,681.0,-0.029288034420460463,-2.1409299592487514,2.111641951603815,0.16039946675300598,0.026233517564833164,0.843094164263699,0.7554375654420792,0.7732551779983372,0.9485407338512165,27.0,29.0,-0.06127540417946875,0.02653665771211698,5.0,5.0,0.74302496,95.51383399,0.24816446,82.80473373,0.00881057,77.16666667,0.00587372,1.4664185978472233,-2.1105148047208786,-0.06749091669917107,0.2898060470053801,-1.2488253282372064,-1.124848611652851,0.23155216,0.65277778,0.40969163,0.59340659,0.69680851,0.66308244,0.42290749,0.40816327,0.13803231,22.0,22.0,17.0,14.0,27.0,20.0,61.0,0.36065574,0.36065574,0.27868852,0.2295082,0.44262295,0.32786885,Darwinzon Hernandez,19848,3.247774198653156,39.0,0.74174174,0.003003,0.24924925,0.00600601,95.45991880594478,97.64999771118164,82.74156584222632,75.9749984741211,2.4554048202298433,5.744999885559082,-4.024759045566421,-6.265000104904175,7.471396813025842,5.479999780654907,-2.3954216801976584,-4.172500014305115,1.4323051124811172,-0.06573854386806488,-1.7186732292175293,0.01332448422908783,0.28994030617026667,-3.286927193403244,-1.0353453188057404,0.33311210572719574,0.20597015,0.61329305,0.40840841,0.52173913,0.71428571,0.66544118,0.496997,0.00875912,0.73722628,0.24525547,77.26159922281902,95.58929467531713,82.8211441040039,-6.981939951578776,1.67082567781505,-4.800420570941198,-5.815821806589763,6.62894287109375,-3.497023187932514,0.03672383725643158,1.553727649152279,-2.132482662796974,0.6120639542738597,0.30766884141629286,-1.2693349183315323,0.20760234,0.61356932,0.40969163,0.52112676,0.71153846,0.66308244,0.49779736,61.0,86.6160706111363,7.410714285714286,0.0,0.0,112.5,19.0,0.31147541,2050-01-01,0
1,@TBR,3,2019,BOS,A,22,0.0,0.0,0.0,1.0,0.0,0.0,0.0,0.0,0.0,0.0,0.2,4.0,1.0,0.0,0.0,0.0,1.0,0.0,0.0,0.0,0.0,0.0,0.0,13.500014081612017,13.500014081612017,0.0,0.0,0.0,2.0,0.0,1.0,0.0,0.0,0.0,0.0,0.0,0.25,-0.25,8.416325934886931,0.0,0.3333333333333333,3.0000031292471148,0.3333333333333333,1.0,7.714014646415839,-7.714014646415839,7.714014646415839,0.0,169.52936913110008,167.9708851019741,2.0,0.33333333,0.66666667,0.0,0.0,0.0,0.0,0.0,8.0,11.0,19.0,0.00419799005612731,-0.025397999212145805,0.029596000909805298,0.06800000369548798,0.006837610155344009,0.46994999051094055,0.7107999920845032,0.7107999920845032,1.18340003490448,1.0,1.0,-0.021292999386787415,0.03022584360615458,0.0,0.0,0.89473684,95.64705882,0.10526316,86.0,,,,-0.17696832120418549,-0.062041692435741425,,-1.040990124730503,-3.1020846217870712,,0.11111111,0.6,0.36842105,1.0,1.0,1.0,0.52631579,0.25,0.0,1.0,1.0,1.0,1.0,1.0,1.0,3.0,0.33333333,0.33333333,0.33333333,0.33333333,0.33333333,0.33333333,Darwinzon Hernandez,19848,11.329358138006484,,0.89473684,,0.10526316,,95.6647087545956,,85.80000305175781,,2.5929410597857308,,-3.125,,6.957646987017463,,-0.5800000429153442,,-0.1769683174788952,,-0.062041692435741425,,-1.0409901028170305,,-3.1020846217870712,,0.125,0.54545455,0.36842105,1.0,1.0,1.0,0.57894737,,0.89473684,0.10526316,,95.77605842141544,85.81449890136719,,1.70937583025764,-4.216000080108643,,5.845910465016084,-1.8031399250030518,,-0.1769683174788952,-0.062041692435741425,,-1.0409901028170305,-3.1020846217870712,0.11111111,0.6,0.36842105,1.0,1.0,1.0,0.52631579,3.0,81.2000020345052,-9.0,0.0,0.0,102.9,1.0,0.33333333,2019-09-22,0
2,@TBR,3,2019,BOS,A,22,0.0,0.0,81.0000844896721,1.0,0.0,0.0,0.0,0.0,1.0,0.0,0.1,4.0,1.0,3.0,3.0,0.0,2.0,0.0,0.0,0.0,0.0,1.0,27.000028163224034,54.00005632644807,27.000028163224034,0.5,0.0,0.0,0.0,0.0,1.0,0.0,0.0,0.0,0.0,0.25,0.5,-0.25,13.315200934886931,0.0,0.5,9.000009387741345,1.0,0.0,15.214022469533626,65.78606202013847,15.214022469533626,1680.2212681863773,333.4844493139514,330.4187257117138,0.0,1.0,0.0,0.0,0.0,0.0,0.0,0.0,9.0,7.0,16.0,-0.18232600390911102,-0.22205400466918945,0.03972800076007843,-1.0800000429153442,-0.10859700292348862,2.0771501064300537,1.5529999732971191,1.5529999732971191,5.020599842071533,1.0,1.0,-0.0799843966960907,-0.007792602830664838,0.0,1.0,0.875,96.5,0.125,82.0,,,,-0.7247354388237,-0.10095241665840149,,-5.1766817058835715,-5.0476208329200745,,0.09090909,0.8,0.3125,0.0,0.5,0.4,0.3125,0.5,0.1875,0.0,1.0,0.0,0.0,1.0,0.0,1.0,0.0,1.0,0.0,0.0,1.0,0.0,Darwinzon Hernandez,19848,19.59505079355132,,0.875,,0.125,,96.67857142857143,,82.10000610351562,,2.2492856979370117,,-3.2950000762939453,,6.241428375244141,,-2.2950000762939453,,-0.7247354350984097,,-0.10095242038369179,,-5.176681679274354,,-5.047621019184589,,0.2,0.5,0.3125,0.0,0.66666667,0.4,0.375,,0.875,0.125,,96.80426025390625,82.1082992553711,,1.3858348301478796,-4.282759666442871,,5.354274749755859,-3.711095094680786,,-0.7247354350984097,-0.10095242038369179,,-5.176681679274354,-5.047621019184589,0.2,0.5,0.3125,0.0,0.66666667,0.4,0.375,1.0,84.69999694824219,18.0,0.0,0.0,84.7,0.0,0.0,2019-09-20,0
3,@TOR,3,2019,BOS,A,22,0.0,0.0,0.0,1.0,0.0,0.0,0.0,0.0,0.0,0.0,0.1,1.0,0.0,0.0,0.0,0.0,0.0,0.0,0.0,0.0,0.0,1.0,27.000028163224034,0.0,0.0,1.0,0.0,0.0,0.0,0.0,0.0,0.0,0.0,0.0,0.0,1.0,0.0,1.0,0.11357593488693318,0.0,0.0,0.0,0.0,1.0,-2.785996305949063,2.785996305949063,-2.785996305949063,0.0,-60.00774312489183,-59.456091751661525,0.0,0.0,0.0,0.0,0.0,0.0,1.0,27.000028163224034,3.0,3.0,6.0,0.04458799958229065,0.0,0.04458799958229065,0.46399998664855957,0.04444440081715584,1.6699999570846558,0.8349999785423279,1.6699999570846558,0.8059999942779541,1.0,1.0,0.026699399575591087,2.058004516802825e-09,0.0,0.0,1.0,94.0,,,,,,0.27205246686935425,,,4.534207781155905,,,0.0,0.5,0.33333333,,1.0,1.0,0.66666667,,0.0,0.0,0.0,0.0,0.0,0.0,0.0,0.0,,,,,,,Darwinzon Hernandez,19848,-2.930901718182564,,1.0,,,,93.73333740234375,,,,3.4116665522257485,,,,6.545000076293945,,,,0.27205246314406395,,,,4.534207719067732,,,,0.0,0.5,0.33333333,,1.0,1.0,0.66666667,,1.0,,,94.04273478190105,,,2.5752700169881186,,,5.882540384928386,,,0.27205246314406395,,,4.534207719067732,,0.0,0.5,0.33333333,,1.0,1.0,0.66666667,0.0,,,0.0,,,0.0,,2019-09-12,0
4,NYY,3,2019,BOS,H,22,0.0,0.0,81.0000844896721,1.0,0.0,0.0,0.0,0.0,0.0,0.0,0.1,4.0,3.0,3.0,3.0,1.0,0.0,0.0,0.0,1.0,0.0,1.0,27.000028163224034,0.0,81.0000844896721,1.0,0.0,0.0,1.0,1.0,1.0,0.0,0.0,0.0,0.0,0.25,0.0,0.25,3.1777009348869325,27.000028163224034,0.75,9.000009387741345,1.0,0.0,36.21404437426343,44.786040115408674,3.1816339572322425,1680.2212681863773,792.5586738259352,69.80092673077255,1.0,0.33333333,0.33333333,0.33333333,0.0,1.0,0.0,0.0,9.0,9.0,18.0,-0.20233599841594696,-0.22168399393558502,0.01934799924492836,-2.009000062942505,-0.18001799285411835,0.8762400150299072,1.0740000009536743,1.0740000009536743,0.5827999711036682,1.0,1.0,-0.20978400111198425,-0.021129897985674467,0.0,1.0,0.77777778,95.78571429,0.22222222,81.0,,,,-1.5294378995895386,-0.7891517877578735,,-10.924556425639562,-19.72879469394684,,0.33333333,1.0,0.44444444,0.6,1.0,0.75,0.16666667,0.25,0.11111111,3.0,0.0,0.0,0.0,1.0,2.0,3.0,1.0,0.0,0.0,0.0,0.33333333,0.66666667,Darwinzon Hernandez,19848,21.36302880652303,,0.77777778,,0.22222222,,95.75714111328125,,80.875,,2.280714307512556,,-5.497499942779541,,6.99000004359654,,-3.9749999046325684,,-1.5294379107654095,,-0.789151769131422,,-10.92455650546721,,-19.72879422828555,,0.25,0.83333333,0.44444444,0.33333333,1.0,0.75,0.33333333,,0.77777778,0.22222222,,95.90304129464286,80.90390014648438,,1.3827030999319894,-6.049602508544922,,6.015191214425223,-4.945497512817383,,-1.5294379107654095,-0.789151769131422,,-10.92455650546721,-19.72879422828555,0.25,0.83333333,0.44444444,0.33333333,1.0,0.75,0.33333333,3.0,98.66666666666667,9.333333333333334,0.0,0.0,104.0,2.0,0.66666667,2019-09-09,0
5,NYY,3,2019,BOS,H,22,0.0,0.0,0.0,1.0,0.0,0.0,0.0,0.0,0.0,0.0,1.0,4.0,0.0,0.0,0.0,0.0,1.0,0.0,0.0,0.0,0.0,1.0,9.0,9.0,0.0,1.0,0.0,0.0,1.0,1.0,0.0,0.0,0.0,0.0,0.0,0.25,0.25,0.0,6.666950934886932,0.0,0.0,1.0,0.0,1.0,4.214009952545166,-4.214009952545166,6.203217965364456,0.0,93.01697557663938,135.24749811020772,1.0,0.0,0.5,0.5,0.0,0.0,0.0,0.0,6.0,9.0,15.0,0.016599999740719795,-0.0034519799519330263,0.020052000880241394,0.6039999723434448,0.05412190034985542,0.1973000019788742,0.3452000021934509,0.3452000021934509,0.19760000705718994,1.0,1.0,0.042539000511169434,0.041596831086527314,0.0,0.0,0.93333333,97.07142857,0.06666667,83.0,,,,0.3886535167694092,0.06530402600765228,,2.7760965483529225,6.530402600765228,,0.16666667,0.33333333,0.26666667,0.0,1.0,0.75,0.6,0.25,0.06666667,0.0,1.0,1.0,1.0,1.0,0.0,2.0,0.0,0.5,0.5,0.5,0.5,0.0,Darwinzon Hernandez,19848,3.030269547595034,,0.93333333,,0.06666667,,96.91428920200893,,83.0,,2.3964285169328963,,-5.420000076293945,,7.313571384974888,,-2.950000047683716,,0.43081773445010185,,0.06530402600765228,,3.077269531786442,,6.530402600765228,,0.16666667,0.33333333,0.26666667,0.0,1.0,0.75,0.6,,0.93333333,0.06666667,,97.01409040178571,83.03230285644531,,1.5773514338902064,-6.197840213775635,,6.382729121616909,-4.135439872741699,,0.43081773445010185,0.06530402600765228,,3.077269531786442,6.530402600765228,0.16666667,0.33333333,0.26666667,0.0,1.0,0.75,0.6,2.0,88.44999694824219,2.5,0.0,0.0,94.0,0.0,0.0,2019-09-06,0
6,MIN,3,2019,BOS,H,22,0.0,0.0,0.0,1.0,0.0,0.0,0.0,0.0,0.0,0.0,0.1,3.0,0.0,0.0,0.0,0.0,2.0,0.0,0.0,1.0,0.0,1.0,27.000028163224034,54.00005632644807,0.0,0.5,0.0,0.0,0.0,0.0,0.0,0.0,0.0,0.0,0.0,0.33333333,0.66666667,-0.33333334,18.429576111920266,0.0,0.0,6.0000062584942295,0.0,1.0,15.214022469533626,-15.214022469533626,15.214022469533626,0.0,333.4844493139514,330.4187257117138,0.0,0.0,0.0,0.0,0.0,0.0,0.0,0.0,10.0,11.0,21.0,-0.020263999700546265,-0.031908001750707626,0.011644000187516212,-0.41100001335144043,-0.03682800009846687,0.4032999873161316,0.4251999855041504,0.4251999855041504,1.0951999425888062,1.0,1.0,-0.0669298991560936,0.01668442348574084,0.0,0.0,0.71428571,97.4,0.28571429,82.33333333,,,,-0.0808149203658104,-0.2817936837673187,,-0.5387661357720692,-4.696561396121979,,0.21428571,0.71428571,0.38095238,0.33333333,0.8,0.625,0.33333333,,0.14285714,0.0,0.0,0.0,0.0,0.0,0.0,0.0,,,,,,,Darwinzon Hernandez,19848,15.004359231625658,,0.71428571,,0.28571429,,97.286669921875,,82.4500020345052,,1.1359999338785807,,-5.728333155314128,,6.86933339436849,,-5.1816666920979815,,-0.0808149203658104,,-0.28179367259144783,,-0.5387661357720692,,-4.696561209857464,,0.21428571,0.71428571,0.38095238,0.33333333,0.8,0.625,0.33333333,,0.71428571,0.28571429,,97.340576171875,82.42526245117188,,0.1996620814005534,-6.431036631266276,,6.073556009928385,-6.407196680704753,,-0.0808149203658104,-0.28179367259144783,,-0.5387661357720692,-4.696561209857464,0.21428571,0.71428571,0.38095238,0.33333333,0.8,0.625,0.33333333,0.0,,,0.0,,,0.0,,2019-09-04,0
7,MIN,3,2019,BOS,H,22,0.0,0.0,0.0,1.0,0.0,0.0,0.0,0.0,0.0,0.0,1.0,3.0,0.0,0.0,0.0,0.0,0.0,0.0,0.0,0.0,0.0,3.0,27.0,0.0,0.0,3.0,0.0,0.0,0.0,0.0,0.0,0.0,0.0,0.0,0.0,1.0,0.0,1.0,0.11357593488693318,0.0,0.0,0.0,0.0,1.0,-2.785990047454834,2.785990047454834,-2.785990047454834,0.0,-60.00760631011143,-59.455956194619844,0.0,0.0,0.0,0.0,0.0,0.0,0.0,0.0,3.0,9.0,12.0,0.04464000090956688,0.0,0.04464000090956688,0.6039999723434448,0.05412190034985542,0.553600013256073,0.7128000259399414,0.7128000259399414,0.6028000116348267,1.0,1.0,0.08071140199899673,-7.556413654671856e-05,0.0,0.0,0.75,97.66666667,0.25,85.33333333,,,,0.8766870498657227,-0.03505837544798851,,9.740967220730251,-1.1686125149329505,,0.33333333,0.5,0.41666667,0.5,0.0,0.2,0.5,0.66666667,0.33333333,0.0,0.0,0.0,0.0,0.0,0.0,0.0,,,,,,,Darwinzon Hernandez,19848,-2.9309017181825645,,0.75,,0.25,,97.62221950954861,,85.33333333333333,,2.822222179836697,,-4.673333485921224,,7.711111280653212,,-2.5366667111714682,,0.8766870647668839,,-0.03505837544798851,,9.74096738629871,,-1.1686125149329505,,0.33333333,0.44444444,0.41666667,0.0,0.25,0.2,0.75,,0.75,0.25,,97.6689453125,85.34952799479167,,1.9431919521755643,-5.690396626790364,,6.880323621961805,-3.573026657104492,,0.8766870647668839,-0.03505837544798851,,9.74096738629871,-1.1686125149329505,0.33333333,0.44444444,0.41666667,0.0,0.25,0.2,0.75,0.0,,,0.0,,,0.0,,2019-09-03,0
8,@LAA,3,2019,BOS,A,22,0.0,0.0,0.0,1.0,0.0,0.0,0.0,0.0,0.0,0.0,2.0,9.0,3.0,0.0,0.0,0.0,0.0,0.0,0.0,0.0,0.0,5.0,22.5,0.0,13.5,5.0,1.0,0.0,1.0,1.0,2.0,0.0,1.0,0.0,0.0,0.55555556,0.0,0.55555556,0.687304306145204,0.0,0.3333333333333333,1.5,0.75,1.0,-1.7859900474548338,1.7859900474548338,-0.7913860410451887,0.0,-38.14695175486132,-16.25345276335194,1.0,0.5,0.25,0.25,0.0,0.0,0.0,0.0,14.0,28.0,42.0,0.2856000065803528,-0.15074999630451202,0.4363499879837036,1.055999994277954,0.1042959988117218,2.559999942779541,2.2850000858306885,2.2850000858306885,2.2850000858306885,1.0,1.0,0.08137760311365128,0.030184901950415344,1.0,0.0,0.76190476,96.5,0.23809524,83.5,,,,0.20394636690616608,0.09091441333293915,,0.637332396581769,0.9091441333293916,,0.31818182,0.7,0.5,0.28571429,0.5,0.42857143,0.47619048,0.66666667,0.28571429,2.0,2.0,0.0,2.0,1.0,1.0,4.0,0.5,0.5,0.0,0.5,0.25,0.25,Darwinzon Hernandez,19848,1.0401051934809709,,0.76190476,,0.23809524,,96.4312515258789,,83.32999877929687,,2.4128124713897705,,-4.313000106811524,,8.255624771118164,,-3.45,,0.20394636690616608,,0.0781787820160389,,0.637332396581769,,0.7817878201603891,,0.23529412,0.68,0.5,0.0,0.52941176,0.42857143,0.5952381,,0.76190476,0.23809524,,96.55213165283203,83.3713623046875,,1.5962433815002441,-5.123833084106446,,7.32230806350708,-4.84546012878418,,0.20394636690616608,0.0781787820160389,,0.637332396581769,0.7817878201603891,0.23529412,0.68,0.5,0.0,0.52941176,0.42857143,0.5952381,4.0,71.94999694824219,5.25,0.0,0.0,78.8,0.0,0.0,2019-08-30,0
9,@COL,3,2019,BOS,A,22,0.0,0.0,0.0,1.0,0.0,0.0,0.0,0.0,0.0,0.0,1.0,5.0,1.0,0.0,0.0,0.0,1.0,0.0,0.0,0.0,0.0,2.0,18.0,9.0,9.0,2.0,0.0,0.0,1.0,0.0,1.0,0.0,0.0,0.0,0.0,0.4,0.2,0.2,4.097175934886932,0.0,0.25,2.0,0.5,1.0,2.214009952545166,-2.214009952545166,2.214009952545166,0.0,49.295666466139146,48.84249124767191,1.0,0.5,0.5,0.0,0.0,0.0,4.0,36.0,9.0,13.0,22.0,0.0549280010163784,-0.037404000759124756,0.09233199805021286,0.6819999814033508,0.055855900049209595,0.8468800187110901,0.9440000057220459,0.9440000057220459,0.13840000331401825,1.0,1.0,0.017506800591945648,0.047352447238669285,0.0,0.0,0.77272727,95.23529412,0.22727273,82.0,,,,0.6942504644393921,-0.6385581493377686,,4.083826261408189,-12.771162986755371,,0.30769231,0.55555556,0.40909091,0.5,0.6,0.55555556,0.40909091,0.6,0.18181818,0.0,2.0,0.0,0.0,1.0,1.0,2.0,0.0,1.0,0.0,0.0,0.5,0.5,Darwinzon Hernandez,19848,4.722921841776594,,0.77272727,,0.22727273,,95.21764418658088,,81.75999755859375,,1.9441176021800322,,-2.984000015258789,,5.657647076775046,,-1.134000015258789,,0.7364146746695042,,-0.6385581344366074,,4.331851027467672,,-12.771162688732145,,0.25,0.5,0.40909091,0.0,0.71428571,0.55555556,0.63636364,,0.77272727,0.22727273,,95.43016142003677,81.91113891601563,,0.9770407957189223,-4.137699890136719,,5.287137199850643,-1.5236776351928711,,0.7364146746695042,-0.6385581344366074,,4.331851027467672,-12.771162688732145,0.33333333,0.46153846,0.40909091,0.33333333,0.66666667,0.55555556,0.59090909,2.0,98.69999694824219,9.0,0.0,0.0,106.0,1.0,0.5,2019-08-27,0
10,@SDP,3,2019,BOS,A,22,0.0,0.0,0.0,1.0,0.0,0.0,0.0,0.0,0.0,0.0,1.0,3.0,0.0,0.0,0.0,0.0,0.0,0.0,0.0,0.0,0.0,1.0,9.0,0.0,0.0,1.0,0.0,0.0,2.0,0.0,0.0,0.0,0.0,0.0,0.0,0.33333333,0.0,0.33333333,-0.24397962452084543,0.0,0.0,0.0,0.0,1.0,1.2140099525451662,-1.2140099525451662,1.2140099525451662,0.0,27.435011910889028,27.18280175921356,2.0,0.0,1.0,0.0,0.0,0.0,0.0,0.0,7.0,10.0,17.0,0.0745600014925003,0.0,0.0745600014925003,0.4959999918937683,0.05118680000305176,0.9891999959945679,1.3600000143051147,1.3600000143051147,1.5707999467849731,1.0,1.0,0.07543250173330307,-5.846029132378083e-05,1.0,0.0,0.70588235,96.75,0.29411765,83.6,,,,0.8966733813285828,-0.1464659869670868,,7.47227817773819,-2.929319739341736,,0.25,0.44444444,0.35294118,1.0,0.5,0.66666667,0.52941176,0.66666667,0.11764706,1.0,0.0,1.0,1.0,1.0,0.0,2.0,0.5,0.0,0.5,0.5,0.5,0.0,Darwinzon Hernandez,19848,-0.22750664205485513,,0.64705882,0.05882353,0.29411765,,96.66364080255681,97.5999984741211,83.4,,1.6918182373046875,6.269999980926514,-6.288000106811523,,6.658181623979048,5.239999771118164,-3.423999786376953,,0.9205072559416294,-0.023833870887756348,-0.1464659869670868,,8.36824778128754,-2.3833870887756348,-2.929319739341736,,0.14285714,0.5,0.35294118,1.0,0.6,0.66666667,0.58823529,,0.70588235,0.29411765,,97.06394449869792,83.67702026367188,,1.5419267018636067,-6.96982421875,,5.845040639241536,-4.302354049682617,,0.8966733850538731,-0.1464659869670868,,7.472278208782275,-2.929319739341736,0.14285714,0.5,0.35294118,1.0,0.6,0.66666667,0.58823529,2.0,78.1500015258789,-27.5,0.0,0.0,85.5,0.0,0.0,2019-08-24,0
11,PHI,3,2019,BOS,H,22,0.0,0.0,0.0,1.0,0.0,0.0,0.0,0.0,0.0,0.0,1.0,4.0,0.0,0.0,0.0,0.0,1.0,0.0,0.0,0.0,0.0,2.0,18.0,9.0,0.0,2.0,0.0,0.0,1.0,0.0,0.0,0.0,0.0,0.0,0.0,0.5,0.25,0.25,4.296575934886932,0.0,0.0,1.0,0.0,1.0,2.214009952545166,-2.214009952545166,2.214009952545166,0.0,49.295666466139146,48.84249124767191,1.0,0.0,1.0,0.0,0.0,0.0,0.0,0.0,8.0,14.0,22.0,0.038339998573064804,-0.040011998265981674,0.07835199683904648,0.6039999723434448,0.05412190034985542,0.7965599894523621,0.6028000116348267,0.6028000116348267,0.3840000033378601,1.0,1.0,0.03925969824194908,0.008872268064096113,0.0,0.0,0.81818182,96.0,0.13636364,81.33333333,0.04545455,79.0,,0.5444221496582031,-0.02392996847629547,-0.04190467298030853,3.0245674981011286,-0.7976656158765157,-4.190467298030853,0.11111111,0.69230769,0.45454545,0.0,0.77777778,0.7,0.59090909,0.25,0.13636364,1.0,0.0,0.0,1.0,0.0,0.0,1.0,1.0,0.0,0.0,1.0,0.0,0.0,Darwinzon Hernandez,19848,1.5963760039837027,,0.81818182,,0.18181818,,95.86666531032986,,80.85000610351562,,2.7044444613986545,,-4.264999866485596,,6.83499993218316,,-2.8125,,0.5444221533834934,,-0.065834641456604,,3.0245675187971854,,-1.6458660364151,,0.125,0.64285714,0.45454545,0.0,0.77777778,0.7,0.63636364,0.09090909,0.81818182,0.09090909,79.51919555664062,95.92202419704861,82.150146484375,-6.163189888000488,1.8817303975423176,-3.856985092163086,-6.090044975280762,6.032837337917751,-1.8451550006866455,0.02339935302734375,0.5444221533834934,-0.08923399448394775,1.1699676513671875,3.0245675187971854,-4.461699724197388,0.125,0.64285714,0.45454545,0.0,0.77777778,0.7,0.63636364,1.0,82.9000015258789,-21.0,0.0,0.0,82.9,0.0,0.0,2019-08-21,0
12,PHI,3,2019,BOS,H,22,0.0,0.0,0.0,1.0,0.0,0.0,0.0,0.0,0.0,0.0,1.0,3.0,0.0,0.0,0.0,0.0,0.0,0.0,0.0,0.0,0.0,1.0,9.0,0.0,0.0,1.0,0.0,0.0,1.0,1.0,0.0,0.0,0.0,0.0,0.0,0.33333333,0.0,0.33333333,2.3291315218447104,0.0,0.0,0.0,0.0,1.0,1.2140099525451662,-1.2140099525451662,3.2032179653644564,0.0,27.435011910889028,70.26842964483266,1.0,0.0,0.5,0.5,0.0,0.0,0.0,0.0,6.0,9.0,15.0,0.06484799832105637,0.0,0.06484799832105637,0.6039999723434448,0.05412190034985542,0.8023999929428101,1.031599998474121,1.031599998474121,0.8004000186920166,1.0,1.0,0.0809997022151947,-0.0001821562388722442,1.0,0.0,0.53333333,96.5,0.4,81.5,0.06666667,80.0,,0.5923218131065369,0.2369803935289383,-0.03891072794795036,7.404022663831711,3.949673225482305,-3.8910727947950363,0.0,0.66666667,0.4,,0.66666667,0.66666667,0.6,0.66666667,0.13333333,0.0,1.0,1.0,0.0,1.0,1.0,2.0,0.0,0.5,0.5,0.0,0.5,0.5,Darwinzon Hernandez,19848,-0.38709323771091975,,0.53333333,,0.46666667,,96.48750305175781,,81.20000348772321,,2.7849998474121094,,-4.290000098092215,,7.349999904632568,,-2.692857197352818,,0.5923218242824078,,0.19806966930627823,,7.404022803530097,,2.829566704375403,,0.14285714,0.625,0.4,1.0,0.6,0.66666667,0.53333333,,0.53333333,0.46666667,,96.51073455810547,81.18284388950893,,1.9101072549819946,-5.083527156284878,,6.496407508850098,-4.042907987322126,,0.5923218242824078,0.19806966930627823,,7.404022803530097,2.829566704375403,0.14285714,0.625,0.4,1.0,0.6,0.66666667,0.53333333,2.0,92.19999694824219,12.5,0.0,0.0,99.4,1.0,0.5,2019-08-20,0
13,BAL,3,2019,BOS,H,22,0.0,0.0,9.0,1.0,0.0,0.0,0.0,0.0,0.0,0.0,1.0,6.0,1.0,1.0,1.0,0.0,1.0,0.0,1.0,0.0,0.0,3.0,27.0,9.0,9.0,3.0,0.0,0.0,0.0,1.0,0.0,0.0,0.0,0.0,0.0,0.5,0.16666667,0.33333333,2.783881540106377,0.0,0.25,2.0,1.0,0.66666667,3.214009952545166,5.785990047454834,5.203217965364456,186.6910572865578,71.15632102138927,113.58780862174936,0.0,0.0,0.0,1.0,0.0,0.0,2.0,18.0,15.0,17.0,32.0,-0.022172000259160995,-0.053755998611450195,0.0315839983522892,-0.3959999978542328,-0.03548390045762062,0.34206700325012207,0.3352000117301941,0.3352000117301941,0.4251999855041504,1.0,1.0,-0.09869450330734253,0.03387679201541574,0.0,0.0,0.84375,95.07407407,0.15625,81.4,,,,-0.7834919691085815,0.19934704899787903,,-2.9018221078095614,3.98694097995758,,0.14285714,0.45454545,0.25,1.0,0.8,0.875,0.34375,0.5,0.03125,0.0,1.0,0.0,0.0,0.0,1.0,1.0,0.0,1.0,0.0,0.0,0.0,1.0,Darwinzon Hernandez,19848,2.6528061865495705,,0.84375,,0.15625,,95.07036675347223,,81.24000244140625,,1.4788889001916956,,-4.684000015258789,,6.754814995659722,,-3.223999786376953,,-0.7834919579327106,,0.19934705272316933,,-2.9018220664174468,,3.9869410544633865,,0.17647059,0.33333333,0.25,1.0,0.8,0.875,0.46875,,0.84375,0.15625,,95.12769458912037,81.21884155273438,,0.7149298632586444,-5.345645904541016,,5.971030906394676,-4.215095901489258,,-0.7834919579327106,0.19934705272316933,,-2.9018220664174468,3.9869410544633865,0.125,0.375,0.25,1.0,0.83333333,0.875,0.5,1.0,92.4000015258789,20.0,0.0,0.0,92.4,0.0,0.0,2019-08-18,0
14,@CLE,3,2019,BOS,A,22,0.0,0.0,0.0,1.0,0.0,0.0,0.0,0.0,0.0,0.0,1.2,7.0,1.0,0.0,0.0,0.0,1.0,0.0,1.0,0.0,0.0,1.0,5.399989314100431,5.399989314100431,5.399989314100431,1.0,0.0,0.0,2.0,1.0,1.0,0.0,0.0,0.0,0.0,0.14285714,0.14285714,0.0,5.893473891560401,0.0,0.2,1.1999976253556512,0.25,1.0,5.614005203256468,-5.614005203256468,6.80752764911726,0.0,123.62178813142997,148.3366582151619,2.0,0.25,0.5,0.25,0.0,0.0,0.0,0.0,14.0,20.0,34.0,0.08438000082969666,-0.0803999975323677,0.16478000581264496,0.7110000252723694,0.06405410170555115,1.110859990119934,1.2519999742507935,1.1720000505447388,2.3959999084472656,1.0,1.0,0.03632400184869766,0.039635166345474634,1.0,0.0,0.73529412,94.4,0.26470588,81.66666667,,,,1.227872610092163,-0.7590289115905762,,4.911490440368652,-8.433654573228624,,0.34782609,0.81818182,0.5,0.875,0.66666667,0.76470588,0.32352941,0.14285714,0.11764706,0.0,3.0,1.0,1.0,2.0,1.0,4.0,0.0,0.75,0.25,0.25,0.5,0.25,Darwinzon Hernandez,19848,7.55097714965394,,0.73529412,,0.26470588,,94.35599609375,,81.57777913411458,,1.4191999816894532,,-4.71999994913737,,7.026799926757812,,-3.3244444529215493,,1.2278725765645504,,-0.7168647088110447,,4.911490306258202,,-7.9651634312338295,,0.33333333,0.76923077,0.5,0.85714286,0.7,0.76470588,0.38235294,,0.73529412,0.26470588,,94.509248046875,81.68115912543402,,0.6095188522338867,-5.407114664713542,,6.290445556640625,-4.40316645304362,,1.2278725765645504,-0.7168647088110447,,4.911490306258202,-7.9651634312338295,0.33333333,0.76923077,0.5,0.85714286,0.7,0.76470588,0.38235294,4.0,75.9749984741211,2.25,0.0,0.0,95.0,1.0,0.25,2019-08-14,0
15,@CLE,3,2019,BOS,A,22,0.0,0.0,0.0,1.0,0.0,0.0,0.0,0.0,0.0,0.0,1.1,6.0,1.0,0.0,0.0,0.0,1.0,0.0,0.0,0.0,0.0,2.0,13.500033393584838,6.750016696792419,6.750016696792419,2.0,0.0,0.0,1.0,1.0,0.0,0.0,0.0,1.0,0.0,0.33333333,0.16666667,0.16666666,4.248242687620266,0.0,0.2,1.5000037103983153,0.3333333333333333,1.0,2.4640080973460083,-2.4640080973460083,3.9559177973375057,0.0,54.76078954908375,86.57167428338369,1.0,0.0,0.5,0.5,0.0,0.0,0.0,0.0,11.0,17.0,28.0,0.05291999876499176,-0.07169999927282333,0.1246199980378151,0.5920000076293945,0.05333330109715462,0.9359999895095825,0.7300000190734863,0.8399999737739563,0.8080000281333923,1.0,1.0,0.011088600382208824,0.045449860470466195,0.0,0.0,0.60714286,95.35294118,0.39285714,82.18181818,,,,-0.38787251710891724,0.3085937798023224,,-2.2816030418171604,2.8053979982029307,,0.42105263,0.77777778,0.53571429,0.625,0.85714286,0.73333333,0.32142857,0.5,0.14285714,2.0,0.0,1.0,0.0,2.0,1.0,3.0,0.66666667,0.0,0.33333333,0.0,0.66666667,0.33333333,Darwinzon Hernandez,19848,1.363670501908726,,0.60714286,,0.39285714,,95.11176614200367,,82.05454323508523,,1.6188235563390396,,-4.027272657914595,,6.942941104664522,,-3.024545496160334,,-0.5916088297963142,,0.3085937909781933,,-3.4800519399783187,,2.805398099801757,,0.26666667,0.84615385,0.53571429,0.5,0.81818182,0.73333333,0.46428571,,0.60714286,0.39285714,,95.24951171875,82.12494451349431,,0.7022972667918486,-4.658207980069247,,6.200497795553768,-4.000932866876775,,-0.38787252455949783,0.3085937909781933,,-2.2816030856441047,2.805398099801757,0.26666667,0.84615385,0.53571429,0.5,0.81818182,0.73333333,0.46428571,3.0,84.69999694824219,-1.5,0.0,0.0,99.2,1.0,0.33333333,2019-08-12,0
16,LAA,3,2019,BOS,H,22,0.0,0.0,36.0,1.0,0.0,0.0,0.0,0.0,0.0,0.0,1.0,8.0,2.0,4.0,4.0,0.0,2.0,0.0,1.0,0.0,0.0,1.0,9.0,18.0,18.0,0.5,0.0,0.0,3.0,1.0,0.0,0.0,0.0,0.0,0.0,0.125,0.25,-0.125,7.867325934886932,0.0,0.4,4.0,0.5,0.2,10.214009952545165,25.785990047454835,12.203217965364455,746.7642291462312,224.18090290814007,265.2056350409578,3.0,0.0,0.75,0.25,0.0,0.0,1.0,9.0,20.0,23.0,43.0,-0.07052800059318542,-0.09671200066804886,0.026184000074863434,-2.246000051498413,-0.2012539952993393,0.4154669940471649,0.4077329933643341,0.3352000117301941,0.3864000141620636,1.0,1.0,-0.11292999982833862,-0.05682596539564955,0.0,1.0,0.8372093,95.47222222,0.1627907,83.42857143,,,,-1.089426040649414,0.06713657081127167,,-3.026183446248372,0.9590938687324524,,0.17241379,0.78571429,0.37209302,0.6,0.81818182,0.75,0.3255814,,0.09302326,0.0,4.0,0.0,0.0,2.0,2.0,4.0,0.0,1.0,0.0,0.0,0.5,0.5,Darwinzon Hernandez,19848,6.647740829604374,,0.8372093,,0.1627907,,95.375,,83.54285539899554,,1.9391665988498263,,-4.084285736083984,,7.424722459581163,,-2.2228572028023854,,-1.0894260294735432,,0.10930077359080315,,-3.0261834152042866,,1.5614396227257592,,0.20833333,0.57894737,0.37209302,0.8,0.72727273,0.75,0.44186047,,0.8372093,0.1627907,,95.369384765625,83.44655936104911,,1.1732851664225261,-4.862679617745536,,6.632509867350261,-3.4134442465645924,,-1.0894260294735432,0.10930077359080315,,-3.0261834152042866,1.5614396227257592,0.20833333,0.57894737,0.37209302,0.8,0.72727273,0.75,0.44186047,4.0,86.92500305175781,7.5,0.0,0.0,100.9,1.0,0.25,2019-08-10,0
17,KCR,3,2019,BOS,H,22,0.0,0.0,9.0,1.0,0.0,0.0,0.0,0.0,1.0,0.0,1.0,5.0,2.0,1.0,1.0,0.0,0.0,0.0,0.0,0.0,0.0,2.0,18.0,0.0,18.0,2.0,0.0,0.0,0.0,2.0,1.0,0.0,0.0,0.0,0.0,0.4,0.0,0.4,2.623335934886933,0.0,0.4,2.0,0.6666666666666666,0.5,-0.7859900474548338,9.785990047454835,3.1924259781837465,186.6910572865578,-16.2862971996112,70.03467855353506,0.0,0.33333333,0.0,0.66666667,0.0,0.0,0.0,0.0,5.0,10.0,15.0,-0.02853200025856495,-0.1260879933834076,0.09755600243806839,-0.3959999978542328,-0.03548390045762062,1.0850399732589722,1.2588000297546387,1.2588000297546387,1.7111999988555908,1.0,1.0,-0.03783880174160004,0.011542996092276676,0.0,0.0,0.66666667,95.2,0.33333333,82.4,,,,0.028997745364904404,-0.420235276222229,,0.28997745364904404,-8.40470552444458,,0.28571429,0.625,0.46666667,0.5,0.6,0.57142857,0.53333333,0.2,0.2,2.0,0.0,1.0,0.0,3.0,0.0,3.0,0.66666667,0.0,0.33333333,0.0,1.0,0.0,Darwinzon Hernandez,19848,1.42801986058064,,,,,,,,,,,,,,,,,,,,,,,,,,,,,,,,,,0.66666667,0.33333333,,95.1267822265625,82.28721923828125,,2.1597028732299806,-4.557542037963867,,6.985404205322266,-3.638945770263672,,0.028997745364904404,-0.4202352687716484,,0.28997745364904404,-8.404705375432968,0.28571429,0.625,0.46666667,0.5,0.6,0.57142857,0.53333333,3.0,,,,,,,,2019-08-07,0
18,KCR,3,2019,BOS,H,22,0.0,0.0,0.0,1.0,0.0,0.0,0.0,0.0,0.0,0.0,1.0,3.0,0.0,0.0,0.0,0.0,0.0,0.0,0.0,0.0,0.0,3.0,27.0,0.0,0.0,3.0,0.0,0.0,0.0,0.0,0.0,0.0,0.0,0.0,0.0,1.0,0.0,1.0,0.11357593488693318,0.0,0.0,0.0,0.0,1.0,-2.785990047454834,2.785990047454834,-2.785990047454834,0.0,-60.00760631011143,-59.455956194619844,0.0,0.0,0.0,0.0,0.0,0.0,0.0,0.0,6.0,14.0,20.0,0.0055680000223219395,0.0,0.0055680000223219395,0.6039999723434448,0.05412190034985542,0.06840000301599503,0.08760000020265579,0.08760000020265579,,0.0,1.0,0.08182760328054428,-0.00042409777163533724,0.0,0.0,0.6,96.5,0.4,84.0,,,,0.5261409878730774,0.31548768281936646,,4.384508232275644,3.9435960352420807,,0.33333333,0.81818182,0.6,0.33333333,0.66666667,0.58333333,0.55,0.66666667,0.25,0.0,0.0,0.0,0.0,0.0,0.0,0.0,,,,,,,Darwinzon Hernandez,19848,-2.9309017181825645,,0.55,0.05,0.4,,96.39091352982955,97.69999694824219,83.9749984741211,,2.8190909298983486,5.21999979019165,-4.097499847412109,,7.0581817626953125,5.71999979019165,-2.890000104904175,,0.5680456683039665,-0.04190467298030853,0.31548767909407616,,5.164051530036059,-4.190467298030853,3.943595988675952,,0.28571429,0.76923077,0.6,0.0,0.7,0.58333333,0.65,,0.6,0.4,,96.47298177083333,83.88206481933594,,2.3578516642252603,-4.924898624420166,,6.234450022379558,-4.119527339935303,,0.526140995323658,0.31548767909407616,,4.384508294363817,3.943595988675952,0.28571429,0.76923077,0.6,0.0,0.7,0.58333333,0.65,0.0,,,0.0,,,0.0,,2019-08-06,0
19,@NYY,3,2019,BOS,A,22,0.0,0.0,0.0,1.0,0.0,0.0,0.0,0.0,0.0,0.0,1.1,6.0,0.0,0.0,0.0,0.0,2.0,0.0,0.0,0.0,0.0,0.0,0.0,13.500033393584838,0.0,0.0,0.0,0.0,3.0,1.0,0.0,0.0,0.0,0.0,0.0,0.0,0.33333333,-0.33333333,11.36868696950249,0.0,0.0,1.5000037103983153,0.0,1.0,7.714021083740112,-7.714021083740112,9.20593078373161,0.0,169.5295098552223,200.28532537905394,3.0,0.0,0.75,0.25,0.0,0.0,2.0,13.500033393584838,13.0,9.0,22.0,0.008747999556362629,-0.004528000019490719,0.013275999575853348,1.0149999856948853,0.09722220152616501,0.11006700247526169,0.10199999809265137,0.16760000586509705,0.14839999377727509,1.0,1.0,0.03263689950108528,0.046841957555359054,0.0,0.0,0.86363636,95.84210526,0.13636364,84.33333333,,,,0.5176061987876892,-0.07618759572505951,,2.7242431515141536,-2.5395865241686506,,0.125,0.66666667,0.27272727,0.5,1.0,0.83333333,0.27272727,0.33333333,0.04545455,1.0,2.0,1.0,2.0,1.0,1.0,4.0,0.25,0.5,0.25,0.5,0.25,0.25,Darwinzon Hernandez,19848,6.790889239004715,,0.86363636,,0.13636364,,95.74210397820724,,84.23333231608073,,3.311052623548006,,-4.049999872843425,,8.107368870785361,,-1.3200000127156575,,0.5597704090178013,,-0.07618759199976921,,2.946160047462112,,-2.5395863999923067,,0.14285714,0.5,0.27272727,0.5,1.0,0.83333333,0.36363636,,0.86363636,0.13636364,,95.8245913856908,84.25767008463542,,2.330555564478824,-4.940569877624512,,7.288686651932566,-1.9063433011372883,,0.5597704090178013,-0.07618759199976921,,2.946160047462112,-2.5395863999923067,0.14285714,0.5,0.27272727,0.5,1.0,0.83333333,0.36363636,4.0,78.04999542236328,-10.25,0.0,0.0,97.2,1.0,0.25,2019-08-04,0
20,TBR,3,2019,BOS,H,22,0.0,0.0,0.0,1.0,0.0,0.0,0.0,0.0,0.0,0.0,0.1,3.0,1.0,0.0,0.0,0.0,1.0,0.0,0.0,2.0,0.0,1.0,27.000028163224034,27.000028163224034,27.000028163224034,1.0,0.0,0.0,1.0,0.0,0.0,0.0,0.0,0.0,0.0,0.33333333,0.33333333,0.0,7.336575887306932,0.0,0.5,6.0000062584942295,1.0,1.0,6.214013081792281,-6.214013081792281,6.214013081792281,0.0,136.7383530945298,135.48131698002615,1.0,0.0,1.0,0.0,0.0,0.0,0.0,0.0,5.0,10.0,15.0,-0.12510399520397186,-0.14803199470043182,0.02292799949645996,-1.437000036239624,-0.12876300513744354,0.9913600087165833,0.7558000087738037,1.5116000175476074,0.2752000093460083,1.0,1.0,-0.09036990255117416,-0.03582441041685827,0.0,1.0,0.8,95.25,0.2,82.66666667,,,,-1.0222783088684082,0.22547540068626404,,-8.518985907236736,7.515846689542134,,0.14285714,0.5,0.33333333,0.0,1.0,0.8,0.53333333,0.66666667,0.06666667,0.0,0.0,1.0,0.0,1.0,0.0,1.0,0.0,0.0,1.0,0.0,1.0,0.0,Darwinzon Hernandez,19848,4.074262874457674,,0.8,,0.2,,95.34166463216145,,82.60000101725261,,2.621666749318441,,-4.329999923706055,,7.875833511352539,,-2.8866666158040366,,-1.0222782641649246,,0.22547540441155434,,-8.518985534707706,,7.515846813718478,,0.14285714,0.5,0.33333333,0.0,1.0,0.8,0.53333333,,0.8,0.2,,95.40073649088542,82.5952657063802,,1.7173889478047688,-5.307036717732747,,6.996476491292317,-4.1459534962972,,-1.0222782641649246,0.22547540441155434,,-8.518985534707706,7.515846813718478,0.14285714,0.5,0.33333333,0.0,1.0,0.8,0.53333333,1.0,76.4000015258789,4.0,0.0,0.0,76.4,0.0,0.0,2019-08-01,0
21,TBR,3,2019,BOS,H,22,0.0,0.0,0.0,1.0,0.0,0.0,0.0,0.0,0.0,0.0,0.1,2.0,1.0,0.0,0.0,0.0,0.0,0.0,0.0,0.0,0.0,1.0,27.000028163224034,0.0,27.000028163224034,1.0,0.0,0.0,0.0,0.0,1.0,0.0,0.0,0.0,0.0,0.5,0.0,0.5,1.0130759348869325,0.0,0.5,3.0000031292471148,1.0,1.0,-2.785996305949063,2.785996305949063,-2.785996305949063,0.0,-60.00774312489183,-59.456091751661525,0.0,1.0,0.0,0.0,0.0,0.0,0.0,0.0,2.0,5.0,7.0,0.005092000123113394,-0.00916799996048212,0.014259999617934227,0.1289999932050705,0.01155909989029169,0.3301999866962433,0.09319999814033508,0.18639999628067017,0.2752000093460083,1.0,1.0,-0.01910020038485527,0.034521158374770676,0.0,0.0,0.71428571,95.8,0.28571429,81.0,,,,0.2847881019115448,-0.7578926086425781,,5.695762038230896,-37.894630432128906,,0.25,0.66666667,0.42857143,0.0,0.5,0.33333333,0.42857143,1.0,0.28571429,0.0,0.0,1.0,0.0,0.0,1.0,1.0,0.0,0.0,1.0,0.0,0.0,1.0,Darwinzon Hernandez,19848,5.651883222757007,,0.71428571,,0.28571429,,95.84000244140626,,80.8499984741211,,2.2079999923706053,,-6.434999942779541,,7.616000366210938,,-2.0999999046325684,,0.2847880981862545,,-0.7578926347196102,,5.69576196372509,,-37.89463173598051,,0.4,0.5,0.42857143,0.5,0.0,0.33333333,0.28571429,,0.71428571,0.28571429,,95.85438232421875,80.82119750976562,,1.4729756355285644,-7.2626848220825195,,6.935359954833984,-3.214134931564331,,0.2847880981862545,-0.7578926347196102,,5.69576196372509,-37.89463173598051,0.4,0.5,0.42857143,0.5,0.0,0.33333333,0.28571429,1.0,98.30000305175781,17.0,0.0,0.0,98.3,1.0,1.0,2019-07-31,0
22,TBR,3,2019,BOS,H,22,0.0,0.0,0.0,1.0,0.0,0.0,0.0,0.0,0.0,0.0,1.0,3.0,0.0,0.0,0.0,0.0,0.0,0.0,0.0,0.0,0.0,2.0,18.0,0.0,0.0,2.0,0.0,0.0,1.0,0.0,0.0,0.0,0.0,0.0,0.0,0.66666667,0.0,0.66666667,0.03802038111915462,0.0,0.0,0.0,0.0,1.0,-0.7859900474548338,0.7859900474548338,-0.7859900474548338,0.0,-16.2862971996112,-16.136577217703145,1.0,0.0,1.0,0.0,0.0,0.0,0.0,0.0,3.0,9.0,12.0,0.06667999923229218,0.0,0.06667999923229218,0.6039999723434448,0.05412190034985542,0.8273329734802246,1.0740000009536743,1.0740000009536743,1.031599998474121,1.0,1.0,0.0806875005364418,-9.1173096718411e-05,1.0,0.0,0.75,96.55555556,0.25,83.33333333,,,,0.44897574186325073,0.32783886790275574,,4.9886193540361194,10.92796226342519,,0.2,0.57142857,0.41666667,1.0,0.75,0.8,0.58333333,0.66666667,0.08333333,1.0,0.0,0.0,0.0,1.0,0.0,1.0,1.0,0.0,0.0,0.0,1.0,0.0,Darwinzon Hernandez,19848,-1.6700497972257593,,0.75,,0.25,,96.33333333333333,,83.5,,1.576666620042589,,-4.673333485921224,,7.162222120496962,,-3.5266666412353516,,0.44897572696208954,,0.32783885672688484,,4.988619188467661,,10.92796189089616,,0.0,0.625,0.41666667,,0.8,0.8,0.66666667,,0.75,0.25,,96.36831325954861,83.52393595377605,,0.759246826171875,-5.445700327555339,,6.327023400200738,-4.532103220621745,,0.44897572696208954,0.32783885672688484,,4.988619188467661,10.92796189089616,0.0,0.625,0.41666667,,0.8,0.8,0.66666667,1.0,92.5,-18.0,0.0,0.0,92.5,0.0,0.0,2019-07-30,0
23,NYY,3,2019,BOS,H,22,0.0,0.0,0.0,1.0,0.0,0.0,0.0,0.0,0.0,0.0,1.0,6.0,1.0,2.0,0.0,0.0,2.0,1.0,0.0,0.0,0.0,2.0,18.0,18.0,9.0,1.0,0.0,0.0,0.0,1.0,1.0,0.0,0.0,0.0,0.0,0.33333333,0.33333333,0.0,7.5520758980085985,0.0,0.25,3.0,0.5,0.33333333,5.214009952545166,-5.214009952545166,7.203217965364456,0.0,114.8776301318895,156.90718759866607,0.0,0.5,0.0,0.5,0.0,0.0,1.0,9.0,7.0,10.0,17.0,-0.07407999783754349,-0.09819599986076355,0.024116000160574913,-1.3960000276565552,-0.12509000301361084,0.6140000224113464,0.4440000057220459,0.4440000057220459,0.18639999628067017,1.0,1.0,-0.09153140336275101,-0.02912005450953216,0.0,1.0,0.70588235,95.91666667,0.29411765,83.0,,,0.23529412,0.7299296855926514,-0.98178631067276,,6.082747379938761,-19.6357262134552,,0.09090909,0.66666667,0.29411765,0.0,0.75,0.6,0.35294118,0.5,0.11764706,1.0,1.0,0.0,1.0,0.0,1.0,2.0,0.5,0.5,0.0,0.5,0.0,0.5,Darwinzon Hernandez,19848,7.372358923982689,,0.70588235,,0.29411765,,95.84999593098958,,82.85999755859375,,2.388333320617676,,-4.108000183105469,,7.856666564941406,,-3.2919998168945312,,0.7299296893179417,,-0.9817863069474697,,6.082747410982847,,-19.635726138949394,,0.1,0.57142857,0.29411765,0.0,0.75,0.6,0.41176471,,0.57142857,0.23809524,,95.93436686197917,82.880517578125,,1.8868805567423503,-4.802379989624024,,7.072795867919922,-4.597705841064453,,0.7299296893179417,-0.9817863069474697,,6.082747410982847,-19.635726138949394,0.1,0.57142857,0.29411765,0.0,0.75,0.6,0.41176471,2.0,84.05000305175781,25.5,0.0,0.0,97.5,1.0,0.5,2019-07-28,0
24,NYY,3,2019,BOS,H,22,0.0,0.0,0.0,1.0,0.0,0.0,0.0,0.0,0.0,0.0,1.0,3.0,0.0,0.0,0.0,0.0,0.0,0.0,0.0,0.0,0.0,2.0,18.0,0.0,0.0,2.0,0.0,0.0,1.0,0.0,0.0,0.0,0.0,0.0,0.0,0.66666667,0.0,0.66666667,0.03802038111915462,0.0,0.0,0.0,0.0,1.0,-0.7859900474548338,0.7859900474548338,-0.7859900474548338,0.0,-16.2862971996112,-16.136577217703145,1.0,0.0,1.0,0.0,0.0,0.0,0.0,0.0,3.0,8.0,11.0,0.0012519799638539553,0.0,0.0012519799638539553,0.6039999723434448,0.05412190034985542,0.016266699880361557,0.03880000114440918,0.03880000114440918,0.018799999728798866,1.0,1.0,0.04879910126328468,0.02816672297039681,0.0,0.0,0.63636364,96.28571429,0.36363636,84.25,,,,0.6614431142807007,0.1408427655696869,,9.449187346867152,3.5210691392421722,,0.25,0.71428571,0.54545455,1.0,0.4,0.5,0.63636364,0.66666667,0.27272727,1.0,0.0,0.0,1.0,0.0,0.0,1.0,1.0,0.0,0.0,1.0,0.0,0.0,Darwinzon Hernandez,19848,-1.6700497972257593,,0.63636364,,0.36363636,,96.39999825613839,,84.32499694824219,,2.1157143456595287,,-4.390000343322754,,7.555714198521206,,-3.047499895095825,,0.6614430919289589,,0.1408427692949772,,9.449187027556556,,3.5210692323744297,,0.4,0.66666667,0.54545455,1.0,0.25,0.5,0.54545455,,0.63636364,0.36363636,,96.47097342354911,84.30690002441406,,1.332632201058524,-4.959967613220215,,6.599862779889788,-4.227499961853027,,0.6614430919289589,0.1408427692949772,,9.449187027556556,3.5210692323744297,0.5,0.57142857,0.54545455,1.0,0.25,0.5,0.63636364,1.0,82.9000015258789,-21.0,0.0,0.0,82.9,0.0,0.0,2019-07-25,0
25,@BAL,3,2019,BOS,A,22,0.0,0.0,0.0,1.0,0.0,0.0,0.0,0.0,0.0,0.0,1.0,5.0,1.0,0.0,0.0,0.0,1.0,0.0,0.0,0.0,0.0,3.0,27.0,9.0,9.0,3.0,0.0,0.0,1.0,0.0,0.0,0.0,0.0,0.0,0.0,0.6,0.2,0.4,2.867535934886933,0.0,0.25,2.0,1.0,1.0,0.2140099525451662,-0.2140099525451662,0.2140099525451662,0.0,5.574357355638912,5.523112270755207,1.0,0.0,1.0,0.0,0.0,0.0,0.0,0.0,13.0,15.0,28.0,0.0012280100490897894,-0.0019280000124126673,0.0031560100615024567,0.5730000138282776,0.0533519983291626,0.03920000046491623,0.03319999948143959,0.03319999948143959,0.019999999552965164,1.0,1.0,-0.0023822400253266096,0.0337090266203638,0.0,0.0,0.75,94.47619048,0.25,82.28571429,,,,-0.17719051241874695,0.21930590271949768,,-0.8437643448511759,3.1329414674213956,,0.0,0.42857143,0.21428571,,0.5,0.5,0.5,0.4,0.10714286,0.0,0.0,1.0,0.0,1.0,0.0,1.0,0.0,0.0,1.0,0.0,1.0,0.0,Darwinzon Hernandez,19848,0.41341479443074225,,0.75,,0.25,,94.43809291294643,,82.35714285714286,,2.737618945893787,,-3.612857001168387,,7.777143205915179,,-2.2814286095755443,,-0.17719051241874695,,0.21930589899420738,,-0.8437643448511759,,3.1329414142029623,,0.0,0.35294118,0.21428571,,0.5,0.5,0.60714286,,0.75,0.25,,94.76922898065476,82.60702950613839,,2.075657435825893,-4.477294376918247,,7.140971592494419,-3.249821526663644,,-0.17719051241874695,0.21930589899420738,,-0.8437643448511759,3.1329414142029623,0.0,0.35294118,0.21428571,,0.5,0.5,0.60714286,1.0,101.69999694824219,-4.0,0.0,0.0,101.7,1.0,1.0,2019-07-20,0
26,TOR,3,2019,BOS,H,22,0.0,0.0,0.0,1.0,0.0,0.0,0.0,0.0,0.0,0.0,1.0,3.0,0.0,0.0,0.0,0.0,0.0,0.0,0.0,0.0,0.0,2.0,18.0,0.0,0.0,2.0,0.0,0.0,1.0,0.0,0.0,0.0,0.0,0.0,0.0,0.66666667,0.0,0.66666667,0.03802038111915462,0.0,0.0,0.0,0.0,1.0,-0.7859900474548338,0.7859900474548338,-0.7859900474548338,0.0,-16.2862971996112,-16.136577217703145,1.0,0.0,1.0,0.0,0.0,0.0,0.0,0.0,4.0,8.0,12.0,0.008355979807674885,0.0,0.008355979807674885,0.6039999723434448,0.05412190034985542,0.10213299840688705,0.19760000705718994,0.19760000705718994,,0.0,1.0,0.08391469717025757,-0.0021000051704638673,0.0,0.0,0.66666667,95.625,0.33333333,84.75,,,,0.5149177312850952,0.28736814856529236,,6.43647164106369,7.184203714132309,,0.42857143,0.8,0.58333333,0.33333333,0.25,0.28571429,0.41666667,0.66666667,0.41666667,1.0,0.0,0.0,0.0,1.0,0.0,1.0,1.0,0.0,0.0,0.0,1.0,0.0,Darwinzon Hernandez,19848,-1.6700497972257593,,0.66666667,,0.33333333,,95.63750457763672,,84.625,,3.0225000381469727,,-3.5225000381469727,,8.324999809265137,,-1.5449999570846558,,0.5149177014827728,,0.28736815229058266,,6.43647126853466,,7.184203807264566,,0.4,0.71428571,0.58333333,0.5,0.2,0.28571429,0.58333333,,0.66666667,0.33333333,,95.68822479248047,84.55717468261719,,2.4458882808685303,-4.246447563171387,,7.500307559967041,-2.7221250534057617,,0.5149177014827728,0.28736815229058266,,6.43647126853466,7.184203807264566,0.4,0.71428571,0.58333333,0.5,0.2,0.28571429,0.58333333,1.0,85.5,-22.0,0.0,0.0,85.5,0.0,0.0,2019-07-18,0
27,TOR,3,2019,BOS,H,22,0.0,0.0,0.0,1.0,0.0,0.0,0.0,0.0,0.0,0.0,1.0,4.0,0.0,0.0,0.0,0.0,1.0,0.0,0.0,0.0,0.0,2.0,18.0,9.0,0.0,2.0,0.0,0.0,0.0,1.0,0.0,0.0,0.0,0.0,0.0,0.5,0.25,0.25,4.203575934886931,0.0,0.0,1.0,0.0,1.0,2.214009952545166,-2.214009952545166,4.203217965364456,0.0,49.295666466139146,91.928119133291,0.0,0.0,0.0,1.0,0.0,0.0,0.0,0.0,8.0,16.0,24.0,0.038339998573064804,-0.028248000890016556,0.06658799946308136,0.6039999723434448,0.05412190034985542,0.7378399968147278,0.6028000116348267,0.6028000116348267,0.3840000033378601,1.0,1.0,0.033326901495456696,0.018635581886549513,0.0,0.0,0.54166667,95.23076923,0.45833333,83.63636364,,,,0.11925417184829712,0.37740933895111084,,0.9173397834484395,3.430993990464644,,0.4,1.0,0.625,0.83333333,0.66666667,0.73333333,0.375,0.25,0.16666667,0.0,0.0,1.0,0.0,0.0,1.0,1.0,0.0,0.0,1.0,0.0,0.0,1.0,Darwinzon Hernandez,19848,1.4114236129001874,,0.54166667,,0.45833333,,95.1769268329327,,83.72727272727273,,2.501538496751052,,-3.498181776566939,,6.924615126389724,,-1.7490908882834695,,0.1614183783531189,,0.38678182661533356,,1.24167983348553,,3.51619842377576,,0.42857143,0.9,0.625,0.83333333,0.66666667,0.73333333,0.41666667,,0.54166667,0.45833333,,95.22891939603366,83.69782049005681,,1.6410510723407452,-4.226485512473366,,6.073370713454026,-2.8842639923095703,,0.1614183783531189,0.38678182661533356,,1.24167983348553,3.51619842377576,0.42857143,0.9,0.625,0.83333333,0.66666667,0.73333333,0.41666667,1.0,91.30000305175781,24.0,0.0,0.0,91.3,0.0,0.0,2019-07-16,0
28,TEX,3,2019,BOS,H,22,0.0,1.0,9.0,1.0,1.0,0.0,0.0,0.0,0.0,0.0,3.0,18.0,3.0,4.0,3.0,0.0,5.0,0.0,0.0,0.0,0.0,7.0,21.0,15.0,9.0,1.4,0.0,0.0,0.0,3.0,3.0,1.0,0.0,0.0,0.0,0.38888889,0.27777778,0.11111111,6.0923074523110055,0.0,0.23076923076923078,2.6666666666666665,0.5,0.5,3.5473432858785,5.4526567141215,5.53655129869779,186.6910572865578,78.4432058731393,120.80770511790216,0.0,0.5,0.0,0.5,0.33333333,0.0,3.0,9.0,44.0,42.0,86.0,-0.24117200076580048,-0.5630480051040649,0.32187598943710327,-2.218600034713745,-0.1987989991903305,1.3245600461959839,0.9674999713897705,0.8700000047683716,2.023200035095215,1.0,1.0,-0.07813780009746552,-0.10393926123201105,0.0,0.0,0.76744186,94.54545455,0.20930233,82.66666667,0.02325581,76.5,,-1.3855817317962646,0.09421764314174652,0.09114594012498856,-2.0993662602973706,0.5234313507874806,4.557297006249428,0.12,0.55555556,0.30232558,0.66666667,0.75,0.73076923,0.41860465,0.38888889,0.08139535,1.0,3.0,2.0,1.0,3.0,2.0,6.0,0.16666667,0.5,0.33333333,0.16666667,0.5,0.33333333,Darwinzon Hernandez,19848,5.191321988697551,39.0,0.76744186,,0.20930233,0.02325581,94.50757575757575,,82.73333062065973,76.19999694824219,3.536363543886127,,-3.268888897365994,-6.809999942779541,8.440757982658617,,-1.2377778159247503,-4.940000057220459,-1.4055486097931862,,0.09421763941645622,0.09114594012498856,-2.1296191057472518,,0.5234313300914234,4.557297006249428,0.06382979,0.58974359,0.30232558,0.33333333,0.7826087,0.73076923,0.45348837,0.02325581,0.75581395,0.19767442,76.34970092773438,94.73279747596153,82.91326545266544,-7.767889976501465,2.7329439603365384,-4.209460987764246,-6.338555335998535,7.468267822265625,-2.3279199039234832,0.09114594012498856,-1.4511215798556805,0.1240428276360035,4.557297006249428,-2.2324947382395086,0.7296636919764912,0.06382979,0.58974359,0.30232558,0.33333333,0.7826087,0.73076923,0.45348837,6.0,97.92000122070313,30.8,0.0,0.0,103.6,4.0,0.66666667,2019-06-11,0
29,DET,3,2019,BOS,H,22,0.0,0.0,0.0,1.0,0.0,0.0,0.0,0.0,0.0,0.0,2.1,12.0,4.0,0.0,0.0,0.0,1.0,0.0,0.0,0.0,0.0,4.0,15.428594024847,3.85714850621175,15.428594024847,4.0,0.0,0.0,3.0,3.0,1.0,0.0,0.0,0.0,0.0,0.33333333,0.08333333,0.25,3.113187040139155,0.0,0.36363636363636365,2.14286028122875,0.5714285714285714,1.0,1.0711496713164164,-1.0711496713164164,3.6287065763798725,0.0,24.311992653281443,79.48438084030201,1.0,0.14285714,0.42857143,0.42857143,0.0,0.0,0.0,0.0,18.0,32.0,50.0,0.0363599993288517,-0.12646399438381195,0.16282400488853455,0.527999997138977,0.047311801463365555,0.6301329731941223,0.5077329874038696,0.5551999807357788,0.8539999723434448,1.0,1.0,-0.005430669989436865,0.06313277553795961,0.0,0.0,0.62,94.25806452,0.34,82.52941176,0.04,75.5,,-0.7047170400619507,0.006345976144075394,-0.07782145589590073,-2.2732807743933896,0.03732927143573761,-3.8910727947950363,0.41935484,0.84210526,0.58,0.69230769,0.75,0.72413793,0.38,0.33333333,0.16,4.0,0.0,3.0,2.0,2.0,3.0,7.0,0.57142857,0.0,0.42857143,0.28571429,0.28571429,0.42857143,Darwinzon Hernandez,19848,1.425764951383572,,0.62,,0.34,0.04,94.20644846270162,,82.47646915211396,75.75,3.0570966659053678,,-2.617058922262753,-5.720000267028809,8.436128677860383,,-0.5435293983010685,-3.4049999713897705,-0.7205249778926373,,-0.02219761535525322,-0.07782145589590073,-2.3242741222343137,,-0.13057420797207778,-3.8910727947950363,0.33333333,0.86956522,0.58,0.55555556,0.8,0.72413793,0.46,0.04,0.62,0.34,75.91590118408203,94.41882717993951,82.60727826286765,-7.014739990234375,2.2834305301789315,-3.450033524457146,-5.01886510848999,7.408733737084173,-1.8257777270148783,-0.07782145589590073,-0.7205249778926373,-0.02219761535525322,-3.8910727947950363,-2.3242741222343137,-0.13057420797207778,0.33333333,0.86956522,0.58,0.55555556,0.8,0.72413793,0.46,7.0,89.79999651227679,29.0,0.0,0.0,112.5,3.0,0.42857143,2019-04-23,2
