,Opp,teamid,season,Team,HomeAway,Age,W,L,ERA,G,GS,CG,ShO,SV,HLD,BS,IP,TBF,H,R,ER,HR,BB,IBB,HBP,WP,BK,SO,K/9,BB/9,H/9,K/BB,IFH%,BUH%,GB,FB,LD,IFFB,IFH,BU,BUH,K%,BB%,K-BB%,SIERA,HR/9,AVG,WHIP,BABIP,LOB%,FIP,E-F,xFIP,ERA-,FIP-,xFIP-,GB/FB,LD%,GB%,FB%,IFFB%,HR/FB,RS,RS/9,Balls,Strikes,Pitches,WPA,-WPA,+WPA,RE24,REW,pLI,inLI,gmLI,exLI,Pulls,Games,WPA/LI,Clutch,SD,MD,FB%1,FBv,SL%,SLv,CH%,CHv,SF%,SFv,XX%,wFB,wSL,wCH,wSF,wFB/C,wSL/C,wCH/C,wSF/C,O-Swing%,Z-Swing%,Swing%,O-Contact%,Z-Contact%,Contact%,Zone%,F-Strike%,SwStr%,Pull,Cent,Oppo,Soft,Med,Hard,bipCount,Pull%,Cent%,Oppo%,Soft%,Med%,Hard%,PlayerName,playerid,tERA,GSv2,pfxFA%,pfxSL%,pfxCH%,pfxvFA,pfxvSL,pfxvCH,pfxFA-X,pfxSL-X,pfxCH-X,pfxFA-Z,pfxSL-Z,pfxCH-Z,pfxwFA,pfxwSL,pfxwCH,pfxwFA/C,pfxwSL/C,pfxwCH/C,pfxO-Swing%,pfxZ-Swing%,pfxSwing%,pfxO-Contact%,pfxZ-Contact%,pfxContact%,pfxZone%,piCH%,piFA%,piSL%,pivCH,pivFA,pivSL,piCH-X,piFA-X,piSL-X,piCH-Z,piFA-Z,piSL-Z,piwCH,piwFA,piwSL,piwCH/C,piwFA/C,piwSL/C,piO-Swing%,piZ-Swing%,piSwing%,piO-Contact%,piZ-Contact%,piContact%,piZone%,Events,EV,LA,Barrels,Barrel%,maxEV,HardHit,HardHit%,gamedate,dh
0,- - -,11,2019,- - -,A,25,1.0,5.0,5.741378366309467,27.0,8.0,0.0,0.0,2.0,1.0,0.0,58.0,245.0,56.0,41.0,37.0,17.0,12.0,1.0,2.0,2.0,0.0,52.0,8.068964190488982,1.862068659343611,8.689653743603518,4.33333333,0.07462687,1.0,67.0,74.0,36.0,9.0,5.0,2.0,2.0,0.2122449,0.04897959,0.16326531,4.289184385672131,2.6379306007367824,0.24242424242424243,1.1724136003274588,0.24074074074074073,0.62770563,5.955388812134371,-0.21401044582490414,4.682999244601268,129.11969433968474,131.54508532905217,102.32003266393568,0.90540541,0.20338983,0.37853107,0.4180791,0.12162162,0.22972973,28.0,4.344826871801759,339.0,632.0,971.0,-0.31686002055357676,-3.189735953230411,2.8728761192178354,-7.92360033094883,-0.8534905812703073,0.6308119789519835,0.6541287711250686,0.7206962915068423,0.4890600052662194,20.0,27.0,-0.481257613748312,-0.02104740125790383,2.0,1.0,0.67835052,92.70972644,0.18350515,85.4180791,0.09896907,85.44791667,0.03917526,86.36842105,0.00205973,-2.9569582641124725,0.7222107760608196,-4.535560984164476,-0.04674318805336952,-0.44938575442438794,0.40573639104540427,-4.724542691837996,-0.12300838961413031,0.30518234,0.69933185,0.48762887,0.74842767,0.83757962,0.80761099,0.4628866,0.60816327,0.09371782,71.0,58.0,50.0,19.0,100.0,60.0,179.0,0.39664804,0.32402235,0.27932961,0.10614525,0.55865922,0.33519553,Erik Swanson,16587,5.842983431288089,38.0,0.67731959,0.17628866,0.14639175,92.66499196231094,85.3403501901013,85.75351972982916,-5.275585999046105,1.1976608198288587,-6.063380291764165,10.925281565301857,2.8169590771546837,7.196338035690952,-0.38565271720290184,3.0834310315549374,-5.579646151512861,-0.05869904371429252,1.8031760418449925,-3.929328275713283,0.28699552,0.65648855,0.48659794,0.7265625,0.8372093,0.80720339,0.54020619,0.15139032,0.67662204,0.16992791,85.99120891337492,92.88815279747253,85.49111591685902,-5.541447055583098,-4.866151255196813,1.9412383888707017,5.71865329288301,9.740637490375583,1.371192527178562,-3.9638023152947426,-0.3011690191924572,1.4250081703066826,-2.6964641600644508,-0.04584003336262667,0.8636413153373833,0.28054299,0.66034156,0.4871001,0.71774194,0.83908046,0.80720339,0.54385965,179.0,91.44171447753907,16.354285714285716,19.0,0.10614525,114.3,75.0,0.41899441,2050-01-01,0
1,OAK,11,2019,SEA,H,25,0.0,0.0,0.0,1.0,0.0,0.0,0.0,0.0,1.0,0.0,1.0,3.0,0.0,0.0,0.0,0.0,0.0,0.0,0.0,0.0,0.0,0.0,0.0,0.0,0.0,0.0,0.0,0.0,2.0,0.0,1.0,0.0,0.0,0.0,0.0,0.0,0.0,0.0,2.766909238693599,0.0,0.0,0.0,0.0,1.0,3.214009952545166,-3.214009952545166,3.214009952545166,0.0,71.4062539047315,70.50218073613026,2.0,0.33333333,0.66666667,0.0,0.0,0.0,0.0,0.0,4.0,10.0,14.0,0.0436599999666214,0.0,0.0436599999666214,0.5109999775886536,0.05161619931459427,0.5673329830169678,0.8939999938011169,0.8939999938011169,0.7639999985694885,1.0,1.0,0.07740800082683563,-0.0004514316274812913,0.0,0.0,0.64285714,93.77777778,0.14285714,78.5,,,0.21428571,88.0,,0.299263596534729,0.22732079029083252,,0.21172867715358734,3.3251510726081,11.366039514541626,,7.057622571786244,0.63636364,1.0,0.71428571,0.71428571,1.0,0.8,0.21428571,1.0,0.14285714,1.0,1.0,1.0,0.0,2.0,1.0,3.0,0.33333333,0.33333333,0.33333333,0.0,0.66666667,0.33333333,Erik Swanson,16587,6.0630991000645835,,0.71428571,0.14285714,0.14285714,93.20999755859376,78.6500015258789,87.60000610351562,-4.981000137329102,8.050000190734863,-9.505000114440918,11.00500030517578,1.3949999809265137,7.614999771118164,0.2484574243426323,0.2694850042462349,0.26253483071923256,2.484574243426323,13.474250212311745,13.126741535961628,0.6,1.0,0.71428571,0.66666667,1.0,0.8,0.28571429,0.21428571,0.64285714,0.14285714,88.1848653157552,93.88817681206598,78.80039978027344,-8.552206675211588,-4.181589762369792,8.899794578552246,6.861123402913411,10.100212097167969,0.13892000913619995,0.21172867342829704,0.2992635816335678,0.2694850042462349,7.057622447609901,3.3251509070396423,13.474250212311745,0.6,1.0,0.71428571,0.66666667,1.0,0.8,0.28571429,3.0,82.83333333333333,8.333333333333334,0.0,0.0,88.8,0.0,0.0,2019-09-29,0
2,OAK,11,2019,SEA,H,25,0.0,0.0,0.0,1.0,0.0,0.0,0.0,0.0,0.0,0.0,1.0,3.0,0.0,0.0,0.0,0.0,0.0,0.0,0.0,0.0,0.0,0.0,0.0,0.0,0.0,0.0,0.0,0.0,0.0,3.0,0.0,0.0,0.0,0.0,0.0,0.0,0.0,0.0,13.703575934886931,0.0,0.0,0.0,0.0,1.0,3.214009952545166,-3.214009952545166,9.181633991003036,0.0,71.4062539047315,199.75906439298757,0.0,0.0,0.0,1.0,0.0,0.0,0.0,0.0,6.0,7.0,13.0,0.0530799999833107,0.0,0.0530799999833107,0.5109999775886536,0.05161619931459427,0.6959999799728394,0.9139999747276306,0.9139999747276306,0.6740000247955322,1.0,1.0,0.07639359682798386,-0.0001292268413897596,0.0,0.0,0.61538462,92.875,0.23076923,86.33333333,,,0.15384615,85.5,,0.6799643039703369,0.18841005861759186,,-0.049693115055561066,8.499553799629211,6.280335287253062,,-2.4846557527780533,0.125,0.4,0.23076923,1.0,1.0,1.0,0.38461538,0.33333333,0.0,1.0,1.0,1.0,0.0,2.0,1.0,3.0,0.33333333,0.33333333,0.33333333,0.0,0.66666667,0.33333333,Erik Swanson,16587,0.7707291536518768,,0.61538462,0.23076923,0.15384615,92.88749694824219,86.16666666666667,85.19999694824219,-4.541250228881836,-0.13666669527689615,-7.824999809265137,11.833749771118164,5.416666666666667,6.309999942779541,0.6799643114209175,0.18841005489230156,-0.049693115055561066,8.499553892761469,6.280335163076718,-2.4846557527780533,0.14285714,0.33333333,0.23076923,1.0,1.0,1.0,0.46153846,0.15384615,0.61538462,0.23076923,85.36465454101562,93.10559844970703,86.29213460286458,-7.659415245056152,-4.0527424812316895,0.4723767042160034,5.423959732055664,10.593545913696289,3.9946200052897134,-0.049693115055561066,0.6799643114209175,0.18841005489230156,-2.4846557527780533,8.499553892761469,6.280335163076718,0.14285714,0.33333333,0.23076923,1.0,1.0,1.0,0.46153846,3.0,95.53333536783855,34.333333333333336,1.0,0.33333333,100.1,1.0,0.33333333,2019-09-27,0
3,HOU,11,2019,SEA,H,25,0.0,0.0,0.0,1.0,0.0,0.0,0.0,0.0,0.0,0.0,1.0,3.0,1.0,0.0,0.0,0.0,0.0,0.0,0.0,0.0,0.0,0.0,0.0,0.0,9.0,0.0,0.0,0.0,2.0,0.0,1.0,0.0,0.0,0.0,0.0,0.0,0.0,0.0,2.766909238693599,0.0,0.3333333333333333,1.0,0.3333333333333333,1.0,3.214009952545166,-3.214009952545166,3.214009952545166,0.0,71.4062539047315,70.50218073613026,2.0,0.33333333,0.66666667,0.0,0.0,0.0,0.0,0.0,2.0,5.0,7.0,0.01568000018596649,-0.0072200000286102295,0.02290000021457672,0.5109999775886536,0.05161619931459427,0.2753329873085022,0.2680000066757202,0.2680000066757202,0.13600000739097595,1.0,1.0,0.03370700031518936,0.023242224473475466,0.0,0.0,0.71428571,93.6,0.14285714,86.0,,,0.14285714,86.0,,0.35906875133514404,-0.03891072794795036,,0.27162039279937744,7.181375026702881,-3.8910727947950363,,27.162039279937744,0.6,1.0,0.71428571,1.0,1.0,1.0,0.28571429,0.33333333,0.0,2.0,0.0,1.0,0.0,3.0,0.0,3.0,0.66666667,0.0,0.33333333,0.0,1.0,0.0,Erik Swanson,16587,6.0630991000645835,,0.71428571,0.14285714,0.14285714,93.37999877929687,86.19999694824219,86.4000015258789,-5.290000152587891,4.010000228881836,-6.710000038146973,11.36999969482422,3.1600000858306885,9.279999732971191,0.35906875133514404,-0.03891072794795036,0.27162039279937744,7.181375026702881,-3.8910727947950363,27.162039279937744,0.66666667,1.0,0.71428571,1.0,1.0,1.0,0.14285714,0.14285714,0.71428571,0.14285714,86.5186996459961,93.57902221679687,86.38240051269531,-6.359650135040283,-5.0391380310058596,4.794569969177246,7.6876702308654785,10.311207580566407,1.3637100458145142,0.27162039279937744,0.35906875133514404,-0.03891072794795036,27.162039279937744,7.181375026702881,-3.8910727947950363,0.6,1.0,0.71428571,1.0,1.0,1.0,0.28571429,3.0,87.03333536783855,-3.3333333333333335,0.0,0.0,100.9,1.0,0.33333333,2019-09-24,0
4,@BAL,11,2019,SEA,A,25,0.0,0.0,0.0,1.0,0.0,0.0,0.0,1.0,0.0,0.0,1.0,4.0,0.0,0.0,0.0,0.0,0.0,0.0,1.0,0.0,0.0,1.0,9.0,0.0,0.0,1.0,0.0,0.0,1.0,1.0,0.0,0.0,0.0,0.0,0.0,0.25,0.0,0.25,3.1777009348869325,0.0,0.0,0.0,0.0,1.0,4.214009952545166,-4.214009952545166,6.203217965364456,0.0,93.34369287416037,135.24749811020772,1.0,0.0,0.5,0.5,0.0,0.0,0.0,0.0,3.0,11.0,14.0,0.22471599280834198,-0.1724119931459427,0.39712798595428467,0.5730000138282776,0.0533519983291626,4.486959934234619,3.6415998935699463,3.6415998935699463,,0.0,1.0,0.030355099588632584,0.019726914982926946,1.0,0.0,0.85714286,94.5,,,,,0.14285714,86.0,,0.3979944586753845,,,0.03547883778810501,3.316620488961538,,,1.7739418894052505,0.2,0.77777778,0.57142857,1.0,0.85714286,0.875,0.64285714,0.75,0.07142857,1.0,0.0,1.0,0.0,2.0,0.0,2.0,0.5,0.0,0.5,0.0,1.0,0.0,Erik Swanson,16587,2.795026607214012,,0.85714286,,0.14285714,94.375,,86.30000305175781,-4.347499847412109,,-6.734999656677246,11.395000457763672,,7.899999618530273,0.3979944661259651,,0.03547883778810501,3.3166205510497093,,1.7739418894052505,0.4,0.66666667,0.57142857,0.5,0.83333333,0.75,0.64285714,0.14285714,0.85714286,,86.5,94.6129659016927,,-6.442605018615723,-3.9082565307617188,,6.85945987701416,10.13033930460612,,0.03547883778810501,0.3979944661259651,,1.7739418894052505,3.3166205510497093,,0.4,0.66666667,0.57142857,0.5,0.83333333,0.75,0.64285714,2.0,93.6500015258789,13.0,0.0,0.0,105.9,1.0,0.5,2019-09-21,0
5,@PIT,11,2019,SEA,A,25,0.0,0.0,0.0,1.0,0.0,0.0,0.0,1.0,0.0,0.0,1.0,4.0,0.0,0.0,0.0,0.0,1.0,0.0,0.0,0.0,0.0,3.0,27.0,9.0,0.0,3.0,0.0,0.0,0.0,0.0,0.0,0.0,0.0,0.0,0.0,0.75,0.25,0.5,2.976450934886933,0.0,0.0,1.0,0.0,1.0,0.2140099525451662,-0.2140099525451662,0.2140099525451662,0.0,5.593936996444907,5.523112270755207,0.0,0.0,0.0,0.0,0.0,0.0,0.0,0.0,9.0,15.0,24.0,0.20261800289154053,-0.0978040024638176,0.3004220128059387,0.5080000162124634,0.051547400653362274,3.5888500213623047,3.4881999492645264,3.4881999492645264,,0.0,1.0,0.04078470170497894,0.015672938398529207,1.0,0.0,0.83333333,93.15,0.16666667,85.0,,,,,,0.4951871633529663,0.03547883778810501,,,2.4759358167648315,0.8869709447026253,,,0.4375,0.625,0.5,0.71428571,0.8,0.75,0.33333333,0.75,0.125,0.0,0.0,0.0,0.0,0.0,0.0,0.0,,,,,,,Erik Swanson,16587,0.12691593176490118,,0.83333333,0.125,0.04166667,93.13499755859375,84.63333638509114,86.4000015258789,-4.347499847412109,2.75,-2.2899999618530273,10.983000183105469,1.1299999554951985,6.340000152587891,0.4951871484518051,0.03547883778810501,0.0,2.4759357422590256,1.1826279262701669,0.0,0.38461538,0.54545455,0.45833333,0.6,1.0,0.81818182,0.45833333,,0.83333333,0.16666667,,93.29391479492188,85.14702606201172,,-3.9926265716552733,2.271519899368286,,9.896221160888672,1.2837024927139282,,0.4951871484518051,0.03547883778810501,,2.4759357422590256,0.8869709447026253,0.4,0.55555556,0.45833333,0.66666667,1.0,0.81818182,0.375,0.0,,,0.0,,,0.0,,2019-09-19,0
6,CHW,11,2019,SEA,H,25,0.0,0.0,0.0,1.0,0.0,0.0,0.0,0.0,0.0,0.0,1.0,4.0,0.0,0.0,0.0,0.0,0.0,0.0,0.0,0.0,0.0,0.0,0.0,0.0,0.0,0.0,0.0,0.0,2.0,2.0,0.0,1.0,0.0,0.0,0.0,0.0,0.0,0.0,6.485575934886932,0.0,0.0,0.0,0.0,1.0,3.214009952545166,-3.214009952545166,7.1924259781837465,0.0,71.4062539047315,156.67343650736848,1.0,0.0,0.5,0.5,0.5,0.0,2.0,18.0,5.0,8.0,13.0,0.01568000018596649,-0.0072200000286102295,0.02290000021457672,0.5109999775886536,0.05161619931459427,0.27149999141693115,0.2680000066757202,0.2680000066757202,0.6740000247955322,1.0,1.0,0.04163439944386482,0.01611882590297275,0.0,0.0,0.61538462,93.0,0.23076923,86.66666667,,,0.15384615,88.0,,0.5150933265686035,0.4128122925758362,,-0.44421082735061646,6.438666582107544,13.760409752527872,,-22.210541367530823,0.0,0.875,0.53846154,,0.71428571,0.71428571,0.61538462,0.25,0.15384615,1.0,0.0,3.0,1.0,3.0,0.0,4.0,0.25,0.0,0.75,0.25,0.75,0.0,Erik Swanson,16587,0.20726662215384484,,0.61538462,0.23076923,0.15384615,92.9124984741211,86.76666259765625,87.89999389648438,-4.454999923706055,2.8999999364217124,-4.034999847412109,10.984999656677246,3.0366665522257485,9.575000762939453,0.4834774248301983,0.4128122925758362,-0.44421082362532616,6.043467810377479,13.760409752527872,-22.210541181266308,0.0,0.77777778,0.53846154,,0.71428571,0.71428571,0.69230769,0.15384615,0.61538462,0.23076923,87.97099304199219,93.0263900756836,86.8342997233073,-3.511465072631836,-4.0641374588012695,3.352336565653483,8.281479835510254,9.82299518585205,1.8591852188110352,-0.44421082362532616,0.4834774248301983,0.4128122925758362,-22.210541181266308,6.043467810377479,13.760409752527872,0.0,0.77777778,0.53846154,,0.71428571,0.71428571,0.69230769,4.0,78.17500305175781,32.0,0.0,0.0,84.3,0.0,0.0,2019-09-13,0
7,CIN,11,2019,SEA,H,25,0.0,0.0,0.0,1.0,0.0,0.0,0.0,0.0,0.0,0.0,1.0,3.0,0.0,0.0,0.0,0.0,0.0,0.0,0.0,0.0,0.0,2.0,18.0,0.0,0.0,2.0,0.0,0.0,0.0,1.0,0.0,0.0,0.0,0.0,0.0,0.66666667,0.0,0.66666667,0.37224257761026613,0.0,0.0,0.0,0.0,1.0,-0.7859900474548338,0.7859900474548338,1.2032179653644564,0.0,-16.343501972983958,26.94905066791596,0.0,0.0,0.0,1.0,0.0,0.0,0.0,0.0,2.0,8.0,10.0,0.0006399999838322401,0.0,0.0006399999838322401,0.5109999775886536,0.05161619931459427,0.009999999776482582,0.009999999776482582,0.009999999776482582,,0.0,1.0,0.06400000303983688,-3.2261013999113075e-09,0.0,0.0,0.9,93.44444444,0.1,87.0,,,,,,0.7704216241836548,0.05931270867586136,,,8.560240268707275,5.931270867586136,,,0.6,0.4,0.5,0.66666667,1.0,0.8,0.5,1.0,0.1,1.0,0.0,0.0,0.0,0.0,1.0,1.0,1.0,0.0,0.0,0.0,0.0,1.0,Erik Swanson,16587,-1.6509836273714806,,0.9,0.1,,93.37778049045139,87.30000305175781,,-4.537777794731988,1.2799999713897705,,11.54888916015625,4.320000171661377,,0.7704216241836548,0.05931270867586136,,8.560240268707275,5.931270867586136,,1.0,0.375,0.5,1.0,0.66666667,0.8,0.8,,0.9,0.1,,93.50080023871527,87.38249969482422,,-4.0725220574273004,1.700279951095581,,10.421139187282986,2.909640073776245,,0.7704216241836548,0.05931270867586136,,8.560240268707275,5.931270867586136,1.0,0.375,0.5,1.0,0.66666667,0.8,0.8,1.0,101.80000305175781,43.0,0.0,0.0,101.8,1.0,1.0,2019-09-12,0
8,@HOU,11,2019,SEA,A,25,0.0,0.0,18.0,1.0,0.0,0.0,0.0,0.0,0.0,0.0,1.0,7.0,3.0,2.0,2.0,1.0,1.0,0.0,0.0,0.0,0.0,1.0,9.0,9.0,27.0,1.0,0.0,0.0,2.0,3.0,0.0,0.0,0.0,0.0,0.0,0.14285714,0.14285714,0.0,6.354902457663259,9.0,0.5,4.0,0.5,0.76923077,17.214009952545165,0.7859900474548347,10.181633991003036,404.80775692340967,378.53039947673557,221.41875388144592,0.66666667,0.0,0.4,0.6,0.0,0.33333333,1.0,9.0,17.0,18.0,35.0,0.0007900000200606883,-0.0011599999852478504,0.0019499999471008778,-1.9900000095367432,-0.1994989961385727,0.026000000536441803,0.019999999552965164,0.03999999910593033,0.009999999776482582,1.0,1.0,0.015837399289011955,0.014547216240261517,0.0,0.0,0.65714286,92.26086957,0.08571429,84.33333333,,,0.25714286,86.44444444,,-2.087311267852783,-0.13077761232852936,,0.1215883195400238,-9.075266381968623,-4.359253744284311,,1.3509813282224867,0.15,0.53333333,0.31428571,1.0,0.875,0.90909091,0.42857143,0.28571429,0.02857143,3.0,0.0,2.0,1.0,1.0,3.0,5.0,0.6,0.0,0.4,0.2,0.2,0.6,Erik Swanson,16587,9.78754310211607,,0.65714286,0.08571429,0.25714286,92.1869586447011,84.23333740234375,86.29999457465277,-5.480434915293818,1.1699999968210857,-6.615555657280816,11.555652120838994,2.2766666412353516,9.751111348470053,-2.0873111598193645,-0.13077760860323906,0.1215883232653141,-9.075265912258107,-4.359253620107969,1.3509813696146011,0.16666667,0.47058824,0.31428571,1.0,0.875,0.90909091,0.48571429,0.25714286,0.65714286,0.08571429,86.41099717881944,92.34627632472827,84.34043375651042,-6.159932030571832,-5.003348640773607,1.8643733660380046,8.380726284450954,10.174827243970787,0.5827999909718832,0.1215883232653141,-2.0873111598193645,-0.13077760860323906,1.3509813696146011,-9.075265912258107,-4.359253620107969,0.17647059,0.44444444,0.31428571,1.0,0.875,0.90909091,0.51428571,5.0,96.52000122070312,28.6,1.0,0.2,106.9,3.0,0.6,2019-09-08,0
9,@CHC,11,2019,SEA,A,25,0.0,0.0,9.0,1.0,0.0,0.0,0.0,0.0,0.0,0.0,1.0,5.0,2.0,1.0,1.0,1.0,0.0,0.0,0.0,0.0,0.0,0.0,0.0,0.0,18.0,0.0,0.0,0.0,3.0,2.0,0.0,0.0,0.0,0.0,0.0,0.0,0.0,0.0,5.8291759348869325,9.0,0.4,2.0,0.25,1.0,16.214009952545165,-7.214009952545165,7.1924259781837465,202.40387846170483,356.5929605073067,156.67343650736848,1.5,0.0,0.6,0.4,0.0,0.5,1.0,9.0,10.0,17.0,27.0,-0.005979999899864197,-0.01013999991118908,0.0041600000113248825,-0.4779999852180481,-0.04756220057606697,0.04520000144839287,0.05400000140070915,0.05400000140070915,0.024000000208616257,1.0,1.0,-0.13048100471496582,-0.0018198737859312641,0.0,0.0,0.66666667,92.22222222,0.22222222,86.83333333,,,0.11111111,86.66666667,,-1.7385430335998535,-0.6325379610061646,,0.38229331374168396,-9.658572408888075,-10.542299350102741,,12.743110458056131,0.33333333,0.77777778,0.48148148,0.83333333,1.0,0.92307692,0.33333333,0.4,0.03703704,2.0,2.0,1.0,0.0,3.0,2.0,5.0,0.4,0.4,0.2,0.0,0.6,0.4,Erik Swanson,16587,11.333358666985413,,0.66666667,0.22222222,0.11111111,92.32221815321181,86.90000406901042,86.59999593098958,-5.492222256130642,1.6966667175292969,-5.510000228881836,11.150555928548178,4.225000063578288,8.960000356038412,-1.7385430410504341,0.4846627376973629,0.38229332119226456,-9.65857245028019,8.077712294956047,12.74311070640882,0.3125,0.72727273,0.48148148,1.0,0.875,0.92307692,0.40740741,0.11111111,0.66666667,0.22222222,86.70053100585938,92.49070231119792,87.00974527994792,-4.940900166829427,-4.962512546115452,2.2669509251912436,7.667043050130208,9.842901441786024,2.8387749989827475,0.38229332119226456,-1.7385430410504341,0.4846627376973629,12.74311070640882,-9.65857245028019,8.077712294956047,0.26666667,0.75,0.48148148,1.0,0.88888889,0.92307692,0.44444444,5.0,100.24000244140625,14.6,1.0,0.2,106.7,4.0,0.8,2019-09-03,0
10,@TEX,11,2019,SEA,A,25,0.0,0.0,0.0,1.0,0.0,0.0,0.0,0.0,0.0,0.0,2.1,7.0,0.0,0.0,0.0,0.0,0.0,0.0,0.0,0.0,0.0,5.0,19.285742531058748,0.0,0.0,5.0,0.0,0.0,1.0,1.0,0.0,0.0,0.0,0.0,0.0,0.71428571,0.0,0.71428571,0.0676167617232597,0.0,0.0,0.0,0.0,1.0,-1.0717106099123335,1.0717106099123335,-0.2191916415578481,0.0,-22.61147937420624,-3.8598997434212516,1.0,0.0,0.5,0.5,0.0,0.0,1.0,3.85714850621175,7.0,20.0,27.0,0.04149999842047691,0.0,0.04149999842047691,1.6970000267028809,0.14320699870586395,0.20657099783420563,0.26100000739097595,0.34200000762939453,,0.0,1.0,0.19948400557041168,0.0014154375052562451,0.0,0.0,0.7037037,92.10526316,0.18518519,86.2,,,0.11111111,85.66666667,,1.292175054550171,0.6259750723838806,,-0.014077406376600266,6.800921339737743,12.51950144767761,,-0.46924687922000885,0.33333333,0.58333333,0.44444444,0.2,0.85714286,0.58333333,0.44444444,0.57142857,0.18518519,1.0,1.0,0.0,0.0,1.0,1.0,2.0,0.5,0.5,0.0,0.0,0.5,0.5,Erik Swanson,16587,-1.7619887495726387,,0.7037037,0.18518519,0.11111111,91.94736842105263,86.2,85.56667073567708,-5.62105279219778,0.8380000114440918,-5.683333079020183,10.805789345189146,3.8959999084472656,9.210000356038412,1.2921750284731388,0.6259750574827194,-0.014077406376600266,6.800921202490204,12.519501149654388,-0.46924687922000885,0.33333333,0.53333333,0.44444444,0.25,0.75,0.58333333,0.55555556,0.11111111,0.7037037,0.18518519,85.58236694335938,92.03238718133224,86.20023803710937,-5.267026583353679,-5.352662739000823,1.312577724456787,7.637269973754883,9.640323036595396,2.371078300476074,-0.014077406376600266,1.2921750284731388,0.6259750574827194,-0.46924687922000885,6.800921202490204,12.519501149654388,0.33333333,0.53333333,0.44444444,0.25,0.75,0.58333333,0.55555556,2.0,97.25,34.5,0.0,0.0,105.3,1.0,0.5,2019-08-30,0
11,NYY,11,2019,SEA,H,25,0.0,0.0,0.0,1.0,0.0,0.0,0.0,0.0,0.0,0.0,1.0,3.0,0.0,0.0,0.0,0.0,0.0,0.0,0.0,0.0,0.0,1.0,9.0,0.0,0.0,1.0,0.0,0.0,2.0,0.0,0.0,0.0,0.0,0.0,0.0,0.33333333,0.0,0.33333333,-0.24397962452084543,0.0,0.0,0.0,0.0,1.0,1.2140099525451662,-1.2140099525451662,1.2140099525451662,0.0,27.53137596587377,27.18280175921356,2.0,0.0,1.0,0.0,0.0,0.0,0.0,0.0,3.0,7.0,10.0,0.0019399999873712659,0.0,0.0019399999873712659,0.5109999775886536,0.05161619931459427,0.02199999988079071,0.03200000151991844,0.03200000151991844,0.009999999776482582,1.0,1.0,0.09263259917497635,-0.00445078108936918,0.0,0.0,0.5,92.4,0.1,85.0,,,0.4,85.0,,0.38840147852897644,0.19100067019462585,,0.15806962549686432,7.76802957057953,19.100067019462585,,3.951740637421608,0.14285714,0.66666667,0.3,1.0,1.0,1.0,0.3,1.0,0.0,2.0,0.0,0.0,0.0,1.0,1.0,2.0,1.0,0.0,0.0,0.0,0.5,0.5,Erik Swanson,16587,-0.2098450675339772,,0.5,0.1,0.4,92.37999877929687,84.5,84.8499984741211,-4.636000061035157,1.899999976158142,-6.215000152587891,11.05,4.010000228881836,9.1274995803833,0.38840148597955704,0.19100067019462585,0.15806962177157402,7.768029719591141,19.100067019462585,3.9517405442893505,0.0,0.5,0.3,,1.0,1.0,0.6,0.4,0.5,0.1,84.91749572753906,92.47803955078125,84.51899719238281,-5.718199729919434,-4.121977996826172,2.6229701042175293,7.554312229156494,9.874703979492187,2.501879930496216,0.15806962177157402,0.38840148597955704,0.19100067019462585,3.9517405442893505,7.768029719591141,19.100067019462585,0.0,0.5,0.3,,1.0,1.0,0.6,2.0,95.3499984741211,-6.5,0.0,0.0,104.0,1.0,0.5,2019-08-27,0
12,NYY,11,2019,SEA,H,25,0.0,0.0,0.0,1.0,0.0,0.0,0.0,0.0,0.0,0.0,1.0,4.0,1.0,0.0,0.0,0.0,0.0,0.0,0.0,0.0,0.0,1.0,9.0,0.0,9.0,1.0,0.0,0.0,2.0,0.0,1.0,0.0,0.0,0.0,0.0,0.25,0.0,0.25,1.4430759348869326,0.0,0.25,1.0,0.3333333333333333,1.0,1.2140099525451662,-1.2140099525451662,1.2140099525451662,0.0,27.53137596587377,27.18280175921356,2.0,0.33333333,0.66666667,0.0,0.0,0.0,1.0,9.0,2.0,10.0,12.0,0.03548000007867813,-0.020560000091791153,0.056040000170469284,0.5109999775886536,0.05161619931459427,0.6069999933242798,0.6119999885559082,0.6119999885559082,0.9139999747276306,1.0,1.0,0.013827799819409847,0.04462360128253963,0.0,0.0,0.83333333,93.0,,,,,0.16666667,84.5,,0.606266975402832,,,-0.8746929168701172,6.06266975402832,,,-43.73464584350586,0.5,0.625,0.58333333,0.0,0.8,0.57142857,0.66666667,1.0,0.25,1.0,0.0,2.0,1.0,1.0,1.0,3.0,0.33333333,0.0,0.66666667,0.33333333,0.33333333,0.33333333,Erik Swanson,16587,3.0380080387414035,,0.83333333,,0.16666667,92.87999877929687,,84.5999984741211,-4.477000045776367,,-5.815000057220459,11.280999755859375,,7.945000171661377,0.6062669977545738,,-0.8746929168701172,6.062669977545738,,-43.73464584350586,0.4,0.71428571,0.58333333,0.0,0.8,0.57142857,0.58333333,0.16666667,0.83333333,,84.71929931640625,93.01840209960938,,-5.311059951782227,-4.039579010009765,,6.658149719238281,10.238209533691407,,-0.8746929168701172,0.6062669977545738,,-43.73464584350586,6.062669977545738,,0.4,0.71428571,0.58333333,0.0,0.8,0.57142857,0.58333333,3.0,81.7000020345052,-1.3333333333333333,0.0,0.0,95.8,1.0,0.33333333,2019-08-26,0
13,TOR,11,2019,SEA,H,25,0.0,0.0,0.0,1.0,0.0,0.0,0.0,0.0,0.0,0.0,1.0,3.0,0.0,0.0,0.0,0.0,1.0,0.0,0.0,0.0,0.0,0.0,0.0,9.0,0.0,0.0,0.0,0.0,2.0,0.0,0.0,0.0,0.0,0.0,0.0,0.0,0.33333333,-0.33333333,9.467798037544709,0.0,0.0,1.0,0.0,1.0,6.214009952545166,-6.214009952545166,6.214009952545166,0.0,137.2185708130181,135.4812492015053,2.0,0.0,1.0,0.0,0.0,0.0,0.0,0.0,6.0,10.0,16.0,0.018139999359846115,-0.008160009980201721,0.02630000002682209,0.5109999775886536,0.05161619931459427,0.31333300471305847,0.30000001192092896,0.30000001192092896,,0.0,1.0,0.037818800657987595,0.020074875038443477,0.0,0.0,0.8,92.5,0.06666667,88.0,,,0.13333333,87.0,0.0625,0.7139759659767151,0.12782397866249084,,-0.06873591244220734,5.949799716472626,12.782397866249084,,-3.436795622110367,0.42857143,0.75,0.6,0.33333333,1.0,0.77777778,0.53333333,0.66666667,0.125,0.0,2.0,0.0,1.0,0.0,1.0,2.0,0.0,1.0,0.0,0.5,0.0,0.5,Erik Swanson,16587,6.498833753586736,,0.75,0.0625,0.1875,92.38333129882812,88.0999984741211,86.43332926432292,-5.100000063578288,-2.5899999141693115,-6.486666361490886,11.370000203450521,5.71999979019165,9.489999771118164,0.7139759436249733,0.12782397866249084,-0.11064058914780617,5.949799530208111,12.782397866249084,-3.6880196382602057,0.25,0.875,0.5625,0.0,1.0,0.77777778,0.5,0.13333333,0.8,0.06666667,86.9197998046875,92.5346171061198,88.1781005859375,-6.58658504486084,-4.673190752665202,-1.8697799444198608,7.567914962768555,10.189441045125326,4.571239948272705,-0.06873591616749763,0.7139759436249733,0.12782397866249084,-3.4367958083748817,5.949799530208111,12.782397866249084,0.28571429,0.875,0.6,0.0,1.0,0.77777778,0.53333333,2.0,83.9000015258789,-3.0,0.0,0.0,103.3,1.0,0.5,2019-08-24,0
14,@TBR,11,2019,SEA,A,25,0.0,0.0,0.0,1.0,0.0,0.0,0.0,0.0,0.0,0.0,2.0,7.0,0.0,0.0,0.0,0.0,1.0,0.0,0.0,1.0,0.0,1.0,4.5,4.5,0.0,1.0,0.0,0.0,0.0,4.0,1.0,0.0,0.0,0.0,0.0,0.14285714,0.14285714,0.0,8.251943283155299,0.0,0.0,0.5,0.0,1.0,3.714009952545166,-3.714009952545166,7.6924259781837465,0.0,82.37497338944593,167.50328125159763,0.0,0.2,0.0,0.8,0.0,0.0,0.0,0.0,9.0,14.0,23.0,0.02731199935078621,-0.012667999602854252,0.039980098605155945,1.027999997138977,0.10336899757385254,0.24854999780654907,0.28299999237060547,0.31299999356269836,0.1703999936580658,1.0,1.0,0.10168299823999405,0.00820233506040545,0.0,0.0,0.73913043,93.05882353,0.17391304,84.0,,,0.08695652,86.5,,0.9317268133163452,0.31137922406196594,,0.12461673468351364,5.480745960684383,7.784480601549149,,6.230836734175682,0.08333333,0.63636364,0.34782609,1.0,0.71428571,0.75,0.47826087,0.57142857,0.08695652,1.0,1.0,3.0,0.0,3.0,2.0,5.0,0.2,0.2,0.6,0.0,0.6,0.4,Erik Swanson,16587,3.737845020162765,,0.73913043,0.17391304,0.08695652,92.87647202435662,84.10000610351562,86.44999694824219,-3.8458821913775276,1.6475000381469727,-6.440000534057617,12.024705774643841,2.0,9.354999542236328,0.9738910123705864,0.31137922778725624,0.12461673468351364,5.728770661003449,7.784480694681406,6.230836734175682,0.1,0.53846154,0.34782609,1.0,0.71428571,0.75,0.56521739,0.08695652,0.73913043,0.17391304,86.58149719238281,93.05544864430146,84.18402099609375,-5.9567999839782715,-3.329557082232307,2.3903698921203613,7.761059761047363,10.498714671415442,0.3401755392551422,0.12461673468351364,0.9738910123705864,0.31137922778725624,6.230836734175682,5.728770661003449,7.784480694681406,0.1,0.53846154,0.34782609,1.0,0.71428571,0.75,0.56521739,5.0,88.92000122070313,33.4,1.0,0.2,101.7,1.0,0.2,2019-08-19,0
15,@DET,11,2019,SEA,A,25,0.0,0.0,0.0,1.0,0.0,0.0,0.0,0.0,0.0,0.0,1.0,4.0,1.0,0.0,0.0,0.0,0.0,0.0,0.0,0.0,0.0,3.0,27.0,0.0,9.0,3.0,0.0,0.0,1.0,0.0,0.0,0.0,0.0,0.0,0.0,0.75,0.0,0.75,0.07626343488693288,0.0,0.25,1.0,1.0,1.0,-2.785990047454834,2.785990047454834,-2.785990047454834,0.0,-60.21837991184168,-59.455956194619844,1.0,0.0,1.0,0.0,0.0,0.0,0.0,0.0,7.0,13.0,20.0,0.009639989584684372,-0.006319960113614798,0.015960000455379486,0.5669999718666077,0.053239401429891586,0.18000000715255737,0.23600000143051147,0.23600000143051147,,0.0,1.0,0.030440500006079674,0.023114995558507087,0.0,0.0,0.75,93.4,0.1,87.0,,,0.15,87.33333333,,0.8450465202331543,-0.5530325770378113,,0.09927108883857727,5.633643468221028,-27.651628851890564,,3.309036294619242,0.27272727,0.66666667,0.45,0.33333333,0.5,0.44444444,0.45,0.5,0.25,1.0,0.0,0.0,0.0,1.0,0.0,1.0,1.0,0.0,0.0,0.0,1.0,0.0,Erik Swanson,16587,-1.8455578961717485,,0.75,0.1,0.15,93.286669921875,86.75,87.63333129882812,-4.08066660563151,2.944999933242798,-4.163333257039388,10.98866678873698,1.274999976158142,9.933333079020182,0.8450465127825737,-0.5530325695872307,0.09927108883857727,5.633643418550491,-27.651628479361534,3.309036294619242,0.44444444,0.45454545,0.45,0.25,0.6,0.44444444,0.55,0.15,0.75,0.1,87.59309895833333,93.29043782552084,86.70979309082031,-3.5799233118693032,-3.820000712076823,3.430535078048706,8.503437042236328,9.825586954752604,-0.18126049637794495,0.09927108883857727,0.8450465127825737,-0.5530325695872307,3.309036294619242,5.633643418550491,-27.651628479361534,0.44444444,0.45454545,0.45,0.25,0.6,0.44444444,0.55,1.0,89.19999694824219,-22.0,0.0,0.0,89.2,0.0,0.0,2019-08-13,0
16,SDP,11,2019,SEA,H,25,0.0,0.0,16.199967942301292,1.0,0.0,0.0,0.0,0.0,0.0,0.0,1.2,9.0,3.0,3.0,3.0,2.0,0.0,0.0,1.0,1.0,0.0,2.0,10.799978628200861,0.0,16.199967942301292,2.0,0.0,0.0,3.0,1.0,2.0,0.0,0.0,0.0,0.0,0.22222222,0.0,0.22222222,2.989724113361006,10.799978628200861,0.375,1.799996438033477,0.25,0.83333333,18.213980269490808,-2.0140123271895156,3.8075335857281316,364.32626027522946,400.46718727597107,83.35771833493494,3.0,0.33333333,0.5,0.16666667,0.0,2.0,0.0,0.0,16.0,23.0,39.0,-0.008559999987483025,-0.023600000888109207,0.015039999969303608,-2.0840001106262207,-0.21050499379634857,0.0982000008225441,0.08500000089406967,0.10599999874830246,0.009999999776482582,1.0,1.0,-0.34475699067115784,0.25758794875891095,0.0,0.0,0.69230769,92.7037037,0.30769231,85.16666667,,,,,,-2.8452796936035156,0.5281757116317749,,,-10.538072939272281,4.401464263598124,,,0.30769231,0.69230769,0.43589744,0.875,0.77777778,0.82352941,0.33333333,0.33333333,0.07692308,3.0,1.0,2.0,1.0,3.0,2.0,6.0,0.5,0.16666667,0.33333333,0.16666667,0.5,0.33333333,Erik Swanson,16587,22.04108320960373,,0.69230769,0.30769231,,92.66666666666667,85.10833231608073,,-5.059259485315393,2.5791667302449546,,11.423703794126157,1.5566666920979817,,-2.84527974948287,0.5281756818294525,,-10.538073146232852,4.401464015245438,,0.28571429,0.61111111,0.43589744,0.83333333,0.81818182,0.82352941,0.46153846,,0.69230769,0.30769231,,92.95974392361111,85.34529622395833,,-4.668156376591435,3.3103774388631186,,10.189815945095486,0.16315409541130066,,-2.84527974948287,0.5281756818294525,,-10.538073146232852,4.401464015245438,0.28571429,0.61111111,0.43589744,0.83333333,0.81818182,0.82352941,0.46153846,6.0,86.84999593098958,3.8333333333333335,1.0,0.16666667,114.3,2.0,0.33333333,2019-08-06,0
17,@TEX,11,2019,SEA,A,25,0.0,0.0,0.0,1.0,0.0,0.0,0.0,0.0,0.0,0.0,1.2,7.0,1.0,0.0,0.0,0.0,1.0,1.0,0.0,0.0,0.0,2.0,10.799978628200861,5.399989314100431,5.399989314100431,2.0,0.0,0.0,2.0,1.0,1.0,0.0,0.0,0.0,0.0,0.28571429,0.14285714,0.14285715,4.259412586777341,0.0,0.16666666666666666,1.1999976253556512,0.25,1.0,2.6140111398673405,-2.6140111398673405,3.8075335857281316,0.0,58.24381656988192,83.35771833493494,2.0,0.25,0.5,0.25,0.0,0.0,2.0,10.799978628200861,10.0,19.0,29.0,0.03313999995589256,-0.015799999237060547,0.04893999919295311,1.309000015258789,0.11046399921178818,0.35749998688697815,0.29600000381469727,0.2240000069141388,,0.0,1.0,0.08706329762935638,0.00563600634675708,0.0,0.0,0.65517241,94.05263158,0.13793103,88.0,0.20689655,87.0,,,0.03448276,0.3509737253189087,-0.048330508172512054,0.43020522594451904,,1.8472301332574141,-1.2082627043128014,7.170087099075317,,0.38461538,0.5625,0.48275862,0.6,0.77777778,0.71428571,0.55172414,0.85714286,0.13793103,4.0,0.0,0.0,0.0,3.0,1.0,4.0,1.0,0.0,0.0,0.0,0.75,0.25,Erik Swanson,16587,3.191122135467343,,0.65517241,0.13793103,0.20689655,93.90526058799342,87.875,86.91666666666667,-5.661578931306538,0.5149999856948853,-6.756666819254558,11.517894544099507,3.6600000858306885,7.2133331298828125,0.39313793927431107,-0.048330508172512054,0.43020523712038994,2.0691470488121633,-1.2082627043128014,7.170087285339832,0.30769231,0.625,0.48275862,0.5,0.8,0.71428571,0.55172414,0.2,0.63333333,0.13333333,87.12784830729167,94.13740619860198,88.04902648925781,-6.491098403930664,-5.307038959703948,1.4459810256958008,5.90116818745931,10.315878617136102,2.2136588096618652,0.43020523712038994,0.39313793927431107,-0.048330508172512054,7.170087285339832,2.0691470488121633,-1.2082627043128014,0.30769231,0.625,0.48275862,0.5,0.8,0.71428571,0.55172414,4.0,90.69999694824219,11.75,0.0,0.0,112.9,1.0,0.25,2019-07-31,0
18,DET,11,2019,SEA,H,25,0.0,0.0,0.0,1.0,1.0,0.0,0.0,0.0,0.0,0.0,2.0,7.0,0.0,0.0,0.0,0.0,1.0,0.0,0.0,0.0,0.0,3.0,13.5,4.5,0.0,3.0,0.0,0.0,0.0,3.0,0.0,0.0,0.0,0.0,0.0,0.42857143,0.14285714,0.28571429,4.04933099237183,0.0,0.0,0.5,0.0,1.0,1.7140099525451662,-1.7140099525451662,4.697821971774101,0.0,38.5000954505882,102.64108833187137,0.0,0.0,0.0,1.0,0.0,0.0,0.0,0.0,15.0,17.0,32.0,0.09969999641180038,-0.050680000334978104,0.1503800004720688,1.0220999717712402,0.10324200242757797,0.9712499976158142,0.8999999761581421,0.8700000047683716,0.9900000095367432,1.0,1.0,0.10327000170946121,-0.0006187825006684633,0.0,0.0,0.84375,91.92592593,0.125,86.25,0.03125,86.0,,,,1.2554043531417847,0.14474904537200928,-0.050806157290935516,,4.649645752376981,3.618726134300232,-5.080615729093552,,0.3,0.66666667,0.4375,0.5,0.75,0.64285714,0.375,0.28571429,0.15625,1.0,1.0,1.0,0.0,2.0,1.0,3.0,0.33333333,0.33333333,0.33333333,0.0,0.66666667,0.33333333,Erik Swanson,16587,0.42543157567749623,55.0,0.84375,0.09375,0.0625,91.9407371238426,86.36666870117188,86.1500015258789,-5.044444331416377,0.3633333444595337,-4.920000076293945,10.864444308810764,2.756666819254557,5.369999885559082,1.2554043419659138,0.18365976586937904,-0.08971688523888588,4.649645710984865,6.1219921956459675,-4.485844261944294,0.17647059,0.73333333,0.4375,0.66666667,0.63636364,0.64285714,0.46875,0.125,0.84375,0.03125,87.05712127685547,92.21109121817129,84.24800109863281,-2.4820549488067627,-4.585120307074653,2.8858299255371094,3.5787975788116455,9.76795337818287,-1.1481800079345703,-0.13337790966033936,1.2554043419659138,0.22732079029083252,-3.334447741508484,4.649645710984865,22.732079029083252,0.22222222,0.71428571,0.4375,0.75,0.6,0.64285714,0.4375,3.0,93.93332926432292,45.0,0.0,0.0,97.3,2.0,0.66666667,2019-07-25,0
19,LAA,11,2019,SEA,H,25,0.0,0.0,4.5,1.0,0.0,0.0,0.0,0.0,0.0,0.0,2.0,7.0,2.0,1.0,1.0,1.0,0.0,0.0,0.0,0.0,0.0,1.0,4.5,0.0,9.0,1.0,0.0,0.0,4.0,1.0,1.0,0.0,0.0,0.0,0.0,0.14285714,0.0,0.14285714,2.8824535082108103,4.5,0.2857142857142857,1.0,0.2,1.0,8.714009952545165,-4.214009952545165,3.2086139589548113,101.20193923085242,192.06216823659022,70.38530519048146,4.0,0.16666667,0.66666667,0.16666667,0.0,1.0,1.0,4.5,10.0,20.0,30.0,-0.00019999999494757503,-0.004720000084489584,0.004519999958574772,0.02199999988079071,0.0022222199477255344,0.027714300900697708,0.041999999433755875,0.052000001072883606,0.019999999552965164,1.0,1.0,0.009982679970562458,-0.017199170679247085,0.0,0.0,0.66666667,93.5,0.26666667,87.5,0.06666667,85.0,,,,1.0572842359542847,-0.09052345156669617,-1.4513782262802124,,5.286421179771423,-1.131543144583702,-72.56891131401062,,0.21428571,0.75,0.5,1.0,1.0,1.0,0.53333333,0.57142857,0.0,2.0,4.0,0.0,0.0,3.0,3.0,6.0,0.33333333,0.66666667,0.0,0.0,0.5,0.5,Erik Swanson,16587,9.846743642380849,,0.66666667,0.26666667,0.06666667,93.43499755859375,87.4375,85.4000015258789,-4.66349983215332,0.32750001549720764,-6.815000057220459,10.844000244140625,3.466249942779541,6.619999885559082,1.0572842247784138,-0.09052344784140587,-1.4513782039284706,5.286421123892069,-1.1315430980175734,-72.56891019642353,0.18181818,0.68421053,0.5,1.0,1.0,1.0,0.63333333,0.06666667,0.66666667,0.26666667,85.60375213623047,93.62733154296875,87.57482147216797,-6.536755084991455,-4.243851089477539,0.9031776785850525,5.646719932556152,9.714474487304688,2.064645290374756,-1.4513782039284706,1.0572842247784138,-0.09052344784140587,-72.56891019642353,5.286421123892069,-1.1315430980175734,0.1,0.7,0.5,1.0,1.0,1.0,0.66666667,6.0,89.51666259765625,4.5,0.0,0.0,106.1,3.0,0.5,2019-07-21,0
20,@OAK,11,2019,SEA,A,25,0.0,0.0,9.0,1.0,1.0,0.0,0.0,0.0,0.0,0.0,2.0,9.0,2.0,2.0,2.0,1.0,1.0,0.0,0.0,0.0,0.0,2.0,9.0,4.5,9.0,2.0,0.0,0.0,2.0,4.0,0.0,2.0,0.0,0.0,0.0,0.22222222,0.11111111,0.11111111,5.415835203112118,4.5,0.25,1.5,0.2,0.625,9.214009952545165,-0.2140099525451653,6.6924259781837465,202.40387846170483,203.03088772130465,145.84359176313927,0.5,0.0,0.33333333,0.66666667,0.5,0.25,2.0,9.0,15.0,33.0,48.0,-0.11022800207138062,-0.24465200304985046,0.13442400097846985,-0.9679999947547913,-0.097188800573349,0.8322669863700867,0.9200000166893005,0.8700000047683716,0.9900000095367432,1.0,1.0,-0.059859499335289,-0.07258357948024532,0.0,0.0,0.60416667,93.31034483,0.27083333,86.07692308,0.125,84.83333333,,,,-1.2957491874694824,0.37046924233436584,0.04513845220208168,,-4.468100646446492,2.8497634025720453,0.7523075367013614,,0.24,0.73913043,0.47916667,0.83333333,0.82352941,0.82608696,0.47916667,0.55555556,0.08333333,2.0,3.0,1.0,2.0,2.0,2.0,6.0,0.33333333,0.5,0.16666667,0.33333333,0.33333333,0.33333333,Erik Swanson,16587,5.475705499948711,38.0,0.60416667,0.27083333,0.125,93.29999831627156,86.15384615384616,84.89999898274739,-5.752414045662715,0.4415384806119479,-7.031666437784831,10.358620479189117,2.7792308513934794,5.598333358764648,-1.2693929225206375,0.37046924978494644,0.04513845220208168,-4.377216974209095,2.8497634598842034,0.7523075367013614,0.25,0.64285714,0.47916667,0.8,0.83333333,0.82608696,0.58333333,0.125,0.60416667,0.27083333,85.02994791666667,93.44744241648706,86.24607496995192,-6.445123036702474,-5.148406456256735,1.4085140228271484,4.288818359375,9.21912357724946,1.4476698361910307,0.04513845220208168,-1.2693929225206375,0.37046924978494644,0.7523075367013614,-4.377216974209095,2.8497634598842034,0.25,0.64285714,0.47916667,0.8,0.83333333,0.82608696,0.58333333,6.0,92.35999755859375,22.0,1.0,0.16666667,100.4,2.0,0.33333333,2019-07-17,0
21,MIN,11,2019,SEA,H,25,0.0,1.0,24.0,1.0,1.0,0.0,0.0,0.0,0.0,0.0,3.0,18.0,9.0,8.0,8.0,4.0,0.0,0.0,0.0,0.0,0.0,3.0,9.0,0.0,27.0,3.0,0.25,0.0,4.0,5.0,6.0,0.0,1.0,0.0,0.0,0.16666667,0.0,0.16666667,4.615418493784896,12.0,0.5,3.0,0.45454545454545453,0.29411765,18.5473432858785,5.452656714121499,4.529356640577317,539.7436758978795,407.7803181026408,98.99218156857872,0.8,0.4,0.26666667,0.33333333,0.0,0.8,1.0,3.0,20.0,44.0,64.0,-0.42028000950813293,-0.6011599898338318,0.18087999522686005,-6.466899871826172,-0.6532220244407654,0.8135560154914856,0.9235000014305115,0.8700000047683716,0.09399999678134918,1.0,1.0,-0.485029011964798,-0.03156726598692161,0.0,0.0,0.625,92.65,0.234375,85.46666667,0.140625,84.77777778,,,,-5.180874824523926,-0.3113202452659607,-1.0804705619812012,,-12.952187061309814,-2.0754683017730713,-12.00522846645779,,0.21428571,0.80555556,0.546875,0.83333333,0.86206897,0.85714286,0.5625,0.72222222,0.078125,9.0,4.0,2.0,0.0,9.0,6.0,15.0,0.6,0.26666667,0.13333333,0.0,0.6,0.4,Erik Swanson,16587,21.266198587710715,-3.0,0.625,0.234375,0.140625,92.58499755859376,85.5066650390625,84.72222222222223,-5.269250106811524,1.3813332875569662,-6.424444410536024,10.748500061035156,1.5719999949137369,6.601111094156901,-4.0636743158102036,-0.3113202303647995,-1.080470584332943,-10.159185789525509,-2.075468202431997,-12.005228714810476,0.19230769,0.78947368,0.546875,0.8,0.86666667,0.85714286,0.59375,0.140625,0.625,0.234375,84.93012152777777,92.7957763671875,85.66529947916666,-6.012951321072048,-4.847676467895508,2.187981669108073,5.305383470323351,9.635688018798827,0.26318713823954265,-1.080470584332943,-4.0636743158102036,-0.3113202303647995,-12.005228714810476,-10.159185789525509,-2.075468202431997,0.2,0.76923077,0.546875,0.8,0.86666667,0.85714286,0.609375,15.0,99.03999837239583,14.066666666666666,5.0,0.33333333,114.3,9.0,0.6,2019-05-16,0
22,@BOS,11,2019,SEA,A,25,0.0,1.0,13.49999080386107,1.0,1.0,0.0,0.0,0.0,0.0,0.0,4.2,22.0,7.0,7.0,7.0,2.0,0.0,0.0,0.0,0.0,0.0,4.0,7.714280459349183,0.0,13.49999080386107,4.0,0.14285714,0.0,7.0,7.0,4.0,0.0,1.0,0.0,0.0,0.18181818,0.0,0.18181818,4.333468519038007,3.8571402296745916,0.3181818181818182,1.4999989782067855,0.3125,0.0,7.071150182219758,6.428840621641313,4.483535392692811,303.6056108776477,156.02203228974668,97.99970756742667,1.0,0.22222222,0.38888889,0.38888889,0.0,0.28571429,0.0,0.0,27.0,54.0,81.0,-0.23093199729919434,-0.46072399616241455,0.22979199886322021,-3.3450000286102295,-0.29973098635673523,0.641273021697998,0.6583200097084045,0.8700000047683716,0.147599995136261,1.0,1.0,-0.20916199684143066,-0.15095294560183614,0.0,0.0,0.65432099,93.45283019,0.18518519,82.53333333,0.16049383,85.61538462,,,,0.7696200013160706,0.39178791642189026,-3.5259358882904053,,1.4521132100303218,2.6119194428126016,-27.122583756080044,,0.39130435,0.65714286,0.50617284,0.72222222,0.7826087,0.75609756,0.43209877,0.63636364,0.12345679,5.0,6.0,7.0,0.0,11.0,7.0,18.0,0.27777778,0.33333333,0.38888889,0.0,0.61111111,0.38888889,Erik Swanson,16587,6.920669220783874,27.0,0.65432099,0.18518519,0.16049383,93.41887160966981,82.54666341145834,85.39999624399039,-5.177358375405365,2.674000040690104,-6.47999983567458,11.177546663104364,0.6260000228881836,6.752307598407452,0.7696200273931026,0.39178790897130966,-3.483771651983261,1.4521132592322692,2.6119193931420646,-26.798243476794315,0.38095238,0.64102564,0.50617284,0.75,0.76,0.75609756,0.48148148,0.16049383,0.65432099,0.18518519,85.6036376953125,93.64056051002359,82.71612141927083,-6.273762629582332,-4.781209981666421,3.242077382405599,5.183350196251502,9.921249677550119,-0.9459661483764649,-3.483771651983261,0.7696200273931026,0.39178790897130966,-26.798243476794315,1.4521132592322692,2.6119193931420646,0.38095238,0.64102564,0.50617284,0.75,0.76,0.75609756,0.48148148,18.0,93.82777913411458,14.666666666666666,2.0,0.11111111,108.9,10.0,0.55555556,2019-05-10,0
23,@CLE,11,2019,SEA,A,25,1.0,0.0,0.0,1.0,1.0,0.0,0.0,0.0,0.0,0.0,6.0,22.0,1.0,0.0,0.0,0.0,3.0,0.0,0.0,0.0,0.0,3.0,4.5,4.5,1.5,1.0,0.0,0.0,5.0,7.0,4.0,2.0,0.0,0.0,0.0,0.13636364,0.13636364,0.0,6.610022216121106,0.0,0.05263157894736842,0.6666666666666666,0.0625,1.0,3.7140099525451666,-3.7140099525451666,6.034752634167672,0.0,82.37497338944593,131.59859134691504,0.71428571,0.25,0.3125,0.4375,0.28571429,0.0,10.0,15.0,43.0,63.0,106.0,0.1356000006198883,-0.0177800003439188,0.15338000655174255,3.5999999046325684,0.32432401180267334,0.28545498847961426,0.4046669900417328,0.7559999823570251,0.03799999877810478,1.0,1.0,0.29079899191856384,0.18423212013913337,0.0,0.0,0.6509434,92.89855072,0.0754717,85.125,0.27358491,86.27586207,,,,1.5203070640563965,0.32359448075294495,1.1906538009643555,,2.203343571096227,4.044931009411812,4.105702761946054,,0.29230769,0.70731707,0.45283019,0.89473684,0.93103448,0.91666667,0.38679245,0.45454545,0.03773585,5.0,6.0,5.0,4.0,9.0,3.0,16.0,0.3125,0.375,0.3125,0.25,0.5625,0.1875,Erik Swanson,16587,4.091521575057017,73.0,0.64150943,0.0754717,0.28301887,92.95735437729779,85.1875,86.29666341145834,-5.639411926269531,0.6187499761581421,-6.247000122070313,10.493234970990349,2.083750009536743,6.6026667277018225,1.6245130077004433,0.3657586984336376,1.128612071275711,2.388989717206534,4.57198373042047,3.762040237585704,0.25,0.64814815,0.45283019,0.84615385,0.94285714,0.91666667,0.50943396,0.27358491,0.6509434,0.0754717,86.45048996497844,93.14476477581522,85.37321472167969,-6.043603831324084,-5.237297610960145,1.2590981721878052,5.160320939688847,9.330801701200182,0.8493024706840515,1.1906537637114525,1.5624713152647018,0.3657586984336376,4.105702633487767,2.264451181543046,4.57198373042047,0.25,0.64814815,0.45283019,0.84615385,0.94285714,0.91666667,0.50943396,16.0,88.6937484741211,19.5,1.0,0.0625,105.4,5.0,0.3125,2019-05-05,0
24,TEX,11,2019,SEA,H,25,0.0,1.0,13.5,1.0,1.0,0.0,0.0,0.0,0.0,0.0,4.0,24.0,11.0,9.0,6.0,2.0,0.0,0.0,0.0,0.0,0.0,2.0,4.5,0.0,24.75,2.0,0.25,0.0,8.0,9.0,5.0,0.0,2.0,0.0,0.0,0.08333333,0.0,0.08333333,5.709315573176516,4.5,0.4583333333333333,2.75,0.45,0.24390244,8.714009952545165,4.785990047454835,6.689727981388569,303.6058176925572,192.06216823659022,145.78515399031488,0.88888889,0.22727273,0.36363636,0.40909091,0.0,0.22222222,1.0,2.25,20.0,49.0,69.0,-0.36111998558044434,-0.6180599927902222,0.25694000720977783,-6.879899978637695,-0.6949390172958374,0.7317600250244141,0.6255999803543091,0.8700000047683716,0.07199999690055847,1.0,1.0,-0.507669985294342,0.014174886859037228,0.0,0.0,0.72463768,91.72,0.14492754,86.3,0.13043478,85.0,,,,-0.31912195682525635,-3.252790689468384,-1.7486271858215332,,-0.6382439136505127,-32.52790689468384,-19.429190953572594,,0.3030303,0.69444444,0.50724638,0.9,0.96,0.94285714,0.52173913,0.66666667,0.02898551,6.0,9.0,7.0,1.0,16.0,5.0,22.0,0.27272727,0.40909091,0.31818182,0.04545455,0.72727273,0.22727273,Erik Swanson,16587,7.638097626442968,7.0,0.72463768,0.13043478,0.14492754,91.62599609375,86.10000271267361,85.32000122070312,-5.8447998046875,-0.8644444677564833,-5.911000061035156,10.531600341796874,5.4633331298828125,6.43499984741211,0.9735318645834923,-1.9751896746456623,-3.0262282714247704,1.9470637291669848,-21.94655194050736,-30.2622827142477,0.33333333,0.61904762,0.50724638,0.88888889,0.96153846,0.94285714,0.60869565,0.13043478,0.72463768,0.14492754,85.3843994140625,91.95041015625,86.55390014648438,-5.51303227742513,-5.484487915039063,-0.9387957572937011,5.698025597466363,9.330565795898437,3.9511199951171876,-1.7486271671950817,0.9735318645834923,-3.252790778875351,-19.42919074661202,1.9470637291669848,-32.52790778875351,0.33333333,0.61904762,0.50724638,0.88888889,0.96153846,0.94285714,0.60869565,22.0,93.74091131036931,14.227272727272727,2.0,0.09090909,109.3,11.0,0.5,2019-04-28,0
25,@SDP,11,2019,SEA,A,25,0.0,1.0,6.352937612568568,1.0,1.0,0.0,0.0,0.0,0.0,0.0,5.2,25.0,7.0,5.0,4.0,2.0,0.0,0.0,0.0,0.0,0.0,3.0,4.7647032094264254,0.0,11.117640821994993,3.0,0.16666667,1.0,6.0,12.0,2.0,3.0,1.0,2.0,2.0,0.12,0.0,0.12,5.808566334886932,3.176468806284284,0.28,1.2352934246661105,0.25,0.47619048,6.743419737305482,-0.3904821247369137,6.367625151737887,142.87324582323572,148.83246565601598,138.80850671672732,0.5,0.1,0.3,0.6,0.25,0.16666667,2.0,3.176468806284284,20.0,63.0,83.0,-0.2040960043668747,-0.44785600900650024,0.24376000463962555,-1.343999981880188,-0.1386999934911728,0.5974239706993103,0.7174670100212097,0.8700000047683716,0.7251999974250793,1.0,1.0,-0.23249700665473938,-0.1091297347831236,0.0,0.0,0.55421687,92.2826087,0.40963855,85.85294118,0.03614458,83.33333333,,,,-2.544210433959961,1.2313483953475952,0.06683456897735596,,-5.530892247739046,3.621612927492927,2.2278189659118652,,0.41025641,0.84090909,0.63855422,0.9375,0.83783784,0.86792453,0.53012048,0.84,0.08433735,8.0,9.0,5.0,3.0,10.0,9.0,22.0,0.36363636,0.40909091,0.22727273,0.13636364,0.45454545,0.40909091,Erik Swanson,16587,4.86650625192931,38.0,0.55421687,0.36144578,0.08433735,92.22826086956522,85.663330078125,84.95714460100446,-6.053913282311481,0.20533332824707032,-4.558571406773159,10.252391649329144,3.644666798909505,5.341428484235491,-2.51785421743989,0.9809585735201836,0.3435806669294834,-5.473596124869326,3.269861911733945,4.908295241849763,0.36363636,0.82,0.63855422,0.91666667,0.85365854,0.86792453,0.60240964,0.14457831,0.55421687,0.30120482,85.8101298014323,92.4700237771739,85.695322265625,-3.083994229634603,-5.638285097868546,1.3560545349121094,3.633023262023926,9.021135413128397,2.0560546875,0.7134049385786057,-2.51785421743989,0.6111343018710613,5.945041154821714,-5.473596124869326,2.4445372074842453,0.33333333,0.84,0.63855422,0.90909091,0.85714286,0.86792453,0.60240964,22.0,88.275,23.1,2.0,0.09090909,106.7,7.0,0.31818182,2019-04-23,0
26,CLE,11,2019,SEA,H,25,0.0,1.0,1.5,1.0,1.0,0.0,0.0,0.0,0.0,0.0,6.0,20.0,2.0,1.0,1.0,1.0,0.0,0.0,0.0,0.0,0.0,5.0,7.5,0.0,3.0,5.0,0.0,0.0,5.0,5.0,5.0,1.0,0.0,0.0,0.0,0.25,0.0,0.25,3.5447009348869325,1.5,0.1,0.3333333333333333,0.07142857142857142,1.0,3.7140099525451666,-2.2140099525451666,3.2050166298945753,33.73397974361747,82.37497338944593,70.30738816004893,1.0,0.33333333,0.33333333,0.33333333,0.2,0.2,0.0,0.0,31.0,50.0,81.0,0.18637999892234802,-0.15785999596118927,0.3442400097846985,2.0660998821258545,0.20869700610637665,0.73580002784729,1.0063300132751465,0.8700000047683716,0.9900000095367432,1.0,1.0,0.26471200585365295,-0.011409489043977261,0.0,0.0,0.64197531,91.67307692,0.14814815,84.72727273,0.20987654,84.58823529,,,,1.1578153371810913,0.47014033794403076,1.3718631267547607,,2.226567956117483,3.91783614953359,8.069783098557416,,0.23684211,0.62790698,0.44444444,0.55555556,0.77777778,0.72222222,0.5308642,0.55,0.12345679,8.0,5.0,2.0,3.0,5.0,7.0,15.0,0.53333333,0.33333333,0.13333333,0.2,0.33333333,0.46666667,Erik Swanson,16587,5.149973578903973,70.0,0.6375,0.15,0.2125,91.73529411764706,84.5499979654948,85.0,-5.496078192018995,1.3658332824707031,-5.155294081744025,10.639804017310048,3.557499885559082,6.8076472562902115,1.1604417450726032,0.5637095645070076,1.4252628572285175,2.2753759707305945,4.697579704225063,8.38389916016775,0.22222222,0.63636364,0.45,0.5,0.78571429,0.72222222,0.55,0.22222222,0.62962963,0.13580247,85.36263699001736,91.98114851409314,85.06011962890625,-4.830506218804254,-5.197103462967218,2.1695679751309482,5.3737305535210504,9.515864353553921,2.1658796830610796,1.3842021338641644,1.2561609782278538,0.5090510547161102,7.690011854800913,2.4630607416232424,4.627736861055547,0.17142857,0.66666667,0.45,0.5,0.76666667,0.72222222,0.5625,15.0,89.85333658854167,12.0,1.0,0.06666667,107.2,6.0,0.4,2019-04-17,0
27,@KCR,11,2019,SEA,A,25,0.0,0.0,9.0,1.0,0.0,0.0,0.0,0.0,0.0,0.0,2.0,11.0,3.0,2.0,2.0,0.0,2.0,0.0,0.0,0.0,0.0,4.0,18.0,9.0,13.5,2.0,0.0,0.0,1.0,2.0,2.0,0.0,0.0,0.0,0.0,0.36363636,0.18181818,0.18181818,4.197030487496024,0.0,0.3333333333333333,2.5,0.6,0.6,2.214009952545166,6.785990047454834,4.203217965364456,202.40387846170483,49.46881493530263,91.928119133291,0.5,0.4,0.2,0.4,0.0,0.0,3.0,13.5,20.0,24.0,44.0,-0.12116000056266785,-0.2031800001859665,0.08201999962329865,-0.8479999899864197,-0.07873719930648804,0.5447270274162292,0.5493999719619751,0.8180000185966492,2.328000068664551,1.0,1.0,-0.12363599985837936,-0.0987873323147253,0.0,1.0,0.81818182,92.61111111,0.15909091,84.14285714,0.02272727,85.0,,,,-1.3518586158752441,0.1406557857990265,0.21696186065673828,,-3.755162821875678,2.009368368557521,21.696186065673828,,0.28,0.68421053,0.45454545,0.57142857,0.53846154,0.55,0.43181818,0.54545455,0.20454545,0.0,2.0,3.0,1.0,4.0,0.0,5.0,0.0,0.4,0.6,0.2,0.8,0.0,Erik Swanson,16587,3.826909778849768,,0.81818182,0.15909091,0.02272727,92.56389024522569,84.14285714285714,84.80000305175781,-5.285833146837023,2.0271427971976146,-7.03000020980835,11.332221984863281,2.0642856870378767,8.220000267028809,-1.3518585935235023,0.1406557857990265,0.21696186065673828,-3.7551627597875066,2.009368368557521,21.696186065673828,0.21052632,0.64,0.45454545,0.5,0.5625,0.55,0.56818182,0.02272727,0.81818182,0.15909091,85.1510009765625,92.95650227864583,84.44166782924107,-6.831470012664795,-4.906311459011501,2.669072832380022,7.064390182495117,10.219037373860678,0.5714936937604632,0.21696186065673828,-1.3518585935235023,0.1406557857990265,21.696186065673828,-3.7551627597875066,2.009368368557521,0.21052632,0.64,0.45454545,0.25,0.625,0.55,0.56818182,5.0,88.69999694824219,14.0,0.0,0.0,98.6,1.0,0.2,2019-04-11,0
