,Opp,teamid,season,Team,HomeAway,Age,W,L,ERA,G,GS,CG,ShO,SV,HLD,BS,IP,TBF,H,R,ER,HR,BB,IBB,HBP,WP,BK,SO,K/9,BB/9,H/9,K/BB,IFH%,BUH%,GB,FB,LD,IFFB,IFH,BU,BUH,K%,BB%,K-BB%,SIERA,HR/9,AVG,WHIP,BABIP,LOB%,FIP,E-F,xFIP,ERA-,FIP-,xFIP-,GB/FB,LD%,GB%,FB%,IFFB%,HR/FB,RS,RS/9,Balls,Strikes,Pitches,WPA,-WPA,+WPA,RE24,REW,pLI,inLI,gmLI,exLI,Pulls,Games,WPA/LI,Clutch,SD,MD,FB%1,FBv,SL%,SLv,CT%,CTv,CB%,CBv,CH%,CHv,wFB,wSL,wCT,wCB,wCH,wFB/C,wSL/C,wCT/C,wCB/C,wCH/C,O-Swing%,Z-Swing%,Swing%,O-Contact%,Z-Contact%,Contact%,Zone%,F-Strike%,SwStr%,Pull,Cent,Oppo,Soft,Med,Hard,bipCount,Pull%,Cent%,Oppo%,Soft%,Med%,Hard%,PlayerName,playerid,tERA,GSv2,pfxFA%,pfxFC%,pfxFS%,pfxCU%,pfxvFA,pfxvFC,pfxvFS,pfxvCU,pfxFA-X,pfxFC-X,pfxFS-X,pfxCU-X,pfxFA-Z,pfxFC-Z,pfxFS-Z,pfxCU-Z,pfxwFA,pfxwFC,pfxwFS,pfxwCU,pfxwFA/C,pfxwFC/C,pfxwFS/C,pfxwCU/C,pfxO-Swing%,pfxZ-Swing%,pfxSwing%,pfxO-Contact%,pfxZ-Contact%,pfxContact%,pfxZone%,piCU%,piFA%,piFC%,piFS%,piSI%,piSL%,pivCU,pivFA,pivFC,pivFS,pivSI,pivSL,piCU-X,piFA-X,piFC-X,piFS-X,piSI-X,piSL-X,piCU-Z,piFA-Z,piFC-Z,piFS-Z,piSI-Z,piSL-Z,piwCU,piwFA,piwFC,piwFS,piwSI,piwSL,piwCU/C,piwFA/C,piwFC/C,piwFS/C,piwSI/C,piwSL/C,piO-Swing%,piZ-Swing%,piSwing%,piO-Contact%,piZ-Contact%,piContact%,piZone%,Events,EV,LA,Barrels,Barrel%,maxEV,HardHit,HardHit%,gamedate,dh
0,- - -,8,2019,- - -,H,29,15.0,7.0,3.509433837283252,30.0,30.0,0.0,0.0,0.0,0.0,0.0,159.0,658.0,139.0,65.0,62.0,16.0,53.0,0.0,4.0,4.0,0.0,178.0,10.075471339297078,2.9999998931614895,7.867924248102774,3.35849057,0.03472222,0.41666667,144.0,182.0,85.0,20.0,5.0,12.0,5.0,0.27051672,0.08054711,0.18996961,4.1440250876615945,0.9056603451053553,0.23128119800332778,1.2075471268071405,0.3022113022113022,0.75460829,3.358664035443938,0.150769801839314,4.327442984170082,75.32851500592277,73.68434400848341,94.61879446731878,0.79120879,0.20681265,0.35036496,0.44282238,0.10989011,0.08791209,101.0,5.716980928477556,1012.0,1775.0,2787.0,2.4268499575555325,-9.85182799398899,12.278677962720394,25.587999910116196,2.449371909722686,0.9794464770632118,0.9537974947906402,0.8740666727224986,1.2540399977316459,30.0,30.0,2.17116931732744,0.30660768671288174,0.0,0.0,0.5780409,92.92608696,0.1392178,84.80878553,0.04843918,87.6641791,0.06494438,75.40883978,0.16935773,85.20338983,20.797793060541153,2.4803735837340355,0.9413973242044449,-3.497989736497402,-1.456892292946577,1.2909865338635105,0.6392715421994937,0.6973313512625517,-1.932591014639449,-0.30866362138698666,0.31812577,0.72703863,0.48905633,0.66085271,0.78748524,0.73954512,0.4180122,0.58358663,0.12737711,156.0,141.0,126.0,62.0,182.0,179.0,423.0,0.36879433,0.33333333,0.29787234,0.1465721,0.43026005,0.42316785,Jake Odorizzi,6397,3.520833937561413,58.0,0.57938218,0.18426724,0.17133621,0.06501437,92.85592032690928,85.45165640847725,85.15765201720552,75.38176731510057,-6.30354615582196,2.709551673651206,-6.600293545353088,4.658950264282648,9.491128277054353,4.022748519570275,3.720377340256793,-6.3777348270732395,20.624427177011967,4.200117386877537,-1.3065119609236717,-2.3544328212738037,1.2786377667087394,0.818736332724666,-0.2739018786003505,-1.3007916139634275,0.30196629,0.68602941,0.48958333,0.62093023,0.79421222,0.73954512,0.48850575,0.06463196,0.26714542,0.07755835,0.16912029,0.30736086,0.10879713,75.3700050354004,92.7774412913989,86.72800187711363,85.11263406352633,93.00574115503615,84.63474621159015,5.036430603928036,-4.757769518001105,2.5382981534909317,-6.495739886208957,-7.175598991251437,3.530826909313894,-8.047901617156136,9.086653770938996,4.008442344488921,2.263302096389155,7.958213694741793,1.9640602573703225,-2.400005791336298,12.252842504531145,1.513727568089962,-1.533988431096077,8.760574825108051,2.0182743445038795,-1.3333365507423878,1.6468874334047239,0.7007998000416491,-0.3256875649885514,1.0234316384472022,0.6660971434006203,0.30379747,0.6835536,0.48958333,0.62037037,0.79484425,0.73954512,0.48922414,423.0,89.23722642587629,18.131386861313867,29.0,0.06855792,114.4,153.0,0.36170213,2050-01-01,0
1,@DET,8,2019,MIN,A,29,1.0,0.0,1.5,1.0,1.0,0.0,0.0,0.0,0.0,0.0,6.0,21.0,2.0,1.0,1.0,0.0,1.0,0.0,0.0,0.0,0.0,7.0,10.5,1.5,3.0,7.0,0.0,1.0,4.0,8.0,0.0,2.0,0.0,1.0,1.0,0.33333333,0.04761905,0.28571428,3.3488662396266835,0.0,0.1,0.5,0.15384615384615385,0.66666667,1.3806766192118334,0.11932338078816662,4.032953969637553,32.19686643141132,30.813241090604837,88.2402538547821,0.5,0.0,0.33333333,0.66666667,0.25,0.0,4.0,6.0,33.0,60.0,93.0,0.2057799994945526,-0.11404000222682953,0.31981998682022095,2.4019999504089355,0.22553999722003937,0.7678099870681763,0.8483330011367798,0.8700000047683716,1.1640000343322754,1.0,1.0,0.31269600987434387,-0.04468699337234733,0.0,0.0,0.74193548,93.27536232,0.04301075,86.0,0.02150538,87.5,0.01075269,76.0,0.1827957,85.70588235,2.046809673309326,0.7594265341758728,0.041470155119895935,0.04557297006249428,0.19166964292526245,2.9663908308830815,18.98566335439682,2.0735077559947968,4.557297006249428,1.1274684877956616,0.30188679,0.85,0.53763441,0.8125,0.58823529,0.66,0.43010753,0.57142857,0.1827957,6.0,2.0,5.0,2.0,8.0,3.0,13.0,0.46153846,0.15384615,0.38461538,0.15384615,0.61538462,0.23076923,Jake Odorizzi,6397,-0.3422562589986953,76.0,0.74193548,0.06451613,0.1827957,0.01075269,93.15942028985508,86.34999593098958,85.64117790670956,76.4000015258789,-6.452898550724638,3.0333334604899087,-6.45647071389591,3.2899999618530273,9.381594450577445,5.726666768391927,3.8523528155158546,-5.329999923706055,2.0731658339500427,0.8008967079222202,0.19166963919997215,0.04557297006249428,3.0045881651449893,13.348278465370337,1.1274684658821892,4.557297006249428,0.26190476,0.76470588,0.53763441,0.90909091,0.58974359,0.66,0.5483871,,0.53763441,0.06451613,0.1827957,0.20430108,0.01075269,,93.028466796875,86.37306722005208,85.62555290670956,93.5958187705592,76.37039947509766,,-5.468121948242188,3.5517215728759766,-6.296514623305377,-8.000527632863898,3.487529993057251,,8.732052612304688,4.097880045572917,2.1156676797305836,6.982695730108964,-6.877429962158203,,0.964147686958313,0.8008967079222202,0.19166963919997215,1.1090181469917297,0.04557297006249428,,1.9282953739166262,13.348278465370337,1.1274684658821892,5.8369376157459465,4.557297006249428,0.27272727,0.7755102,0.53763441,0.91666667,0.57894737,0.66,0.52688172,13.0,87.72499593098958,29.916666666666668,0.0,0.0,106.0,3.0,0.23076923,2019-09-24,0
2,CHW,8,2019,MIN,H,29,0.0,1.0,3.176468806284284,1.0,1.0,0.0,0.0,0.0,0.0,0.0,5.2,23.0,7.0,2.0,2.0,0.0,1.0,0.0,0.0,0.0,0.0,9.0,14.294109628279278,1.588234403142142,11.117640821994993,9.0,0.16666667,0.0,6.0,3.0,4.0,0.0,1.0,0.0,0.0,0.39130435,0.04347826,0.34782609,2.4412961396277453,0.0,0.3181818181818182,1.4117639139041263,0.5384615384615384,0.75,0.5669526139749297,2.6095161923093544,1.6200621476301336,68.18156125298643,13.176503218069223,35.977766220860865,2.0,0.30769231,0.46153846,0.23076923,0.0,0.0,0.0,0.0,33.0,61.0,94.0,0.05660799890756607,-0.4184119999408722,0.47501999139785767,0.9114000201225281,0.08581919968128204,1.0636199712753296,0.93293297290802,0.8700000047683716,1.3411999940872192,1.0,1.0,0.028087999671697617,0.025134016119986377,0.0,0.0,0.60638298,93.26315789,0.17021277,85.5,0.05319149,87.4,0.0106383,75.0,0.15957447,85.2,1.1317249536514282,0.7110991477966309,-0.0027609653770923615,-0.03891072794795036,-1.260024905204773,1.9854823748270671,4.444369673728943,-0.055219307541847236,-3.8910727947950363,-8.400166034698486,0.22222222,0.73469388,0.4893617,0.7,0.72222222,0.7173913,0.5212766,0.60869565,0.13829787,3.0,5.0,5.0,1.0,6.0,6.0,13.0,0.23076923,0.38461538,0.38461538,0.07692308,0.46153846,0.46153846,Jake Odorizzi,6397,1.7895060866732475,63.0,0.60638298,0.22340426,0.15957447,0.0106383,93.27368592379386,85.88571312313988,85.2066650390625,74.69999694824219,-6.395438746402138,2.7733332316080728,-5.8240000406901045,4.340000152587891,8.023508707682291,4.58000001453218,2.9246665954589846,-5.619999885559082,0.7968499511480331,0.7083381526172161,-1.217860747128725,-0.03891072794795036,1.3979823704351457,3.3730388219867438,-8.119071647524834,-3.8910727947950363,0.23809524,0.69230769,0.4893617,0.7,0.72222222,0.7173913,0.55319149,0.0106383,0.17021277,0.0212766,0.15957447,0.43617021,0.20212766,74.63739776611328,93.09580993652344,88.49960327148438,85.1789306640625,93.39138719512195,85.62043842516448,4.377009868621826,-4.626161098480225,1.3670920133590698,-5.748484802246094,-6.850360405154344,3.404770299008018,-6.423890113830566,7.928287029266357,7.46921968460083,1.7084921518961589,6.851039979516006,2.8410993877210116,-0.03891072794795036,-0.626375325024128,0.015747781842947006,-1.217860747128725,1.423225276172161,0.6925903707742691,-3.8910727947950363,-3.9148457814007998,0.7873890921473503,-8.119071647524834,3.4712811613955146,3.645212477759311,0.23809524,0.69230769,0.4893617,0.7,0.72222222,0.7173913,0.55319149,13.0,88.33077298677884,7.0,0.0,0.0,103.1,6.0,0.46153846,2019-09-18,0
3,CLE,8,2019,MIN,H,29,0.0,0.0,3.37500201165796,1.0,1.0,0.0,0.0,0.0,0.0,0.0,5.1,22.0,4.0,2.0,2.0,0.0,2.0,0.0,0.0,0.0,0.0,10.0,16.875010058289803,3.37500201165796,6.75000402331592,5.0,0.0,0.0,2.0,4.0,4.0,1.0,0.0,0.0,0.0,0.45454545,0.09090909,0.36363636,2.515856952771396,0.0,0.2,1.1250006705526534,0.4,0.66666667,0.5890083879223087,2.7859936237356515,2.0809152867825835,72.44299265006391,13.654542333521603,45.95970211468422,0.5,0.4,0.2,0.4,0.25,0.0,1.0,1.68750100582898,33.0,66.0,99.0,0.029071999713778496,-0.3546319901943207,0.3837040066719055,0.9053999781608582,0.08525419980287552,0.9874550104141235,1.1139299869537354,0.8700000047683716,2.11080002784729,1.0,1.0,0.1994740068912506,-0.17003266586085153,0.0,0.0,0.60606061,92.93333333,0.1010101,86.0,0.03030303,89.66666667,0.02020202,77.0,0.24242424,85.375,1.790372371673584,-0.48821306228637695,-0.37804415822029114,0.17805112898349762,0.47333824634552,2.9839539527893066,-4.8821306228637695,-12.60147194067637,8.902556449174881,1.9722426931063335,0.40350877,0.85714286,0.5959596,0.43478261,0.83333333,0.6779661,0.42424242,0.54545455,0.19191919,4.0,4.0,2.0,2.0,4.0,4.0,10.0,0.4,0.4,0.2,0.2,0.4,0.4,Jake Odorizzi,6397,1.887288551334534,66.0,0.62626263,0.09090909,0.26262626,0.02020202,92.81128717237904,86.21111382378473,85.39999624399039,76.6500015258789,-6.599032494329637,2.3111110263400607,-7.411538344163161,2.8949999809265137,10.067257788873487,5.591111077202691,4.548846318171575,-4.805000305175781,1.3470241837203503,-0.4267614036798477,0.4738274775445461,0.17805113270878792,2.172619651161855,-4.74179337422053,1.8224133751713314,8.902556635439396,0.37254902,0.83333333,0.5959596,0.42105263,0.8,0.6779661,0.48484848,0.02020202,0.42424242,0.06060606,0.24242424,0.18181818,0.07070707,76.59535217285156,92.94201078869048,88.23018391927083,85.26254781087239,92.73569064670139,85.58064488002232,3.5696048736572266,-5.747788202194941,-0.4212791522343953,-7.591403961181641,-7.9404296875,3.5139743259974887,-6.348665237426758,9.446564447312127,6.740685145060222,2.8041712443033853,8.469918145073784,3.4907259259905135,0.17805113270878792,0.5295032933354378,-0.41310253366827965,0.4699751250445843,1.260869074612856,-0.45315470173954964,8.902556635439396,1.2607221269891375,-6.885042227804661,1.9582296876857679,7.004828192293644,-6.473638596279281,0.39622642,0.82608696,0.5959596,0.42857143,0.81578947,0.6779661,0.46464646,10.0,95.7,22.8,1.0,0.1,113.3,4.0,0.4,2019-09-07,0
4,@DET,8,2019,MIN,A,29,0.0,0.0,5.4,1.0,1.0,0.0,0.0,0.0,0.0,0.0,5.0,20.0,5.0,3.0,3.0,1.0,0.0,0.0,0.0,0.0,0.0,7.0,12.6,0.0,9.0,7.0,0.0,0.0,7.0,3.0,2.0,0.0,0.0,1.0,0.0,0.35,0.0,0.35,2.246110934886932,1.8,0.25,1.0,0.3333333333333333,0.55555556,3.014009952545166,2.3859900474548343,1.6075347602367402,115.90871915308075,66.21427592930081,35.70642689981834,2.33333333,0.16666667,0.58333333,0.25,0.0,0.33333333,2.0,3.6,28.0,63.0,91.0,-0.08005999773740768,-0.37487998604774475,0.29482001066207886,-0.16500000655651093,-0.01549299992620945,1.090000033378601,1.0884000062942505,0.8700000047683716,0.8759999871253967,1.0,1.0,-0.04406069964170456,-0.029388837317712774,0.0,0.0,0.73626374,92.88059701,0.13186813,85.08333333,0.05494505,86.2,,,0.07692308,84.28571429,-0.3183751702308655,-0.38402196764945984,0.5398088693618774,,0.6226792931556702,-0.4751868212400977,-3.2001830637454987,10.796177387237549,,8.89541847365243,0.48148148,0.78378378,0.6043956,0.69230769,0.79310345,0.74545455,0.40659341,0.6,0.15384615,7.0,6.0,0.0,0.0,7.0,6.0,13.0,0.53846154,0.46153846,0.0,0.0,0.53846154,0.46153846,Jake Odorizzi,6397,3.1787576481824873,54.0,0.73626374,0.18681319,0.07692308,,92.77462540811567,85.4588264016544,84.31428745814732,,-5.761940116312966,3.104705810546875,-5.012857164655413,,9.55373097889459,4.784117754767923,3.857142857142857,,-0.2762109525501728,0.1557869017124176,0.6226792670786381,,-0.4122551530599594,0.9163935394848095,8.8954181011234,,0.44,0.80487805,0.6043956,0.68181818,0.78787879,0.74545455,0.45054945,,0.56043956,0.18681319,0.07692308,0.17582418,,,92.84978170955883,85.46147604549633,84.26774379185268,92.53689575195312,,,-4.919228348077512,3.6571670981014477,-4.724545615059989,-7.3327250480651855,,,8.910775577320772,3.2669269337373623,2.328198569161551,7.276736259460449,,,0.8314916156232357,0.1557869017124176,0.6226792670786381,-1.1077025681734085,,,1.630375716908305,0.9163935394848095,8.8954181011234,-6.923141051083803,,0.41666667,0.81395349,0.6043956,0.7,0.77142857,0.74545455,0.47252747,13.0,87.65000406901042,5.083333333333333,0.0,0.0,107.5,4.0,0.30769231,2019-09-02,0
5,@CHW,8,2019,MIN,A,29,1.0,0.0,3.0,1.0,1.0,0.0,0.0,0.0,0.0,0.0,6.0,25.0,5.0,2.0,2.0,0.0,2.0,0.0,0.0,1.0,0.0,8.0,12.0,3.0,7.5,4.0,0.0,0.0,5.0,5.0,5.0,1.0,0.0,0.0,0.0,0.32,0.08,0.24,3.5736255348869324,0.0,0.21739130434782608,1.1666666666666667,0.3333333333333333,0.71428571,1.5473432858785,1.4526567141215,3.2050166298945753,64.39373286282265,34.42559158434933,70.30738816004893,1.0,0.33333333,0.33333333,0.33333333,0.2,0.0,5.0,7.5,39.0,59.0,98.0,0.13757599890232086,-0.3073520064353943,0.44492799043655396,1.1799999475479126,0.11619900166988373,0.9990149736404419,0.920432984828949,0.8700000047683716,1.1131999492645264,1.0,1.0,0.14585000276565552,-0.008138354259537933,0.0,0.0,0.63265306,93.08064516,0.09183673,85.44444444,0.04081633,87.25,0.01020408,76.0,0.2244898,84.72727273,2.230459690093994,0.23515547811985016,-0.5463703274726868,-0.4630792737007141,0.000949714332818985,3.597515629183862,2.6128386457761126,-13.65925818681717,-46.30792737007141,0.004316883330995386,0.28070175,0.7804878,0.48979592,0.5625,0.8125,0.72916667,0.41836735,0.52,0.13265306,4.0,7.0,4.0,2.0,11.0,2.0,15.0,0.26666667,0.46666667,0.26666667,0.13333333,0.73333333,0.13333333,Jake Odorizzi,6397,2.812417013694249,66.0,0.63265306,0.13265306,0.2244898,0.01020408,93.0241935483871,85.93845778245192,84.6727294921875,75.5,-6.533387214906754,2.553846212533804,-6.46409121426669,5.809999942779541,9.307580763293851,5.111538226787861,3.6118181402033027,-5.539999961853027,2.2989801838994026,-0.3112148530781269,0.000949714332818985,-0.4630792737007141,3.708032554676456,-2.393960408293284,0.004316883330995386,-46.30792737007141,0.2962963,0.72727273,0.48979592,0.5625,0.8125,0.72916667,0.44897959,0.01020408,0.33673469,0.13265306,0.2244898,0.29591837,,75.3218994140625,93.12317264441288,85.88247445913461,84.59547008167614,92.84390153556035,,6.130959987640381,-5.445821126302083,3.0771431556114783,-6.355228077281605,-7.203461219524515,,-7.0243000984191895,9.066348913944129,3.734681642972506,2.1259339072487573,7.568651396652748,,-0.4630792737007141,0.656673688441515,-0.3112148530781269,0.000949714332818985,1.6423064954578876,,-46.30792737007141,1.9899202680045909,-2.393960408293284,0.004316883330995386,5.663125846406509,,0.2962963,0.72727273,0.48979592,0.5625,0.8125,0.72916667,0.44897959,15.0,94.73999837239583,11.133333333333333,0.0,0.0,109.3,8.0,0.53333333,2019-08-28,0
6,CHW,8,2019,MIN,H,29,0.0,1.0,5.4,1.0,1.0,0.0,0.0,0.0,0.0,0.0,5.0,25.0,8.0,4.0,3.0,0.0,1.0,0.0,1.0,2.0,0.0,6.0,10.8,1.8,14.4,6.0,0.11111111,0.0,9.0,3.0,5.0,0.0,1.0,0.0,0.0,0.24,0.04,0.2,3.5083327348869324,0.0,0.34782608695652173,1.8,0.47058823529411764,0.6,2.014009952545166,3.3859900474548343,3.20753476023674,115.90871915308075,44.54017296683389,70.3619300813517,3.0,0.29411765,0.52941176,0.17647059,0.0,0.0,0.0,0.0,39.0,65.0,104.0,-0.14746400713920593,-0.5355640053749084,0.3880999982357025,-1.1796000003814697,-0.11107300221920013,0.9591109752655029,0.6781600117683411,0.8700000047683716,0.30640000104904175,1.0,1.0,-0.08365599811077118,-0.07009472619762772,0.0,0.0,0.34615385,92.66666667,0.23076923,86.0,0.05769231,89.16666667,0.04807692,75.6,0.31730769,84.39393939,0.6001598834991455,-1.2198249101638794,-0.1483413428068161,-0.8932709097862244,0.6864838004112244,1.6671107874976263,-5.082603792349497,-2.4723557134469347,-17.865418195724487,2.0802539406400737,0.32352941,0.88888889,0.51923077,0.77272727,0.78125,0.77777778,0.34615385,0.52,0.11538462,9.0,3.0,5.0,5.0,7.0,5.0,17.0,0.52941176,0.17647059,0.29411765,0.29411765,0.41176471,0.29411765,Jake Odorizzi,6397,3.583740761637799,48.0,0.34615385,0.28846154,0.31730769,0.04807692,92.60000271267361,86.58999837239584,84.33636659564394,75.74000244140625,-5.7549997965494795,2.0883333841959635,-5.282727328213778,2.9,8.976111518012154,5.02633310953776,2.948484940962358,-4.920000076293945,0.6001598909497261,-1.38397416472435,0.6706758104264736,0.2239297777414322,1.6671108081936836,-4.613247215747833,2.0323509406862836,4.478595554828644,0.29508197,0.8372093,0.51923077,0.72222222,0.80555556,0.77777778,0.41346154,0.04807692,0.19230769,0.06730769,0.31730769,0.15384615,0.22115385,75.58392333984375,92.41627807617188,88.70034354073661,84.22686582623106,92.7159194946289,85.8617580247962,3.2734958648681642,-4.478820419311523,0.7977824211120605,-5.16488739938447,-6.766717433929443,3.174446437669837,-6.558837890625,8.874870300292969,5.566967010498047,1.728688095555161,7.074210166931152,3.138513316278872,0.2239297777414322,0.16436424106359482,-0.24923326820135117,0.6706758104264736,0.4357956498861313,-1.1347408965229988,4.478595554828644,0.8218212053179741,-3.5604752600193024,2.0323509406862836,2.7237228117883205,-4.933656071839125,0.30645161,0.83333333,0.51923077,0.73684211,0.8,0.77777778,0.40384615,17.0,85.67058967141544,8.411764705882353,0.0,0.0,101.6,5.0,0.29411765,2019-08-21,0
7,@TEX,8,2019,MIN,A,29,0.0,0.0,4.7647032094264254,1.0,1.0,0.0,0.0,0.0,0.0,0.0,5.2,23.0,5.0,3.0,3.0,0.0,2.0,0.0,0.0,1.0,0.0,5.0,7.94117201571071,3.176468806284284,7.94117201571071,2.5,0.0,0.0,5.0,7.0,4.0,0.0,0.0,0.0,0.0,0.2173913,0.08695652,0.13043478,4.883332108890939,0.0,0.23809523809523808,1.2352934246661105,0.3125,0.57142857,2.508127995593103,2.2565752138333224,4.965383574121912,102.27234187947963,55.24973830746754,108.43638955775936,0.71428571,0.25,0.3125,0.4375,0.0,0.0,2.0,3.176468806284284,40.0,59.0,99.0,-0.04721999913454056,-0.6378600001335144,0.5906400084495544,0.5509999990463257,0.046497900038957596,1.310829997062683,1.1323299407958984,0.8700000047683716,1.246000051498413,1.0,1.0,0.12542599439620972,-0.16144897162464625,0.0,0.0,0.53535354,92.79245283,0.13131313,85.69230769,0.11111111,88.63636364,0.07070707,74.85714286,0.15151515,84.6,0.4577832520008087,0.3141445219516754,0.821663498878479,-0.23183616995811462,-0.31235021352767944,0.8637419849071861,2.4164963227051954,7.469668171622536,-3.3119452851159235,-2.0823347568511963,0.27118644,0.825,0.49494949,0.6875,0.78787879,0.75510204,0.4040404,0.73913043,0.12121212,6.0,5.0,5.0,2.0,4.0,10.0,16.0,0.375,0.3125,0.3125,0.125,0.25,0.625,Jake Odorizzi,6397,3.280629283326795,58.0,0.57575758,0.19191919,0.16161616,0.07070707,92.58245956688596,86.3157894736842,84.6187515258789,74.78571428571429,-6.889473898368969,1.0163157613653886,-7.4375,3.977142878941127,9.725789388020834,5.850526508532073,4.093124866485596,-4.362857001168387,0.4147428274154663,1.217603910714388,-0.26677722856402397,-0.23183616623282433,0.7276189954657304,6.408441635338884,-1.6673576785251498,-3.3119452318974902,0.26415094,0.76086957,0.49494949,0.64285714,0.8,0.75510204,0.46464646,0.07070707,,0.11111111,0.15151515,0.53535354,0.13131313,74.64999825613839,,88.60683371803977,84.3340087890625,92.69499005011792,85.73837515024039,4.2574871608189175,,-1.0964367606423118,-7.798747253417969,-7.007642062205188,2.3558968764085035,-5.924771445138114,,6.42070839621804,2.4216954549153646,8.873655499152417,3.8926030672513523,-0.23183616623282433,,0.8216635100543499,-0.31235019862651825,0.4999474659562111,0.3563087321817875,-3.3119452318974902,,7.469668273221362,-2.082334657510122,0.9432971055777568,2.740836401398365,0.27272727,0.77272727,0.49494949,0.66666667,0.79411765,0.75510204,0.44444444,16.0,92.4749984741211,19.3125,0.0,0.0,109.7,7.0,0.4375,2019-08-16,0
8,CLE,8,2019,MIN,H,29,1.0,0.0,0.0,1.0,1.0,0.0,0.0,0.0,0.0,0.0,5.2,27.0,6.0,0.0,0.0,0.0,4.0,0.0,0.0,0.0,0.0,6.0,9.529406418852851,6.352937612568568,9.529406418852851,1.5,0.0,0.0,10.0,6.0,1.0,0.0,0.0,0.0,0.0,0.22222222,0.14814815,0.07407407,5.379824271173461,0.0,0.2608695652173913,1.7647048923801576,0.35294117647058826,1.0,3.214009952545166,-3.214009952545166,5.320229019855574,0.0,70.54909652179421,116.12223172874401,1.66666667,0.05882353,0.58823529,0.35294118,0.0,0.0,3.0,4.7647032094264254,40.0,62.0,102.0,0.30917999148368835,-0.34712401032447815,0.6563040018081665,2.9914000034332275,0.2816759943962097,1.300220012664795,0.9980000257492065,0.8700000047683716,1.1447999477386475,1.0,1.0,0.06490729749202728,0.17288322139871443,0.0,0.0,0.58823529,92.18333333,0.05882353,83.0,0.00980392,88.0,0.04901961,74.8,0.29411765,84.53333333,-0.6068007946014404,-0.06893693655729294,-0.02982518821954727,0.3579972982406616,-0.14068810641765594,-1.0113346576690674,-1.1489489426215491,-2.982518821954727,7.159945964813233,-0.46896035472551983,0.32835821,0.77142857,0.48039216,0.59090909,0.7037037,0.65306122,0.34313725,0.59259259,0.16666667,11.0,2.0,4.0,2.0,7.0,8.0,17.0,0.64705882,0.11764706,0.23529412,0.11764706,0.41176471,0.47058824,Jake Odorizzi,6397,2.231864600887432,62.0,0.58823529,0.06862745,0.29411765,0.04901961,92.09833170572917,83.79999651227679,84.4433349609375,74.92000122070313,-6.634666442871094,3.077142987932478,-6.925666809082031,4.35,9.473666381835937,3.991428647722517,3.3366666158040363,-4.44000015258789,-0.6068008095026016,-0.09876212477684021,-0.11125953122973442,0.3579973056912422,-1.0113346825043361,-1.410887496812003,-0.3708651040991147,7.159946113824844,0.33333333,0.71794872,0.48039216,0.57142857,0.71428571,0.65306122,0.38235294,0.04901961,0.32352941,0.00980392,0.29411765,0.26470588,0.05882353,74.82147827148438,92.21132220643939,87.52739715576172,84.34896647135416,91.87925889756944,83.10005187988281,4.653501892089844,-5.183217366536458,0.8838890194892883,-6.843477884928386,-7.90601490162037,3.996109962463379,-6.0813758850097654,9.135953036221592,6.5947699546813965,1.7812610626220704,7.800224021629051,2.1095075607299805,0.3579973056912422,-1.1168119758367538,-0.02982518821954727,-0.11125953122973442,0.5100111663341522,-0.06893693655729294,7.159946113824844,-3.38427871465683,-2.982518821954727,-0.3708651040991147,1.8889302456820454,-1.1489489426215491,0.33333333,0.71794872,0.48039216,0.57142857,0.71428571,0.65306122,0.38235294,17.0,87.60588522518383,7.823529411764706,1.0,0.05882353,110.3,8.0,0.47058824,2019-08-10,0
9,ATL,8,2019,MIN,H,29,0.0,0.0,1.5,1.0,1.0,0.0,0.0,0.0,0.0,0.0,6.0,26.0,5.0,1.0,1.0,1.0,3.0,0.0,0.0,0.0,0.0,7.0,10.5,4.5,7.5,2.33333333,0.0,0.0,4.0,9.0,3.0,1.0,0.0,0.0,0.0,0.26923077,0.11538462,0.15384615,4.80263367044924,1.5,0.21739130434782608,1.3333333333333333,0.26666666666666666,1.0,4.5473432858785,-3.0473432858785,5.364488638440768,32.19686643141132,99.44790047175009,117.08088132417693,0.44444444,0.1875,0.25,0.5625,0.11111111,0.11111111,3.0,4.5,43.0,66.0,109.0,0.2583000063896179,-0.25596800446510315,0.5142679810523987,2.384399890899658,0.2245199978351593,0.956462025642395,1.043869972229004,0.8700000047683716,1.3847999572753906,1.0,1.0,0.05308330059051514,0.2169744742763272,0.0,0.0,0.55045872,92.98333333,0.09174312,85.3,0.00917431,89.0,0.06422018,75.14285714,0.28440367,85.5483871,0.9404881000518799,0.11572659015655518,0.0,0.3709343671798706,-0.7060340642929077,1.567480166753133,1.1572659015655518,0.0,5.299062388283866,-2.277529239654541,0.27692308,0.75,0.46788991,0.66666667,0.72727273,0.70588235,0.40366972,0.57692308,0.13761468,5.0,5.0,6.0,1.0,11.0,4.0,16.0,0.3125,0.3125,0.375,0.0625,0.6875,0.25,Jake Odorizzi,6397,4.332195148274887,60.0,0.5412844,0.10091743,0.29357798,0.06422018,93.03559487552967,85.55454323508523,85.5843734741211,75.02857317243304,-6.381186275158898,2.880909139459783,-6.335312366485596,3.997142791748047,8.237626932435116,4.079090811989524,3.577812433242798,-4.435714176722935,0.9793988466262817,0.11572659388184547,-0.7449448145925999,0.3709343671798706,1.659998045129291,1.0520599443804135,-2.3279525456018746,5.299062388283866,0.23728814,0.74,0.46788991,0.64285714,0.72972973,0.70588235,0.4587156,0.06422018,0.20183486,0.10091743,0.28440367,0.34862385,,74.78475516183036,92.80816650390625,85.35909201882102,85.27322486139113,92.75447805304276,,4.3152730124337335,-4.735863772305575,3.296748074618253,-6.271832866053427,-7.260158338044819,,-5.95197023664202,8.14426699551669,2.9691619873046875,2.221648677702873,6.97962791041324,,0.3709343671798706,-0.030689876526594162,0.11572659388184547,-0.7060340866446495,0.9711779952049255,,5.299062388283866,-0.13949943875724619,1.0520599443804135,-2.277529311756934,2.5557315663287516,,0.26229508,0.72916667,0.46788991,0.625,0.74285714,0.70588235,0.44036697,16.0,81.51249694824219,23.4375,0.0,0.0,105.3,2.0,0.125,2019-08-05,0
10,@MIA,8,2019,MIN,A,29,1.0,0.0,1.588234403142142,1.0,1.0,0.0,0.0,0.0,0.0,0.0,5.2,22.0,4.0,1.0,1.0,0.0,1.0,0.0,0.0,0.0,0.0,5.0,7.94117201571071,1.588234403142142,6.352937612568568,5.0,0.0,0.0,6.0,5.0,5.0,0.0,0.0,0.0,0.0,0.22727273,0.04545455,0.18181818,4.149813547655693,0.0,0.19047619047619047,0.8823524461900788,0.25,0.8,1.9787165278790557,-0.3904821247369137,3.733899083971062,34.09078062649321,43.77521964672253,81.76281789123948,1.2,0.3125,0.375,0.3125,0.0,0.0,2.0,3.176468806284284,35.0,68.0,103.0,0.2175000011920929,-0.21894000470638275,0.43643999099731445,1.6480000019073486,0.1743919998407364,0.9217270016670227,1.1556700468063354,0.8700000047683716,1.49399995803833,1.0,1.0,0.13258400559425354,0.10338608185975987,0.0,0.0,0.6407767,92.22727273,0.13592233,85.21428571,0.0776699,86.0,0.00970874,75.0,0.13592233,84.64285714,0.4654853343963623,0.20488648116588593,0.5852063298225403,0.04557297006249428,0.4625677466392517,0.705280809691458,1.4634748654706138,7.3150791227817535,4.557297006249428,3.304055333137512,0.31481481,0.71428571,0.50485437,0.47058824,0.94285714,0.78846154,0.47572816,0.5,0.10679612,4.0,6.0,6.0,1.0,8.0,7.0,16.0,0.25,0.375,0.375,0.0625,0.5,0.4375,Jake Odorizzi,6397,3.4610721729047147,68.0,0.6407767,0.21359223,0.13592233,0.00970874,92.17120916193181,85.40454656427556,84.57142857142857,75.30000305175781,-6.127727161754262,2.872727307406339,-5.877857208251953,4.119999885559082,9.257575757575758,4.998636419122869,4.297142846243722,-7.210000038146973,0.5181978456676006,0.832257017493248,0.44983212277293205,0.04557297006249428,0.7851482510115162,3.782986443151127,3.2130865912352293,4.557297006249428,0.3125,0.67272727,0.50485437,0.46666667,0.91891892,0.78846154,0.53398058,0.00970874,0.32038835,0.21359223,0.13592233,0.32038835,,75.393798828125,92.33664032907197,85.5628329190341,84.70108468191964,92.32680812026516,,4.454649925231934,-4.5998077392578125,3.2681752985174004,-5.779009137834821,-7.097428755326704,,-9.1118803024292,8.362566398851799,3.535763133655895,2.445249012538365,7.754732998934659,,0.04557297006249428,-1.6091481782495975,0.832257017493248,0.44983212277293205,2.127346023917198,,4.557297006249428,-4.8762066007563565,3.782986443151127,3.2130865912352293,6.446503102779388,,0.3125,0.67272727,0.50485437,0.46666667,0.91891892,0.78846154,0.53398058,16.0,87.4124984741211,13.5,0.0,0.0,101.2,5.0,0.3125,2019-07-30,0
11,NYY,8,2019,MIN,H,29,0.0,1.0,20.25,1.0,1.0,0.0,0.0,0.0,0.0,0.0,4.0,24.0,10.0,9.0,9.0,2.0,2.0,0.0,0.0,0.0,0.0,7.0,15.75,4.5,22.5,3.5,0.0,0.0,3.0,8.0,4.0,0.0,0.0,0.0,0.0,0.29166667,0.08333333,0.20833334,4.2027373105719334,4.5,0.45454545454545453,3.0,0.6153846153846154,0.32608696,7.714009952545166,12.535990047454835,5.1924259781837465,434.65769682405283,168.08255985289537,113.35405753045175,0.375,0.26666667,0.2,0.53333333,0.0,0.25,6.0,13.5,39.0,63.0,102.0,-0.5563679933547974,-0.7383120059967041,0.18194399774074554,-6.743599891662598,-0.6349909901618958,0.8258669972419739,0.8073999881744385,0.8700000047683716,0.5264000296592712,1.0,1.0,-0.666592001914978,-0.007085473045054802,0.0,0.0,0.49019608,93.32,0.2745098,85.10714286,0.04901961,89.6,0.04901961,76.6,0.1372549,85.71428571,-2.733579635620117,-0.58609539270401,0.2758866250514984,-0.5307604074478149,-2.403416872024536,-5.467159271240234,-2.09319783108575,5.517732501029968,-10.615208148956299,-17.16726337160383,0.33333333,0.73809524,0.5,0.7,0.77419355,0.74509804,0.41176471,0.5,0.12745098,6.0,6.0,3.0,0.0,6.0,9.0,15.0,0.4,0.4,0.2,0.0,0.4,0.6,Jake Odorizzi,6397,7.2970138073350315,10.0,0.49019608,0.32352941,0.1372549,0.04901961,93.27599609375,85.76666814630681,85.62142508370536,76.7,-5.486400146484375,2.9493939948804453,-5.861428397042411,4.318000030517578,8.739199829101562,3.830303076541785,2.3478570665631975,-5.840000152587891,-2.691415347158909,-0.3102087564766407,-2.403416808694601,-0.5307603925466537,-5.382830694317818,-0.940026534777699,-17.16726291924715,-10.615207850933075,0.35185185,0.66666667,0.5,0.63157895,0.8125,0.74509804,0.47058824,0.04901961,0.20588235,0.05882353,0.1372549,0.28431373,0.26470588,76.38554077148437,93.00611514136905,89.07260131835938,85.35606166294643,93.08260371767241,84.74077690972223,4.6318519592285154,-4.137214660644531,1.5004669825236003,-5.896773747035435,-6.353548773403825,3.7290143613462097,-7.4718681335449215,8.907027471633185,5.34013303120931,1.1731834411621094,7.284290182179418,2.2482633237485534,-0.5307603925466537,0.3483174256980419,-0.1371058039367199,-2.403416808694601,-3.0397327728569508,-0.1731029525399208,-10.615207850933075,1.658654408085914,-2.2850967322786646,-17.16726291924715,-10.481837147782588,-0.6411220464441512,0.34545455,0.68085106,0.5,0.63157895,0.8125,0.74509804,0.46078431,15.0,91.57999674479167,19.466666666666665,2.0,0.13333333,105.5,7.0,0.46666667,2019-07-24,0
12,OAK,8,2019,MIN,H,29,0.0,0.0,5.4,1.0,1.0,0.0,0.0,0.0,0.0,0.0,5.0,22.0,6.0,3.0,3.0,1.0,2.0,0.0,0.0,0.0,0.0,3.0,5.4,3.6,10.8,1.5,0.0,0.0,7.0,4.0,6.0,2.0,0.0,0.0,0.0,0.13636364,0.09090909,0.04545455,5.598925041025031,1.8,0.3,1.6,0.3125,0.75757576,5.814009952545167,-0.41400995254516637,4.805376362800598,115.90871915308075,126.90176422420821,104.97068304462553,1.75,0.35294118,0.41176471,0.23529412,0.5,0.25,3.0,5.4,32.0,56.0,88.0,-0.037411998957395554,-0.4684799909591675,0.4310680031776428,-0.17960000038146973,-0.016911499202251434,0.9873570203781128,0.9706400036811829,0.8700000047683716,1.340000033378601,1.0,1.0,-0.03493110090494156,-0.002959953886028037,0.0,0.0,0.45454545,93.4,0.19318182,83.94117647,0.02272727,89.0,0.07954545,75.0,0.25,84.63636364,-2.227665424346924,0.784977376461029,0.017408035695552826,-0.46824249625205994,0.6952832341194153,-5.56916356086731,4.617513979182524,0.8704017847776413,-6.689178517886571,3.160378336906433,0.2962963,0.64705882,0.43181818,0.625,0.86363636,0.76315789,0.38636364,0.63636364,0.10227273,8.0,7.0,2.0,3.0,5.0,9.0,17.0,0.47058824,0.41176471,0.11764706,0.17647059,0.29411765,0.52941176,Jake Odorizzi,6397,8.156889904955477,44.0,0.45454545,0.21590909,0.25,0.07954545,93.3375,84.34736713610198,84.54545454545455,74.82856968470982,-5.846749877929687,2.794210534346731,-6.793636668812145,4.075714111328125,8.627999877929687,3.36157889115183,3.510908993807706,-4.9271425519670755,-2.2276653200387955,0.8445496410131454,0.7374474443495274,-0.46824249252676964,-5.569163300096989,4.4449981105955025,3.3520338379523973,-6.689178464668137,0.27083333,0.625,0.43181818,0.53846154,0.88,0.76315789,0.45454545,0.07954545,0.22727273,0.02272727,0.25,0.22727273,0.19318182,74.64028494698661,93.14994506835937,88.63154602050781,84.38518177379261,93.28043823242187,83.67567354090073,4.317262922014509,-4.786969375610352,1.4587008953094482,-6.783091458407315,-6.631864929199219,3.4791582892922794,-6.057721274239676,8.220560455322266,4.4360198974609375,2.3728036013516514,7.5971427917480465,1.9883009966681986,-0.46824249252676964,-0.34849656745791435,0.017408035695552826,0.7374474443495274,-1.8791687525808811,0.8271416053175926,-6.689178464668137,-1.7424828372895718,0.8704017847776413,3.3520338379523973,-9.395843762904406,4.865538854809368,0.27083333,0.625,0.43181818,0.53846154,0.88,0.76315789,0.45454545,17.0,91.84706025965073,11.882352941176471,2.0,0.11764706,107.3,7.0,0.41176471,2019-07-19,0
13,@CLE,8,2019,MIN,A,29,1.0,0.0,1.68750100582898,1.0,1.0,0.0,0.0,0.0,0.0,0.0,5.1,20.0,3.0,1.0,1.0,1.0,2.0,0.0,1.0,0.0,0.0,2.0,3.37500201165796,3.37500201165796,5.06250301748694,1.0,0.0,0.0,8.0,5.0,2.0,0.0,0.0,0.0,0.0,0.1,0.1,0.0,6.159510934886933,1.68750100582898,0.17647058823529413,0.9375005587938778,0.14285714285714285,1.0,6.589011964203127,-4.901510958374147,6.016394134914388,36.22149632503196,143.69923762100183,131.20095195361483,1.6,0.13333333,0.53333333,0.33333333,0.0,0.2,3.0,5.06250301748694,35.0,54.0,89.0,0.16966000199317932,-0.298799991607666,0.46845999360084534,1.590000033378601,0.1432429999113083,1.0853999853134155,1.119670033454895,0.9200000166893005,3.053999900817871,1.0,1.0,0.10829000174999237,0.04802103960697707,0.0,0.0,0.4494382,93.7,0.12359551,84.36363636,,,0.16853933,76.2,0.25842697,86.04347826,0.5324769020080566,-0.5328608751296997,,-0.17760804295539856,1.7120589017868042,1.3311922550201416,-4.84418977390636,,-1.184053619702657,7.443734355594802,0.3,0.75862069,0.4494382,0.77777778,0.90909091,0.85,0.3258427,0.6,0.06741573,7.0,4.0,4.0,2.0,9.0,4.0,15.0,0.46666667,0.26666667,0.26666667,0.13333333,0.6,0.26666667,Jake Odorizzi,6397,6.97742020013178,57.0,0.4494382,0.12359551,0.25842697,0.16853933,93.56749877929687,84.34545343572444,85.96521526834239,76.15332845052083,-6.096500015258789,2.7263636155561968,-6.219999893851902,3.2639999389648438,8.669999694824218,2.118181748823686,3.633478247601053,-5.474666849772135,0.5746411047875881,-0.5328608714044094,1.7120589204132557,-0.17760804668068886,1.4366027619689703,-4.844189740040085,7.443734436579373,-1.1840536445379257,0.31372549,0.63157895,0.4494382,0.8125,0.875,0.85,0.42696629,0.16853933,0.24719101,,0.25842697,0.20224719,0.12359551,76.13472493489583,93.64459783380681,,85.98331351902173,93.57451714409723,84.35370982776989,3.7043940226236978,-4.980734391645952,,-6.04159811268682,-6.850805494520399,3.269230929287997,-7.119970703125,8.20262284712358,,2.2830840401027515,7.341861300998264,0.8198035847056996,-0.17760804668068886,0.47153645008802414,,1.7120589204132557,0.10310465469956398,-0.5328608714044094,-1.1840536445379257,2.1433475004001097,,7.443734436579373,0.5728036372197999,-4.844189740040085,0.31372549,0.63157895,0.4494382,0.8125,0.875,0.85,0.42696629,15.0,88.33333333333333,9.933333333333334,0.0,0.0,107.8,4.0,0.26666667,2019-07-13,0
14,@OAK,8,2019,MIN,A,29,0.0,1.0,15.0,1.0,1.0,0.0,0.0,0.0,0.0,0.0,3.0,17.0,4.0,6.0,5.0,2.0,3.0,0.0,0.0,0.0,0.0,2.0,6.0,9.0,12.0,0.66666667,0.33333333,0.0,3.0,9.0,0.0,2.0,1.0,0.0,0.0,0.11764706,0.17647059,-0.05882353,8.309600180365411,6.0,0.2857142857142857,2.3333333333333335,0.2,0.23809524,13.547343285878501,1.452656714121499,10.848300657669704,321.9686643141132,294.51482713395245,235.85854687375152,0.33333333,0.0,0.25,0.75,0.22222222,0.22222222,3.0,9.0,38.0,46.0,84.0,-0.47131600975990295,-0.6971079707145691,0.22579200565814972,-4.453000068664551,-0.44708800315856934,1.190850019454956,0.9864000082015991,0.8700000047683716,0.4212000072002411,1.0,1.0,-0.21848900616168976,-0.17729216028244488,0.0,0.0,0.52380952,92.54545455,0.10714286,84.55555556,0.11904762,86.5,0.02380952,75.0,0.22619048,85.36842105,-1.116308569908142,-0.5265637636184692,0.013104002922773361,0.2728937566280365,-1.7140871286392212,-2.537064931609414,-5.850708484649658,0.1310400292277336,13.644687831401825,-9.021511203364323,0.25,0.64285714,0.38095238,0.57142857,0.94444444,0.78125,0.33333333,0.64705882,0.08333333,6.0,3.0,3.0,3.0,3.0,6.0,12.0,0.5,0.25,0.25,0.25,0.25,0.5,Jake Odorizzi,6397,8.715886429976752,18.0,0.52439024,0.2195122,0.23170732,0.02439024,92.52092796148256,85.61111111111111,85.34736713610198,75.19999694824219,-6.2295347701671515,2.806666692097982,-6.489999871504934,6.239999771118164,9.63953488372093,4.89388910929362,3.5726314343904195,-6.154999732971191,-1.0932058170437813,-0.45141808688640594,-1.7298950478434563,0.2728937603533268,-2.5423391094041423,-2.507878260480033,-9.104710778123454,13.64468801766634,0.26086957,0.55555556,0.3902439,0.5,0.95,0.78125,0.43902439,0.02439024,0.2804878,0.2195122,0.23170732,0.24390244,,75.22404479980469,92.4707561990489,85.64156765407986,85.37507709703948,92.695068359375,,6.760469913482666,-4.510504017705503,3.525385538736979,-6.1256866455078125,-7.174334716796875,,-7.516810417175293,9.57471631920856,3.6182882520887585,2.020253432424445,7.479715728759766,,0.2728937603533268,0.4503503032028675,-0.45141808688640594,-1.7298950478434563,-1.5435561202466488,,13.64468801766634,1.9580447965342065,-2.507878260480033,-9.104710778123454,-7.717780601233244,,0.24444444,0.56756757,0.3902439,0.45454545,0.95238095,0.78125,0.45121951,12.0,90.0,30.166666666666668,2.0,0.16666667,105.2,5.0,0.41666667,2019-07-02,0
15,TBR,8,2019,MIN,H,29,0.0,0.0,5.06250301748694,1.0,1.0,0.0,0.0,0.0,0.0,0.0,5.1,21.0,4.0,3.0,3.0,2.0,2.0,0.0,0.0,0.0,0.0,7.0,11.812507040802862,3.37500201165796,6.75000402331592,3.5,0.0,0.0,4.0,8.0,0.0,0.0,0.0,0.0,0.0,0.33333333,0.0952381,0.23809523,3.827297111890131,3.37500201165796,0.21052631578947367,1.1250006705526534,0.2,0.9375,6.589011964203127,-1.526508946716187,4.697822856195512,108.66448897509586,143.69923762100183,102.64110748816452,0.5,0.0,0.33333333,0.66666667,0.0,0.25,3.0,5.06250301748694,36.0,55.0,91.0,-0.01780799962580204,-0.4153279960155487,0.3975200057029724,-0.19660000503063202,-0.018512200564146042,0.9950479865074158,1.091130018234253,0.8700000047683716,1.7583999633789062,1.0,1.0,0.014972499571740627,-0.032869123520810166,0.0,0.0,0.48351648,93.54545455,0.15384615,85.21428571,0.15384615,88.30769231,0.03296703,76.0,0.17582418,85.625,1.9492777585983276,-1.3741415739059448,-0.22743411362171173,-0.12862761318683624,-0.5395338535308838,4.430176724087109,-9.815296956471034,-1.6245293830122267,-4.287587106227875,-3.3720865845680237,0.22222222,0.75675676,0.43956044,0.58333333,0.75,0.7,0.40659341,0.33333333,0.13186813,5.0,5.0,2.0,0.0,4.0,8.0,12.0,0.41666667,0.41666667,0.16666667,0.0,0.33333333,0.66666667,Jake Odorizzi,6397,4.981491855815545,48.0,0.48351648,0.30769231,0.17582418,0.03296703,93.43409312855114,86.47856794084821,85.54374694824219,75.7000020345052,-5.880227522416548,2.7857142857142856,-6.21875,4.446666717529297,9.008181485262783,4.525357110159738,3.736875057220459,-5.473333358764648,1.991442009806633,-1.6015756987035275,-0.5395338833332062,-0.12862761318683624,4.526004567742348,-5.719913209655455,-3.3720867708325386,-4.287587106227875,0.15909091,0.70212766,0.43956044,0.57142857,0.72727273,0.7,0.51648352,0.03296703,0.10989011,0.12087912,0.17582418,0.37362637,0.18681319,75.65010070800781,93.05991821289062,87.93469793146306,85.54298400878906,93.58684225643383,85.56169577205883,4.962743441263835,-3.449806976318359,2.2784834775057705,-5.99973201751709,-6.133791306439568,3.9913751938763786,-6.858470280965169,8.929840087890625,4.985410170121626,2.3880367279052734,7.898069493910846,2.592637679156135,-0.12862761318683624,0.4065064303576946,-0.2509472370147705,-0.5395338833332062,1.5849355794489384,-1.350628461688757,-4.287587106227875,4.065064303576946,-2.2813385183160952,-3.3720867708325386,4.661575233673348,-7.944873304051511,0.1627907,0.6875,0.43956044,0.57142857,0.72727273,0.7,0.52747253,12.0,94.27500406901042,20.75,3.0,0.25,106.2,7.0,0.58333333,2019-06-26,0
16,@KCR,8,2019,MIN,A,29,0.0,1.0,9.0,1.0,1.0,0.0,0.0,0.0,0.0,0.0,4.0,20.0,8.0,4.0,4.0,0.0,1.0,0.0,0.0,0.0,0.0,2.0,4.5,2.25,18.0,2.0,0.0,0.0,8.0,4.0,4.0,0.0,0.0,1.0,0.0,0.1,0.05,0.05,5.359795934886933,0.0,0.42105263157894735,2.25,0.47058823529411764,0.55555556,2.964009952545166,6.035990047454834,4.953217965364456,193.1811985884679,65.13057078117748,108.17288624963477,2.0,0.25,0.5,0.25,0.0,0.0,1.0,2.25,27.0,53.0,80.0,-0.19594800472259521,-0.4846239984035492,0.288675993680954,-1.6959999799728394,-0.15747399628162384,0.8796759843826294,0.7156000137329102,0.9200000166893005,0.41440001130104065,1.0,1.0,-0.14486700296401978,-0.07788320074890145,0.0,0.0,0.4625,93.43243243,0.2125,85.41176471,0.15,87.58333333,0.025,75.5,0.15,85.08333333,-2.6872200965881348,0.8292097449302673,-0.7350621223449707,0.09114594012498856,1.2239817380905151,-7.26275701780577,4.877704381942749,-6.12551768620809,4.557297006249428,10.19984781742096,0.2826087,0.76470588,0.4875,0.76923077,0.96153846,0.8974359,0.425,0.75,0.05,4.0,7.0,6.0,0.0,6.0,11.0,17.0,0.23529412,0.41176471,0.35294118,0.0,0.35294118,0.64705882,Jake Odorizzi,6397,4.170823082879882,38.0,0.4625,0.3625,0.15,0.025,93.35946077913852,86.33103785021552,85.00833129882812,75.6500015258789,-5.5497296307538,2.6675862279431573,-5.381666819254558,4.720000267028809,8.482162063186234,3.7551724664096175,2.694166819254557,-5.510000228881836,-2.7030280642211437,0.09414763003587723,1.2239817269146442,0.09114594012498856,-7.30548125465174,0.32464700012371456,10.199847724288702,4.557297006249428,0.25641026,0.70731707,0.4875,0.8,0.93103448,0.8974359,0.5125,0.025,0.2125,0.275,0.15,0.25,0.0875,75.5978012084961,93.23630658318015,86.99224853515625,84.9993184407552,93.44610595703125,84.18952287946429,4.840519905090332,-4.192482892204733,3.0114707946777344,-5.274496714274089,-6.33558235168457,3.6570641653878346,-6.711699962615967,8.65538922478171,3.4112472534179688,1.4819773038228352,6.868617248535156,0.27339231967926025,0.09114594012498856,0.8307758420705795,-0.19801265373826027,1.2239817269146442,-3.5338039062917233,0.2921602837741375,4.557297006249428,4.886916718062233,-0.9000575169920921,10.199847724288702,-17.669019531458616,4.173718339630535,0.27777778,0.65909091,0.4875,0.8,0.93103448,0.8974359,0.55,17.0,93.2125015258789,8.5625,2.0,0.11764706,106.7,9.0,0.52941176,2019-06-20,0
17,KCR,8,2019,MIN,H,29,1.0,0.0,6.0,1.0,1.0,0.0,0.0,0.0,0.0,0.0,6.0,27.0,7.0,4.0,4.0,2.0,2.0,0.0,0.0,0.0,0.0,7.0,10.5,3.0,10.5,3.5,0.0,0.0,7.0,9.0,1.0,2.0,0.0,1.0,0.0,0.25925926,0.07407407,0.18518519,4.219168468627304,3.0,0.28,1.5,0.3125,0.80645161,6.214009952545167,-0.21400995254516708,4.864488638440768,128.7874657256453,135.57140540919497,106.25103657994778,0.77777778,0.05882353,0.41176471,0.52941176,0.22222222,0.22222222,5.0,7.5,26.0,66.0,92.0,-0.09016799926757812,-0.5858319997787476,0.49566400051116943,-0.6155999898910522,-0.05796609818935394,1.003440022468567,0.8929330110549927,0.8700000047683716,1.718400001525879,1.0,1.0,-0.18403500318527222,0.0941761204931553,0.0,0.0,0.70652174,93.07692308,0.22826087,84.42857143,0.02173913,89.5,0.01086957,75.0,0.0326087,85.33333333,-0.7065286636352539,0.12162676453590393,-0.4788270592689514,-0.03891072794795036,-0.09556373208761215,-1.0869671748234675,0.5791750692185902,-23.94135296344757,-3.8910727947950363,-3.1854577362537384,0.42372881,0.75757576,0.54347826,0.68,0.88,0.78,0.35869565,0.81481481,0.11956522,8.0,6.0,4.0,3.0,7.0,8.0,18.0,0.44444444,0.33333333,0.22222222,0.16666667,0.38888889,0.44444444,Jake Odorizzi,6397,4.520810750555932,43.0,0.70652174,0.25,0.0326087,0.01086957,92.96923076923076,84.89999787703805,85.2000020345052,75.0999984741211,-6.343230731670673,2.97913062054178,-6.5466664632161455,4.619999885559082,9.341384652944711,3.8591305276621943,4.03000005086263,-6.21999979019165,-0.7223365940153599,-0.3572003059089184,-0.09556373208761215,-0.03891072794795036,-1.1112870677159383,-1.553044808299645,-3.1854577362537384,-3.8910727947950363,0.38461538,0.75,0.54347826,0.6,0.9,0.78,0.43478261,0.01086957,0.18478261,0.02173913,0.0326087,0.52173913,0.22826087,74.87020111083984,92.89585248161765,89.27545166015625,85.07036844889323,92.84128824869792,84.3367687406994,4.810569763183594,-4.241517010857077,1.7161633968353271,-6.455133438110352,-6.82832145690918,3.631386166527158,-7.503970146179199,9.753675573012409,4.812759876251221,2.1716299057006836,7.903308232625325,2.244548797607422,-0.03891072794795036,0.10452838614583015,-0.4788270741701126,-0.09556373208761215,-0.82686498016119,0.12162676826119423,-3.8910727947950363,0.6148728596813539,-23.94135370850563,-3.1854577362537384,-1.7226353753358126,0.5791750869580677,0.38461538,0.75,0.54347826,0.6,0.9,0.78,0.43478261,18.0,86.811767578125,23.764705882352942,3.0,0.16666667,114.4,5.0,0.27777778,2019-06-15,0
18,@DET,8,2019,MIN,A,29,1.0,0.0,1.5,1.0,1.0,0.0,0.0,0.0,0.0,0.0,6.0,23.0,5.0,1.0,1.0,0.0,1.0,0.0,1.0,0.0,0.0,8.0,12.0,1.5,7.5,8.0,0.2,0.0,5.0,6.0,2.0,0.0,1.0,0.0,0.0,0.34782609,0.04347826,0.30434783,2.946919942497008,0.0,0.23809523809523808,1.0,0.38461538461538464,0.85714286,1.5473432858785,-0.0473432858784999,3.5365512986977903,32.19686643141132,34.42559158434933,77.48832614098544,0.83333333,0.15384615,0.38461538,0.46153846,0.0,0.0,12.0,18.0,29.0,70.0,99.0,0.11268000304698944,-0.1544799953699112,0.26715999841690063,2.4019999504089355,0.22553999722003937,0.5269560217857361,0.5696669816970825,0.8519999980926514,0.03200000151991844,1.0,1.0,0.148716002702713,0.06511588912222926,0.0,0.0,0.72727273,92.94366197,0.18181818,84.77777778,0.03030303,87.66666667,0.01010101,76.0,0.05050505,84.0,1.951534628868103,1.1496695280075073,-0.24508044123649597,-0.5086522102355957,-0.34243857860565186,2.7104647623168097,6.387052933375041,-8.169348041216534,-50.86522102355957,-6.848771572113037,0.46774194,0.72972973,0.56565657,0.68965517,0.81481481,0.75,0.37373737,0.60869565,0.14141414,4.0,5.0,4.0,2.0,3.0,8.0,13.0,0.30769231,0.38461538,0.30769231,0.15384615,0.23076923,0.61538462,Jake Odorizzi,6397,1.3772814889295588,71.0,0.71717172,0.21212121,0.06060606,0.01010101,92.84366059639085,85.12380836123512,84.11666870117188,75.80000305175781,-6.18450712821853,2.791904812767392,-5.549999872843425,4.849999904632568,9.825070663237236,3.986190432593936,4.920000076293945,-6.360000133514404,1.9977683871984482,0.9045890346169472,-0.4044802747666836,-0.5086522102355957,2.8137582918288,4.307566831509272,-6.74133791277806,-50.86522102355957,0.49056604,0.65217391,0.56565657,0.65384615,0.83333333,0.75,0.46464646,0.01010101,0.38383838,,0.06060606,0.33333333,0.21212121,75.80709838867188,92.9355404502467,,84.11008199055989,92.8472567471591,85.15240187872024,4.943009853363037,-4.76589644582648,,-5.456415176391602,-7.125868363813921,3.3180233183361234,-8.205060005187988,9.174995823910361,,3.51757017771403,8.233379941998106,2.5524488176618303,-0.5086522102355957,1.621210053563118,,-0.4044802747666836,0.3765583336353302,0.9045890346169472,-50.86522102355957,4.2663422462187315,,-6.74133791277806,1.1410858595010005,4.307566831509272,0.5,0.64444444,0.56565657,0.66666667,0.82758621,0.75,0.45454545,13.0,90.37692495492789,20.692307692307693,3.0,0.23076923,105.3,6.0,0.46153846,2019-06-09,0
19,@TBR,8,2019,MIN,A,29,1.0,0.0,0.0,1.0,1.0,0.0,0.0,0.0,0.0,0.0,6.0,21.0,3.0,0.0,0.0,0.0,1.0,0.0,0.0,0.0,0.0,9.0,13.5,1.5,4.5,9.0,0.0,0.5,3.0,5.0,1.0,1.0,0.0,2.0,1.0,0.42857143,0.04761905,0.38095238,2.3010884196230323,0.0,0.15,0.6666666666666666,0.2727272727272727,1.0,0.7140099525451666,-0.7140099525451666,2.3716832965612418,0.0,16.363839115626888,52.25764691966697,0.6,0.11111111,0.33333333,0.55555556,0.2,0.0,7.0,10.5,34.0,74.0,108.0,0.22996799647808075,-0.1581459939479828,0.38811400532722473,3.0840001106262207,0.3101060092449188,0.8171619772911072,0.7081000208854675,0.8700000047683716,0.13779999315738678,1.0,1.0,0.27511900663375854,0.006303774735028245,0.0,0.0,0.81481481,93.85227273,0.01851852,85.0,0.05555556,87.33333333,0.01851852,74.5,0.09259259,84.5,3.732084274291992,-0.15127569437026978,0.1534653902053833,0.006662242114543915,-1.096613883972168,4.241004857149991,-7.563784718513489,2.5577565034230547,0.33311210572719574,-10.96613883972168,0.375,0.76923077,0.56481481,0.57142857,0.725,0.67213115,0.48148148,0.52380952,0.18518519,3.0,2.0,6.0,4.0,2.0,5.0,11.0,0.27272727,0.18181818,0.54545455,0.36363636,0.18181818,0.45454545,Jake Odorizzi,6397,0.014424497833114835,79.0,0.80555556,0.08333333,0.09259259,0.01851852,93.80804373204023,87.17777506510417,84.42000122070313,74.64999389648438,-7.779195149739583,2.089999940660265,-6.638999938964844,6.045000076293945,9.327241042564655,5.422222137451172,3.4430000305175783,-8.430000305175781,3.7815431877970695,-0.03672102466225624,-1.0966138914227486,0.006662242114543915,4.346601365283988,-0.40801138513618046,-10.966138914227486,0.33311210572719574,0.41666667,0.68333333,0.56481481,0.5,0.75609756,0.67213115,0.55555556,0.01851852,0.12037037,0.08333333,0.09259259,0.68518519,,74.79110717773438,93.9271240234375,87.39775933159723,84.60114135742188,94.06350955447635,,6.08188009262085,-4.563147031343901,2.4465469784206815,-6.3583518981933596,-8.00869421056799,,-9.789329528808594,9.645766038161058,4.14157231648763,2.089752769470215,7.987350876266892,,0.006662242114543915,0.6597474552690983,-0.03672102466225624,-1.0966138914227486,3.1217957325279713,,0.33311210572719574,5.07498042514691,-0.40801138513618046,-10.966138914227486,4.218642881794556,,0.41666667,0.68333333,0.56481481,0.5,0.75609756,0.67213115,0.55555556,11.0,89.21111382378473,28.666666666666668,1.0,0.09090909,107.9,5.0,0.45454545,2019-06-02,0
20,CHW,8,2019,MIN,H,29,1.0,0.0,0.0,1.0,1.0,0.0,0.0,0.0,0.0,0.0,5.1,18.0,1.0,0.0,0.0,0.0,1.0,0.0,0.0,0.0,0.0,9.0,15.187509052460822,1.68750100582898,1.68750100582898,9.0,0.0,0.0,2.0,6.0,0.0,0.0,0.0,0.0,0.0,0.5,0.05555556,0.44444444,1.9511376970618715,0.0,0.058823529411764705,0.37500022351755113,0.125,1.0,0.40150827616353313,-0.40150827616353313,2.6393686244539456,0.0,9.590645605787843,58.055628002439086,0.33333333,0.0,0.25,0.75,0.0,0.0,4.0,6.75000402331592,35.0,58.0,93.0,0.258107990026474,-0.060759998857975006,0.3188680112361908,3.081399917602539,0.2901510000228882,0.7868670225143433,0.8198670148849487,0.8700000047683716,0.4564000070095062,1.0,1.0,0.357230007648468,-0.029210173748555,0.0,0.0,0.6344086,93.37288136,0.19354839,85.33333333,0.01075269,89.0,0.01075269,74.0,0.15053763,85.64285714,3.43806791305542,0.6334376335144043,-0.023833870887756348,-0.4630792737007141,0.04905947297811508,5.82723375094139,3.5190979639689126,-2.3833870887756348,-46.30792737007141,0.3504248069865363,0.26,0.74418605,0.48387097,0.53846154,0.625,0.6,0.46236559,0.44444444,0.19354839,3.0,2.0,3.0,0.0,6.0,2.0,8.0,0.375,0.25,0.375,0.0,0.75,0.25,Jake Odorizzi,6397,-0.6387836054121698,79.0,0.6344086,0.20430108,0.15053763,0.01075269,93.38474907309322,85.63157894736842,85.52143205915179,74.19999694824219,-6.646101612155721,3.0042106226870886,-7.199285779680524,3.200000047683716,9.453220173463983,4.001052454898232,3.787142889840262,-7.340000152587891,3.4802320450544357,0.6096037700772285,0.04905947297811508,-0.4630792737007141,5.898698381448196,3.208440895143308,0.3504248069865363,-46.30792737007141,0.27272727,0.67346939,0.48387097,0.58333333,0.60606061,0.6,0.52688172,0.01075269,0.20430108,0.01075269,0.15053763,0.43010753,0.19354839,73.97219848632812,92.71221602590461,89.11180114746094,85.37813023158482,93.55806274414063,85.31458875868056,3.329930067062378,-4.764431200529399,1.5818300247192383,-7.165902273995536,-7.21463623046875,3.5703892178005643,-8.96990966796875,9.477822554738898,5.372680187225342,2.3418540954589844,7.921246337890625,2.667973836263021,-0.4630792737007141,0.344899982213974,-0.023833870887756348,0.04905947297811508,3.1353320628404617,0.6334376409649849,-46.30792737007141,1.815263064284074,-2.3833870887756348,0.3504248069865363,7.838330157101154,3.5190980053610272,0.27906977,0.66,0.48387097,0.58333333,0.60606061,0.6,0.53763441,8.0,91.25,28.75,1.0,0.125,102.1,4.0,0.5,2019-05-26,0
21,@LAA,8,2019,MIN,A,29,0.0,0.0,0.0,1.0,1.0,0.0,0.0,0.0,0.0,0.0,5.0,20.0,3.0,0.0,0.0,0.0,2.0,0.0,0.0,0.0,0.0,6.0,10.8,3.6,5.4,3.0,0.0,1.0,4.0,5.0,2.0,1.0,0.0,1.0,1.0,0.3,0.1,0.2,4.043900934886932,0.0,0.16666666666666666,1.0,0.25,1.0,2.014009952545166,-2.014009952545166,4.003217965364456,0.0,44.54017296683389,87.59618123559933,0.8,0.18181818,0.36363636,0.45454545,0.2,0.0,1.0,1.8,33.0,57.0,90.0,0.3077999949455261,-0.10935000330209732,0.41714999079704285,2.640000104904175,0.2607409954071045,0.9797499775886536,1.093999981880188,0.8700000047683716,1.565000057220459,1.0,1.0,0.2399439960718155,0.07421778191880923,0.0,0.0,0.51111111,92.80434783,0.04444444,85.25,0.05555556,88.4,0.18888889,75.70588235,0.2,85.61111111,1.9733786582946777,-0.3503321409225464,0.15646639466285706,0.3879721760749817,-0.1568271815776825,4.28995360498843,-8.75830352306366,3.129327893257141,2.282189271029304,-0.8712621198760139,0.32692308,0.57894737,0.43333333,0.70588235,0.86363636,0.79487179,0.42222222,0.45,0.08888889,3.0,4.0,5.0,2.0,4.0,6.0,12.0,0.25,0.33333333,0.41666667,0.16666667,0.33333333,0.5,Jake Odorizzi,6397,1.8478080486728097,68.0,0.51111111,0.1,0.2,0.18888889,92.73477836277173,86.73333062065973,85.63333468967014,75.62352797564338,-7.09913038170856,2.3388888041178384,-7.014444563123915,5.224705864401424,10.19108714228091,5.058888753255208,4.291666666666667,-5.315882514504826,2.041899159550667,-0.19386574625968933,-0.1568271890282631,0.3879721723496914,4.438911216414493,-2.154063847329881,-0.8712621612681283,2.2821892491158318,0.33333333,0.52083333,0.43333333,0.64285714,0.88,0.79487179,0.53333333,0.18888889,0.13333333,0.05555556,0.2,0.37777778,0.04444444,75.78797822840073,93.06494140625,88.39893798828125,85.80874294704861,92.92741842830883,85.14025115966797,5.695002387551701,-5.034752527872722,1.951853370666504,-6.744890848795573,-7.2642817777745865,3.8272275924682617,-7.049157535328584,9.335887908935547,5.411705780029297,2.7120480007595487,8.863375495461856,2.1736838817596436,0.3879721723496914,0.3202940933406353,0.15646638721227646,-0.1568271890282631,1.7216050662100315,-0.3503321334719658,2.2821892491158318,2.669117444505294,3.1293277442455287,-0.8712621612681283,5.0635443123824455,-8.758303336799145,0.34146341,0.51020408,0.43333333,0.64285714,0.88,0.79487179,0.54444444,12.0,87.42727383700284,17.636363636363637,0.0,0.0,101.2,3.0,0.25,2019-05-20,0
22,LAA,8,2019,MIN,H,29,1.0,0.0,5.06250301748694,1.0,1.0,0.0,0.0,0.0,0.0,0.0,5.1,26.0,9.0,3.0,3.0,2.0,2.0,0.0,0.0,0.0,0.0,3.0,5.06250301748694,3.37500201165796,15.187509052460822,1.5,0.14285714,0.0,7.0,8.0,6.0,0.0,1.0,0.0,0.0,0.11538462,0.07692308,0.03846154,6.022086264954269,3.37500201165796,0.375,2.0625012293465312,0.3684210526315789,0.97560976,8.089012858273332,-3.0265098407863915,6.197823750265717,108.66448897509586,176.21041144287187,135.13066108613506,0.875,0.28571429,0.33333333,0.38095238,0.0,0.25,6.0,10.12500603497388,35.0,63.0,98.0,0.044116001576185226,-0.529304027557373,0.573419988155365,-0.8655999898910522,-0.08150660246610641,1.0483299493789673,0.9388669729232788,0.8700000047683716,2.0536000728607178,1.0,1.0,-0.22762399911880493,0.2697061714370904,0.0,0.0,0.63265306,93.56451613,0.15306122,85.53333333,0.02040816,88.5,0.09183673,75.33333333,0.10204082,86.4,-1.3267608880996704,-0.31780579686164856,0.06530402600765228,0.08479882031679153,-1.5839976072311401,-2.1399369162897908,-2.1187053124109902,3.265201300382614,0.9422091146310171,-15.839976072311401,0.33333333,0.63414634,0.45918367,0.89473684,0.76923077,0.82222222,0.41836735,0.57692308,0.08163265,6.0,7.0,8.0,3.0,8.0,10.0,21.0,0.28571429,0.33333333,0.38095238,0.14285714,0.38095238,0.47619048,Jake Odorizzi,6397,9.662843253716591,34.0,0.63265306,0.17346939,0.10204082,0.09183673,93.50161447832662,85.86470301011029,86.25999755859375,75.42222086588542,-6.1416128835370465,2.3900000628303077,-7.4620002746582035,4.48999998304579,9.604354366179436,3.155294081744026,3.834999847412109,-6.8211110432942705,-1.326760869473219,-0.2525017783045769,-1.5839975625276566,0.08479882031679153,-2.1399368862471273,-1.485304578262217,-15.839975625276564,0.9422091146310171,0.29411765,0.63829787,0.45918367,0.86666667,0.8,0.82222222,0.47959184,0.09183673,0.2755102,0.17346939,0.10204082,0.35714286,,75.34176974826389,93.51430483217592,85.84290986902573,86.21885375976562,93.51388811383929,,4.619377983940972,-4.44600592719184,2.8085244122673485,-7.4824882507324215,-7.186556570870536,,-8.333831787109375,9.574407506872106,1.8622921214384192,2.429592323303223,8.01539045061384,,0.08479882031679153,-1.373681966215372,-0.2525017783045769,-1.5839975625276566,0.04692109674215317,,0.9422091146310171,-5.087710985982859,-1.485304578262217,-15.839975625276564,0.13406027640615192,,0.28,0.64583333,0.45918367,0.85714286,0.80645161,0.82222222,0.48979592,21.0,89.20476422991071,17.904761904761905,2.0,0.0952381,105.2,7.0,0.33333333,2019-05-15,0
23,DET,8,2019,MIN,H,29,1.0,0.0,0.0,1.0,1.0,0.0,0.0,0.0,0.0,0.0,7.0,22.0,1.0,0.0,0.0,0.0,0.0,0.0,0.0,0.0,0.0,5.0,6.428571428571429,0.0,1.2857142857142858,5.0,0.0,0.0,3.0,11.0,3.0,2.0,0.0,0.0,0.0,0.22727273,0.0,0.22727273,4.858356873418669,0.0,0.045454545454545456,0.14285714285714285,0.058823529411764705,1.0,1.7854385239737376,-1.7854385239737376,4.9113368298326225,0.0,39.58609228969859,107.26575385859118,0.27272727,0.17647059,0.17647059,0.64705882,0.18181818,0.0,6.0,7.714285714285714,29.0,66.0,95.0,0.2961359918117523,-0.03860799968242645,0.33474400639533997,3.9484000205993652,0.37178900837898254,0.6014180183410645,0.7525140047073364,0.8700000047683716,0.1632000058889389,1.0,1.0,0.4973759949207306,-0.0049797201489736875,0.0,0.0,0.52631579,93.1,0.2,84.78947368,0.04210526,87.5,0.06315789,75.83333333,0.16842105,85.625,3.0293407440185547,0.7563979029655457,0.3167182207107544,0.1351313292980194,0.6846002340316772,6.058681488037109,3.9810415945555033,7.91795551776886,2.2521888216336565,4.278751462697983,0.45283019,0.66666667,0.54736842,0.70833333,0.96428571,0.84615385,0.44210526,0.59090909,0.08421053,4.0,8.0,5.0,3.0,7.0,7.0,17.0,0.23529412,0.47058824,0.29411765,0.17647059,0.41176471,0.41176471,Jake Odorizzi,6397,1.1388723966582273,87.0,0.52631579,0.24210526,0.16842105,0.06315789,92.96599609375,85.21739130434783,85.5999984741211,75.68333435058594,-5.761799926757813,3.0660868105681045,-7.060625076293945,4.3233334223429365,9.8702001953125,3.4465215931768003,3.4387500286102295,-6.7549997965494795,3.05569701641798,1.115280356258154,0.6939727403223515,0.1351313292980194,6.11139403283596,4.849045027209365,4.337329627014697,2.2521888216336565,0.46666667,0.62,0.54736842,0.71428571,0.93548387,0.84615385,0.52631579,0.06315789,0.25263158,0.01052632,0.16842105,0.27368421,0.23157895,75.84805297851562,93.06692504882812,89.05059814453125,85.78115844726562,93.30605844350961,85.2562089399858,4.612451553344727,-4.398585319519043,1.1259000301361084,-6.947233200073242,-6.545218834510217,3.6200360384854404,-8.078446706136068,9.489320755004883,4.62401008605957,2.154080629348755,8.467864403357872,2.3031973405317827,0.1351313292980194,1.7400979921221733,0.23400616645812988,0.6939727403223515,1.3155990242958069,0.881274189800024,2.2521888216336565,7.250408300509055,23.40061664581299,4.337329627014697,5.059996247291565,4.0057917718182905,0.46666667,0.62,0.54736842,0.71428571,0.93548387,0.84615385,0.52631579,17.0,90.4470573874081,29.41176470588235,1.0,0.05882353,107.1,8.0,0.47058824,2019-05-10,0
24,@NYY,8,2019,MIN,A,29,1.0,0.0,0.0,1.0,1.0,0.0,0.0,0.0,0.0,0.0,6.0,23.0,2.0,0.0,0.0,0.0,4.0,0.0,0.0,0.0,0.0,8.0,12.0,6.0,3.0,2.0,0.0,0.0,5.0,3.0,3.0,0.0,0.0,0.0,0.0,0.34782609,0.17391304,0.17391305,4.573384923818578,0.0,0.10526315789473684,1.0,0.18181818181818182,1.0,2.5473432858785,-2.5473432858785,3.541947292288145,0.0,56.09969454681626,77.60520168663425,1.66666667,0.27272727,0.45454545,0.27272727,0.0,0.0,5.0,7.5,35.0,65.0,100.0,0.32629600167274475,-0.14354799687862396,0.4698440134525299,3.305999994277954,0.31666699051856995,0.9161829948425293,0.9733999967575073,0.8700000047683716,0.47440001368522644,1.0,1.0,0.2839460074901581,0.07220118527543945,0.0,0.0,0.48,93.58333333,0.17,85.35294118,0.12,87.66666667,0.06,77.0,0.17,86.94117647,2.2733874320983887,-0.21261794865131378,0.18550460040569305,-0.7718452215194702,0.8674760460853577,4.736223816871643,-1.2506938155959635,1.545871670047442,-12.864087025324503,5.10280027109034,0.31481481,0.65217391,0.47,0.70588235,0.76666667,0.74468085,0.46,0.69565217,0.12,4.0,5.0,2.0,1.0,5.0,5.0,11.0,0.36363636,0.45454545,0.18181818,0.09090909,0.45454545,0.45454545,Jake Odorizzi,6397,3.2198292180552284,74.0,0.48,0.29,0.17,0.06,93.53542073567708,86.24827417834052,86.84117934283088,77.0499979654948,-6.372083028157552,2.8879310344827585,-7.484117844525506,5.771666844685872,9.995833079020182,3.828275746312635,3.819411782657399,-6.196666717529297,2.2733873315155506,-0.02711334452033043,0.8674760274589062,-0.7718452326953411,4.736223607324064,-0.09349429144941528,5.102800161522977,-12.864087211589018,0.28571429,0.64705882,0.47,0.64285714,0.78787879,0.74468085,0.51,0.06,0.21,0.18,0.16,0.21,0.09,77.01953125,93.77047293526786,87.1937255859375,86.87509155273438,93.67571730840774,84.5565185546875,6.168273289998372,-4.981079828171503,2.9565340677897134,-7.332200527191162,-7.247828892299107,3.9017889234754772,-8.151325225830078,9.78311520531064,3.5741950141059027,2.2267637252807617,7.907584780738468,0.31698788536919487,-0.7718452326953411,1.173582412302494,0.4106470085680485,0.715818177908659,1.0030053295195103,-0.41392648220062256,-12.864087211589018,5.588487677630924,2.2813722698224916,4.473863611929119,4.776215854854811,-4.599183135562472,0.28571429,0.64705882,0.47,0.64285714,0.78787879,0.74468085,0.51,11.0,90.47272838245739,12.363636363636363,1.0,0.09090909,99.8,3.0,0.27272727,2019-05-04,0
25,HOU,8,2019,MIN,H,29,1.0,0.0,0.0,1.0,1.0,0.0,0.0,0.0,0.0,0.0,7.0,26.0,4.0,0.0,0.0,0.0,1.0,0.0,0.0,0.0,0.0,7.0,9.0,1.2857142857142858,5.142857142857143,7.0,0.0,0.0,2.0,12.0,4.0,1.0,0.0,0.0,0.0,0.26923077,0.03846154,0.23076923,4.676416152852849,0.0,0.16,0.7142857142857143,0.2222222222222222,1.0,1.6425813811165948,-1.6425813811165948,5.052652260235378,0.0,36.48979186648903,110.32660220104273,0.16666667,0.22222222,0.11111111,0.66666667,0.08333333,0.0,1.0,1.2857142857142858,29.0,57.0,86.0,0.48324400186538696,-0.1652120053768158,0.6484559774398804,3.9484000205993652,0.37178900837898254,1.1567800045013428,1.1905100345611572,0.8700000047683716,2.171600103378296,1.0,1.0,0.3888089954853058,0.028940274025711255,0.0,0.0,0.51162791,92.27272727,0.27906977,83.66666667,0.03488372,87.33333333,0.03488372,75.33333333,0.13953488,84.83333333,1.8207305669784546,1.5457360744476318,0.35666754841804504,-0.25673946738243103,0.13450747728347778,4.1380240158601245,6.440566976865132,11.888918280601501,-8.557982246081036,1.1208956440289817,0.40350877,0.62068966,0.47674419,0.52173913,0.94444444,0.70731707,0.3372093,0.57692308,0.13953488,5.0,2.0,11.0,3.0,11.0,4.0,18.0,0.27777778,0.11111111,0.61111111,0.16666667,0.61111111,0.22222222,Jake Odorizzi,6397,1.7779509047731896,81.0,0.51162791,0.31395349,0.13953488,0.03488372,92.22727272727273,84.07778139467592,84.76666768391927,75.16666666666667,-5.457272616299716,2.784444455747251,-6.971666971842448,4.883333206176758,9.509545759721236,2.7911111337167247,3.1716667811075845,-7.333333333333333,1.8049225620925426,1.9024036042392254,0.17667168378829956,-0.25673945993185043,4.102096732028506,7.045939274960094,1.4722640315691629,-8.557981997728348,0.35555556,0.6097561,0.47674419,0.375,0.92,0.70731707,0.47674419,0.03488372,0.44186047,0.03488372,0.13953488,0.04651163,0.27906977,75.35480244954427,92.45469263980263,87.77816772460938,85.02771504720052,93.1439208984375,83.88039143880208,5.118216514587402,-4.636619567871094,1.836270014444987,-6.712332407633464,-8.669380187988281,3.5775632858276367,-8.578317006429037,8.610444721422697,5.579473495483398,1.7877909342447917,7.178282737731934,1.01216459274292,-0.25673945993185043,2.907099310308695,0.35666753724217415,0.17667168378829956,-1.106029100716114,1.5457360669970512,-8.557981997728348,7.650261342917617,11.888917908072472,1.4722640315691629,-27.65072751790285,6.440566945821047,0.36363636,0.5952381,0.47674419,0.375,0.92,0.70731707,0.48837209,18.0,86.23333062065973,35.111111111111114,0.0,0.0,104.6,3.0,0.16666667,2019-04-29,0
26,@HOU,8,2019,MIN,A,29,1.0,0.0,3.176468806284284,1.0,1.0,0.0,0.0,0.0,0.0,0.0,5.2,25.0,8.0,2.0,2.0,1.0,0.0,0.0,1.0,0.0,0.0,2.0,3.176468806284284,0.0,12.705875225137136,2.0,0.0,1.0,7.0,9.0,5.0,2.0,0.0,1.0,1.0,0.08,0.0,0.08,5.852006334886933,1.588234403142142,0.3333333333333333,1.4117639139041263,0.3333333333333333,0.92105263,5.331655823401356,-2.1551870171170715,6.196868064272762,68.18156125298643,116.44717116477419,135.1099612242792,0.77777778,0.23809524,0.33333333,0.42857143,0.22222222,0.11111111,7.0,11.117640821994993,37.0,63.0,100.0,0.17231999337673187,-0.2705000042915344,0.4428200125694275,0.8659999966621399,0.08681699633598328,0.9309999942779541,0.8753330111503601,0.9100000262260437,0.35499998927116394,1.0,1.0,0.04931199923157692,0.1357792944696398,0.0,0.0,0.44,93.22727273,0.14,82.61538462,0.02,86.5,0.26,75.65384615,0.14,85.92857143,-1.122511625289917,0.3072514533996582,0.17990243434906006,-1.0563135147094727,0.6874954700469971,-2.551162784749811,2.194653238568987,8.995121717453003,-4.062744287344126,4.910681928907122,0.23913043,0.64814815,0.46,0.81818182,0.85714286,0.84782609,0.54,0.64,0.07,4.0,12.0,6.0,6.0,6.0,10.0,22.0,0.18181818,0.54545455,0.27272727,0.27272727,0.27272727,0.45454545,Jake Odorizzi,6397,5.887113411254577,50.0,0.44444444,0.15151515,0.14141414,0.26262626,93.09318403764205,82.97333170572917,85.94285365513393,75.63846059945914,-5.880909312855113,2.9953333536783853,-6.255714416503906,4.868461608886719,9.634545759721236,0.6073333104451497,3.284285681588309,-7.7573077862079325,-1.0803473703563213,0.5682288222014904,0.7296596765518188,-1.0563135668635368,-2.455334932628003,3.7881921480099363,5.211854832512992,-4.06274448793668,0.17073171,0.67241379,0.46464646,0.71428571,0.87179487,0.84782609,0.58585859,0.26,0.21,,0.13,0.23,0.13,75.75035212590144,93.09542410714286,,86.1348876953125,93.49323836616848,82.90071927584134,5.196323101337139,-4.289991832914806,,-6.219188396747295,-6.723128609035326,3.4992144658015323,-9.557748060960035,9.104855492001487,,1.7996380145733173,7.796060313349185,-1.1492509108323317,-1.0563135668635368,1.2173798494040966,,0.6643556505441666,-2.297727219760418,0.3098340071737766,-4.06274448793668,5.797046901924269,,5.1104280811089735,-9.990118346784426,2.3833385167213583,0.15,0.6779661,0.46464646,0.66666667,0.875,0.84782609,0.5959596,22.0,86.95714169456845,14.666666666666666,2.0,0.09090909,111.8,7.0,0.31818182,2019-04-22,0
27,TOR,8,2019,MIN,H,29,1.0,0.0,1.588234403142142,1.0,1.0,0.0,0.0,0.0,0.0,0.0,5.2,23.0,6.0,1.0,1.0,0.0,1.0,0.0,0.0,0.0,0.0,6.0,9.529406418852851,1.588234403142142,9.529406418852851,6.0,0.0,1.0,3.0,7.0,5.0,0.0,0.0,1.0,1.0,0.26086957,0.04347826,0.21739131,4.085021986720619,0.0,0.2727272727272727,1.2352934246661105,0.375,0.85714286,1.6257755494030242,-0.03754114626088212,4.083031127931833,34.09078062649321,36.12554053955922,89.32490955390057,0.42857143,0.33333333,0.2,0.46666667,0.0,0.0,4.0,6.352937612568568,37.0,64.0,101.0,0.2231760025024414,-0.2640640139579773,0.4872399866580963,2.1284000873565674,0.2004140019416809,1.03125,1.0044000148773193,0.8700000047683716,0.7748000025749207,1.0,1.0,0.1388629972934723,0.07755009604222846,0.0,0.0,0.58415842,91.45762712,0.07920792,82.75,0.01980198,85.0,0.22772277,74.86956522,0.08910891,84.77777778,0.6840538382530212,0.11425583064556122,-0.06573854386806488,0.38214367628097534,0.5091832280158997,1.1594132851746124,1.4281978830695152,-3.286927193403244,1.6614942446998928,5.657591422398886,0.28070175,0.56818182,0.40594059,0.5,0.8,0.68292683,0.43564356,0.52173913,0.12871287,7.0,7.0,2.0,0.0,12.0,4.0,16.0,0.4375,0.4375,0.125,0.0,0.75,0.25,Jake Odorizzi,6397,3.199677780863647,65.0,0.58415842,0.0990099,0.08910891,0.22772277,91.4220322431144,83.25,84.76666937934027,74.82608695652173,-6.136101674225371,2.6989999771118165,-6.184444427490234,4.931304268215014,9.828305001986228,2.0799999237060547,3.798888736300998,-7.100434676460598,0.684053860604763,0.04851728305220604,0.5513474456965923,0.4243078902363777,1.1594133230589203,0.48517283052206034,6.126082729962137,1.8448169140712074,0.26415094,0.5625,0.40594059,0.35714286,0.85185185,0.68292683,0.47524752,0.22772277,0.33663366,,0.08910891,0.24752475,0.0990099,74.85390837296195,91.36529181985294,,84.83269585503473,91.78103515625,83.34212036132813,5.288879062818444,-4.344226612764246,,-5.961978912353516,-7.845792236328125,3.3128028869628907,-8.757541822350543,9.115526087143841,,2.444935268825955,8.365806274414062,0.6292346000671387,0.4243078902363777,0.7268003448843956,,0.5513474456965923,-0.04274648427963257,0.04851728305220604,1.8448169140712074,2.137648073189399,,6.126082729962137,-0.17098593711853027,0.48517283052206034,0.25925926,0.57446809,0.40594059,0.35714286,0.85185185,0.68292683,0.46534653,16.0,88.36666666666666,17.066666666666666,1.0,0.0625,109.8,4.0,0.25,2019-04-17,0
28,@NYM,8,2019,MIN,A,29,0.0,1.0,5.785710344511887,1.0,1.0,0.0,0.0,0.0,0.0,0.0,4.2,18.0,1.0,3.0,3.0,0.0,4.0,0.0,0.0,0.0,0.0,3.0,5.785710344511887,7.714280459349183,1.9285701148372958,0.75,0.0,0.0,3.0,4.0,3.0,1.0,0.0,1.0,0.0,0.16666667,0.22222222,-0.05555555,7.579591283689833,0.0,0.07142857142857142,1.0714278415762755,0.09090909090909091,0.4,4.499723362436697,1.2859869820751904,6.204757640533661,124.18782878205602,98.41578134800768,135.28084699628576,0.75,0.3,0.3,0.4,0.25,0.0,1.0,1.9285701148372958,30.0,41.0,71.0,0.17962999641895294,-0.27755799889564514,0.4571880102157593,1.5920000076293945,0.17145900428295135,1.3723900318145752,1.0864800214767456,0.8700000047683716,4.51639986038208,1.0,1.0,0.19396500289440155,-0.06307655846184762,0.0,0.0,0.66197183,92.06382979,0.04225352,83.0,0.02816901,85.0,0.09859155,75.71428571,0.16901408,84.66666667,0.9110192060470581,0.28739163279533386,0.11087699234485626,0.595247745513916,-0.240025132894516,1.9383387362703361,9.579721093177795,5.543849617242813,8.503539221627372,-2.000209440787633,0.23684211,0.75757576,0.47887324,1.0,0.56,0.67647059,0.46478873,0.72222222,0.15492958,3.0,3.0,5.0,4.0,4.0,3.0,11.0,0.27272727,0.27272727,0.45454545,0.36363636,0.36363636,0.27272727,Jake Odorizzi,6397,5.955277762685875,54.0,0.66197183,0.07042254,0.16901408,0.09859155,92.02553607047872,83.67999877929688,84.64999898274739,75.72856794084821,-6.4408510898021945,2.8760000228881837,-7.8808333079020185,5.315714154924665,11.226807939245345,3.3880001068115235,4.975833257039388,-7.785714285714286,0.9110192060470581,0.4404328279197216,-0.2400251403450966,0.5794397927820683,1.9383387362703361,8.808656558394432,-2.000209502875805,8.277711325458117,0.14705882,0.78378378,0.47887324,1.0,0.62068966,0.67647059,0.52112676,0.09859155,0.30985915,0.04225352,0.16901408,0.35211268,0.02816901,75.58171735491071,92.09955388849431,84.34320068359375,84.61651611328125,91.997138671875,82.60635375976562,5.947537013462612,-3.8916015625,2.6634133656819663,-7.738972345987956,-7.8098077392578125,4.621114730834961,-9.947479248046875,10.388091347434305,3.9304399490356445,3.2495978673299155,9.404559326171874,-1.6843349933624268,0.5794397927820683,-0.31778810918331146,0.42593495920300484,-0.2400251403450966,1.2288073152303696,0.014497868716716766,8.277711325458117,-1.4444914053786884,14.197831973433495,-2.000209502875805,4.915229260921478,0.7248934358358383,0.14705882,0.78378378,0.47887324,1.0,0.62068966,0.67647059,0.52112676,11.0,88.45999755859376,25.1,0.0,0.0,108.7,4.0,0.36363636,2019-04-10,0
29,@PHI,8,2019,MIN,A,29,0.0,1.0,54.00005632644807,1.0,1.0,0.0,0.0,0.0,0.0,0.0,0.2,7.0,2.0,5.0,4.0,0.0,3.0,0.0,0.0,0.0,0.0,1.0,13.500014081612017,40.50004224483605,27.000028163224034,0.33333333,0.0,0.0,0.0,2.0,1.0,0.0,0.0,0.0,0.0,0.14285714,0.42857143,-0.28571429,13.214494399267135,0.0,0.5,7.500007823117787,0.6666666666666666,0.0,13.714020904910068,40.286035421538,19.68165116809137,1159.088400554224,298.12741501038147,427.1861760721999,0.0,0.33333333,0.0,0.66666667,0.0,0.0,0.0,0.0,18.0,18.0,36.0,-0.1960120052099228,-0.26478999853134155,0.06877800077199936,-2.26200008392334,-0.22274699807167053,1.0872299671173096,0.8700000047683716,0.8700000047683716,1.955399990081787,1.0,1.0,-0.15858599543571472,-0.02169969493173407,0.0,0.0,0.61111111,91.13636364,0.08333333,83.0,,,0.19444444,74.14285714,0.11111111,84.0,-0.7546683549880981,-0.24761398136615753,,-0.3742389976978302,-0.25786370038986206,-3.430310704491355,-8.253799378871918,,-5.346271395683289,-6.4465925097465515,0.15,0.6875,0.38888889,0.33333333,0.63636364,0.57142857,0.44444444,0.42857143,0.16666667,2.0,0.0,1.0,0.0,1.0,2.0,3.0,0.66666667,0.0,0.33333333,0.0,0.33333333,0.66666667,Jake Odorizzi,6397,11.452214205520429,22.0,0.61111111,0.08333333,0.11111111,0.19444444,91.1181807084517,83.0,83.8499984741211,74.12857491629464,-5.465909090909091,4.136666615804036,-7.832499980926514,6.432856968470982,11.651364413174717,3.2899999618530273,3.880000114440918,-8.425714220319476,-0.7125041373074055,-0.24761397764086723,-0.25786370411515236,-0.3742390051484108,-3.238655169579116,-8.253799254695576,-6.446592602878809,-5.346271502120154,0.11111111,0.66666667,0.38888889,0.0,0.66666667,0.57142857,0.5,0.19444444,0.22222222,,0.11111111,0.38888889,0.08333333,74.22240339006696,91.13943481445312,,83.97432708740234,91.34120396205357,83.11993408203125,6.9689772469656805,-3.3206138610839844,,-7.764369964599609,-6.05926513671875,4.83549690246582,-10.538871765136719,10.160987854003906,,2.11909556388855,10.099842616489955,1.731733004252116,-0.3742390051484108,0.25501902028918266,,-0.25786370411515236,-0.9675231575965881,-0.24761397764086723,-5.346271502120154,3.1877377536147833,,-6.446592602878809,-6.910879697118487,-8.253799254695576,0.11111111,0.66666667,0.38888889,0.0,0.66666667,0.57142857,0.5,3.0,95.43332926432292,19.0,0.0,0.0,101.1,1.0,0.33333333,2019-04-05,0
30,CLE,8,2019,MIN,H,29,0.0,0.0,1.5,1.0,1.0,0.0,0.0,0.0,0.0,0.0,6.0,21.0,1.0,1.0,1.0,1.0,2.0,0.0,0.0,0.0,0.0,11.0,16.5,3.0,1.5,5.5,0.0,0.0,2.0,4.0,0.0,1.0,0.0,2.0,0.0,0.52380952,0.0952381,0.42857142,2.0501315688523305,1.5,0.05263157894736842,0.5,0.0,1.0,2.7140099525451666,-1.2140099525451666,1.87348196109136,32.19686643141132,59.712045040560746,41.466760690654056,0.5,0.0,0.33333333,0.66666667,0.25,0.25,1.0,1.5,35.0,57.0,92.0,0.24947600066661835,-0.16225199401378632,0.41172799468040466,2.384399890899658,0.2245199978351593,0.818913996219635,1.0666699409484863,0.8700000047683716,1.5515999794006348,1.0,1.0,0.17535899579524994,0.1292834963568908,0.0,0.0,0.65217391,91.98333333,0.08695652,82.5,0.02173913,85.0,0.08695652,73.875,0.15217391,84.85714286,2.439577102661133,0.07028493285179138,0.003262333571910858,-0.04999910295009613,0.39123842120170593,4.065961837768555,0.8785616606473923,0.1631166785955429,-0.6249887868762016,2.7945601514407565,0.19230769,0.725,0.42391304,0.7,0.65517241,0.66666667,0.43478261,0.52380952,0.14130435,5.0,1.0,2.0,5.0,0.0,3.0,8.0,0.625,0.125,0.25,0.625,0.0,0.375,Jake Odorizzi,6397,2.119454780284608,74.0,0.65217391,0.10869565,0.15217391,0.08695652,91.94666341145833,83.00999755859375,84.80714634486607,73.9000015258789,-6.486833190917968,2.9220001220703127,-8.509285518101283,5.257500171661377,10.815000406901042,3.4200000762939453,6.517142704554966,-7.547500133514404,2.4395770244300365,0.07354727014899254,0.39123842492699623,-0.04999910295009613,4.065961707383394,0.7354727014899254,2.794560178049973,-0.6249887868762016,0.15909091,0.66666667,0.42391304,0.71428571,0.65625,0.66666667,0.52173913,0.08695652,0.40217391,0.02173913,0.15217391,0.25,0.08695652,73.90139770507812,92.07371727195945,85.02429962158203,84.85900006975446,91.97628651494566,82.6072006225586,5.8669023513793945,-4.924155157965583,1.4682849645614624,-8.355252947126116,-8.153562462848166,3.963383674621582,-9.486316680908203,9.786639239336994,5.359055042266846,4.984984261648996,9.715133666992188,1.2706704139709473,-0.04999910295009613,0.9515086263418198,0.003262333571910858,0.39123842492699623,1.4880683980882168,0.07028493657708168,-0.6249887868762016,2.571644936058972,0.1631166785955429,2.794560178049973,6.469862600383551,0.878561707213521,0.14285714,0.66,0.42391304,0.66666667,0.66666667,0.66666667,0.54347826,8.0,88.09999593098958,18.0,1.0,0.125,113.8,2.0,0.25,2019-03-30,0
