,Team,Opp,season,Age,BatOrder,Pos,G,AB,PA,H,1B,2B,3B,HR,R,RBI,BB,IBB,SO,HBP,SF,SH,GDP,SB,CS,AVG,GB,FB,LD,IFFB,Pitches,Balls,Strikes,IFH,BU,BUH,BB%,K%,BB/K,OBP,SLG,OPS,ISO,BABIP,GB/FB,LD%,GB%,FB%,IFFB%,HR/FB,IFH%,BUH%,wOBA,wRAA,wRC,Spd,wRC+,wBSR,WPA,-WPA,+WPA,RE24,REW,pLI,phLI,PH,WPA/LI,Clutch,FB%1,FBv,SL%,SLv,CT%,CTv,CB%,CBv,CH%,CHv,SF%,SFv,wFB,wSL,wCT,wCB,wCH,wSF,wFB/C,wSL/C,wCT/C,wCB/C,wCH/C,wSF/C,O-Swing%,Z-Swing%,Swing%,O-Contact%,Z-Contact%,Contact%,Zone%,F-Strike%,SwStr%,Pull,Cent,Oppo,Soft,Med,Hard,bipCount,Pull%,Cent%,Oppo%,Soft%,Med%,Hard%,pfxFA%,pfxFT%,pfxFC%,pfxSI%,pfxSL%,pfxCU%,pfxCH%,pfxvFA,pfxvFT,pfxvFC,pfxvSI,pfxvSL,pfxvCU,pfxvCH,pfxFA-X,pfxFT-X,pfxFC-X,pfxSI-X,pfxSL-X,pfxCU-X,pfxCH-X,pfxFA-Z,pfxFT-Z,pfxFC-Z,pfxSI-Z,pfxSL-Z,pfxCU-Z,pfxCH-Z,pfxwFA,pfxwFT,pfxwFC,pfxwSI,pfxwSL,pfxwCU,pfxwCH,pfxwFA/C,pfxwFT/C,pfxwFC/C,pfxwSI/C,pfxwSL/C,pfxwCU/C,pfxwCH/C,pfxO-Swing%,pfxZ-Swing%,pfxSwing%,pfxO-Contact%,pfxZ-Contact%,pfxContact%,pfxZone%,piCH%,piCU%,piFA%,piFC%,piSI%,piSL%,pivCH,pivCU,pivFA,pivFC,pivSI,pivSL,piCH-X,piCU-X,piFA-X,piFC-X,piSI-X,piSL-X,piCH-Z,piCU-Z,piFA-Z,piFC-Z,piSI-Z,piSL-Z,piwCH,piwCU,piwFA,piwFC,piwSI,piwSL,piwCH/C,piwCU/C,piwFA/C,piwFC/C,piwSI/C,piwSL/C,piO-Swing%,piZ-Swing%,piSwing%,piO-Contact%,piZ-Contact%,piContact%,piZone%,Events,EV,LA,Barrels,Barrel%,maxEV,HardHit,HardHit%,PlayerName,playerid,gamedate,dh
0,- - -,- - -,2019,24,- - -,- - -,12.0,40.0,41.0,6.0,4.0,2.0,0.0,0.0,3.0,1.0,0.0,0.0,14.0,1.0,0.0,0.0,0.0,0.0,0.0,0.15,8.0,15.0,3.0,4.0,164.0,60.0,104.0,0.0,0.0,0.0,0.0,0.34146341,0.0,0.17073171,0.2,0.37073171,0.05,0.23076923,0.53333333,0.11538462,0.30769231,0.57692308,0.26666667,0.0,0.0,0.0,0.1617310585045233,-5.606958276207274,-0.44677563625079897,2.642857142857143,-4.891547004845042,-0.010893711587414145,-0.7928138771094382,-1.1304759923368692,0.3376620002090931,-7.062000047415495,-0.7145688915625215,1.3217560307281773,1.2115000039339066,2.0,-0.5736724007874727,-0.026146218290560852,0.56707317,93.43010753,0.12804878,85.33333333,0.07926829,88.92307692,0.12195122,79.0,0.09146341,83.66666667,0.01219512,85.5,-1.0541070401668549,-1.639673687517643,-0.833270788192749,-0.35481806099414825,-1.4619391113519669,-0.17391111701726913,-1.1334484302869408,-7.807969940560204,-6.409775293790378,-1.7740903049707415,-9.746260742346445,-8.695555850863457,0.31182796,0.78873239,0.51829268,0.62068966,0.83928571,0.76470588,0.43292683,0.70731707,0.12195122,11.0,9.0,6.0,7.0,15.0,4.0,26.0,0.42307692,0.34615385,0.23076923,0.26923077,0.57692308,0.15384615,0.41463415,0.09146341,0.11585366,0.04268293,0.11585366,0.12195122,0.09756098,93.529411203721,91.56666564941406,91.0210519087942,91.41428484235492,84.80526251541941,79.10500068664551,83.6000018119812,-2.9257353263742782,-4.074666468302409,0.424736834670368,1.8185713631766183,2.151578903198242,4.7709999799728395,-8.673125177621841,9.383088260012514,7.288000011444092,6.0184210852572795,6.758571079799107,2.0505262738779972,-4.892499947547913,3.9918750394135714,-0.6789043806493282,-0.16565237194299698,-1.0393833108246326,-0.15575123950839043,-1.0927678421139717,-0.7503067962825298,-1.570546206086874,-0.9983887950725415,-1.1043491462866464,-5.470438478024382,-2.22501770726272,-5.751409695336694,-3.751533981412649,-9.815913788042963,0.23611111,0.73913043,0.51829268,0.41176471,0.83823529,0.75294118,0.56097561,0.10365854,0.10365854,0.53658537,0.06707317,0.04878049,0.1402439,83.87117139030906,78.74564541087432,93.58606685291637,88.71773459694602,90.82888698577881,84.46288266389266,-8.10216999053955,7.1771805847392365,-2.2690100832418962,0.7603971453552897,-0.5418111681938171,1.3874626159667969,2.8181160478030933,-7.412309842951157,8.07214574583552,3.9140928116711704,3.51475790143013,0.2780037133590035,-1.6358502320945263,-0.1430036723613739,-0.9826403521001339,-0.572326023131609,-0.3601081930100918,-1.759383674710989,-9.62264842408545,-0.8411980727139642,-1.1166367637501522,-5.202963846650991,-4.501352412626147,-7.649494237873864,0.23188406,0.72631579,0.51829268,0.375,0.84057971,0.75294118,0.57926829,26.0,83.37307827289288,31.307692307692307,1.0,0.03846154,106.1,4.0,0.15384615,Jake Fraley,19260,2050-01-01,0
1,SEA,@HOU,2019,24,8,CF,1.0,0.0,0.0,0.0,0.0,0.0,0.0,0.0,0.0,0.0,0.0,0.0,0.0,0.0,0.0,0.0,0.0,0.0,0.0,0.0,0.0,0.0,0.0,0.0,0.0,0.0,0.0,0.0,0.0,0.0,0.0,0.0,0.0,0.0,0.0,0.0,0.0,0.0,0.0,0.0,0.0,0.0,0.0,0.0,0.0,0.0,0.0,0.0,0.0,0.142857142857143,,0.0,,,,,,,,0.0,,,,,,,,,,,,,,,,,,,,,,,,,,,,,,,,,,,,,,,,,,,,,,,,,,,,,,,,,,,,,,,,,,,,,,,,,,,,,,,,,,,,,,,,,,,,,,,,,,,,,,,,,,,,,,,,,,,,,,,,,,,,,,,,,,,,,,,,,,,,,0.0,,,,,,,,Jake Fraley,19260,2019-09-07,0
2,SEA,@HOU,2019,24,9,PH-CF,1.0,2.0,2.0,0.0,0.0,0.0,0.0,0.0,0.0,0.0,0.0,0.0,2.0,0.0,0.0,0.0,0.0,0.0,0.0,0.0,0.0,0.0,0.0,0.0,10.0,3.0,7.0,0.0,0.0,0.0,0.0,1.0,0.0,0.0,0.0,0.0,0.0,0.0,0.0,0.0,0.0,0.0,0.0,0.0,0.0,0.0,0.0,-0.5531145360127323,-0.3013983096733921,0.142857142857143,-100.0,0.0,-0.06509999930858612,-0.06509999930858612,0.0,-0.5389999747276306,-0.05403510108590126,1.2730000019073486,1.930999994277954,1.0,-0.054025501012802124,0.002886459998626051,0.3,90.0,0.2,81.0,0.1,91.0,0.4,81.5,,,,,0.006425835192203522,-0.2912139296531677,-0.05931270867586136,-0.20336726307868958,,,0.21419450640678406,-14.560696482658386,-5.931270867586136,-5.084181576967239,,,0.4,0.6,0.5,0.5,0.66666667,0.6,0.5,1.0,0.2,0.0,0.0,0.0,0.0,0.0,0.0,0.0,,,,,,,0.3,,0.1,,0.2,0.4,,90.06667073567708,,90.69999694824219,,80.80000305175781,81.67500305175781,,-13.123332977294922,,0.7799999713897705,,6.139999866485596,5.532500267028809,,0.18666666746139526,,5.929999828338623,,3.805000066757202,-7.807499885559082,,0.006425835192203522,,-0.05931270867586136,,-0.291213933378458,-0.21273976936936378,,0.21419450640678406,,-5.931270867586136,,-14.560696668922901,-5.318494234234095,,0.5,0.5,0.5,0.5,0.66666667,0.6,0.6,,0.4,0.3,0.1,,0.2,,81.763671875,90.21527099609375,90.83689880371094,,80.90119934082031,,6.114757537841797,-12.233800252278646,1.4760600328445435,,7.157520294189453,,-9.84115219116211,-0.1592953403790792,4.761040210723877,,3.2940449714660645,,-0.21273976936936378,0.006425835192203522,-0.05931270867586136,,-0.291213933378458,,-5.318494234234095,0.21419450640678406,-5.931270867586136,,-14.560696668922901,0.66666667,0.42857143,0.5,0.5,0.66666667,0.6,0.7,0.0,,,0.0,,,0.0,,Jake Fraley,19260,2019-09-06,0
3,SEA,@HOU,2019,24,8,RF,1.0,6.0,6.0,1.0,1.0,0.0,0.0,0.0,0.0,1.0,0.0,0.0,2.0,0.0,0.0,0.0,0.0,0.0,0.0,0.16666667,1.0,3.0,0.0,3.0,22.0,8.0,14.0,0.0,0.0,0.0,0.0,0.33333333,0.0,0.16666667,0.16666667,0.33333334,0.0,0.25,0.33333333,0.0,0.25,0.75,1.0,0.0,0.0,0.0,0.14493454496065775,-0.9076450770087636,-0.152496397990743,0.142857142857143,-16.247880960571347,-0.002178742317482829,-0.0817599967122078,-0.12752999365329742,0.04577000066637993,0.019999999552965164,0.002005009911954403,0.944832980632782,,0.0,-0.08015269786119461,-0.006381111169742007,0.5,94.27272727,,,0.22727273,91.0,,,0.27272727,86.33333333,,,-0.001471295952796936,,-0.5931512117385864,,-0.36217162013053894,,-0.013375417752699419,,-11.863024234771729,,-6.036193668842316,,0.30769231,0.88888889,0.54545455,1.0,0.875,0.91666667,0.40909091,0.5,0.04545455,3.0,1.0,0.0,3.0,1.0,0.0,4.0,0.75,0.25,0.0,0.75,0.25,0.0,0.54545455,,0.18181818,,,,0.27272727,93.90833536783855,,91.42500305175781,,,,86.31667073567708,-3.1041666666666665,,2.8125,,,,-10.325000127156576,10.605000178019205,,7.045000076293945,,,,4.098333358764648,-0.27436505258083344,,-0.2886415272951126,,,,-0.36217160895466805,-2.2863754381736117,,-7.216038182377815,,,,-6.036193482577801,0.18181818,0.90909091,0.54545455,1.0,0.9,0.91666667,0.5,0.27272727,,0.63636364,0.09090909,,,86.36215209960938,,93.53870500837054,92.00180053710938,,,-9.974779764811197,,-1.8050642013549805,3.8794751167297363,,,2.7104263305664062,,8.90751211983817,5.923435211181641,,,-0.36217160895466805,,-0.29011283442378044,-0.2728937454521656,,,-6.036193482577801,,-2.072234531598432,-13.64468727260828,,,0.11111111,0.84615385,0.54545455,1.0,0.90909091,0.91666667,0.59090909,4.0,78.67500305175781,56.75,0.0,0.0,90.3,0.0,0.0,Jake Fraley,19260,2019-09-05,0
4,SEA,@CHC,2019,24,2,CF,1.0,4.0,4.0,0.0,0.0,0.0,0.0,0.0,0.0,0.0,0.0,0.0,0.0,0.0,0.0,0.0,0.0,0.0,0.0,0.0,1.0,3.0,0.0,0.0,14.0,5.0,9.0,0.0,0.0,0.0,0.0,0.0,0.0,0.0,0.0,0.0,0.0,0.0,0.33333333,0.0,0.25,0.75,0.0,0.0,0.0,0.0,0.0,-1.1062290720254646,-0.6027966193467842,0.142857142857143,-100.0,0.0,-0.07128000259399414,-0.07128000259399414,0.0,-0.8190000057220459,-0.08149249851703644,0.6865000128746033,,0.0,-0.1063620001077652,0.0025309713281427143,0.35714286,88.0,,,,,0.14285714,77.5,0.5,81.42857143,,,-0.1295178085565567,,,-0.09114594012498856,-0.8307271599769592,,-2.590356171131134,,,-4.557297006249428,-11.867530856813703,,0.25,1.0,0.57142857,0.0,0.83333333,0.625,0.42857143,0.75,0.21428571,1.0,2.0,1.0,1.0,3.0,0.0,4.0,0.25,0.5,0.25,0.25,0.75,0.0,0.35714286,,,,,0.14285714,0.5,88.25999755859375,,,,,77.19999694824219,81.31428745814732,-4.388000106811523,,,,,5.960000038146973,-7.6414288112095425,7.648000335693359,,,,,-4.769999980926514,4.145714351109096,-0.129517812281847,,,,,-0.09114594012498856,-0.8307271748781204,-2.59035624563694,,,,,-4.557297006249428,-11.867531069687434,0.2,0.77777778,0.57142857,0.0,0.71428571,0.625,0.64285714,0.5,0.14285714,0.35714286,,,,81.34378487723214,77.14999389648438,88.25314331054688,,,,-7.2514528547014505,6.729410171508789,-3.673237991333008,,,,2.8925778525216237,-6.339890003204346,6.8962760925292965,,,,-0.8307271748781204,-0.09114594012498856,-0.129517812281847,,,,-11.867531069687434,-4.557297006249428,-2.59035624563694,,,,0.2,0.77777778,0.57142857,0.0,0.71428571,0.625,0.64285714,4.0,83.0250015258789,28.0,0.0,0.0,86.3,0.0,0.0,Jake Fraley,19260,2019-09-02,0
5,SEA,@TEX,2019,24,8,CF,1.0,4.0,4.0,1.0,1.0,0.0,0.0,0.0,0.0,0.0,0.0,0.0,3.0,0.0,0.0,0.0,0.0,0.0,0.0,0.25,1.0,0.0,0.0,0.0,14.0,4.0,10.0,0.0,0.0,0.0,0.0,0.75,0.0,0.25,0.25,0.5,0.0,1.0,1.0,0.0,1.0,0.0,0.0,0.0,0.0,0.0,0.21740181744098663,-0.3545305409960312,0.1489019116826492,0.142857142857143,32.74815294837004,-0.002178742317482829,-0.016140000894665718,-0.09074000269174576,0.07460000365972519,-0.34200000762939453,-0.028860799968242645,1.496500015258789,,0.0,-0.05077330023050308,0.03998813435673285,0.5,96.42857143,0.21428571,86.0,0.21428571,88.33333333,0.07142857,77.0,,,,,-0.30652719736099243,-0.19731047749519348,0.1718653440475464,-0.05931270867586136,,,-4.378959962299892,-6.57701591650645,5.728844801584879,-5.931270867586136,,,0.5,0.66666667,0.57142857,0.25,0.75,0.5,0.42857143,0.75,0.28571429,1.0,0.0,0.0,0.0,0.0,1.0,1.0,1.0,0.0,0.0,0.0,0.0,1.0,0.21428571,,0.5,,0.21428571,0.07142857,,91.93332926432292,,94.72856794084821,,86.13333129882812,76.9000015258789,,1.5033332506815593,,-0.27714286531720844,,2.7166665395100913,-4.78000020980835,,10.116666793823242,,6.730000087193081,,1.9233333269755046,-4.400000095367432,,0.020165573805570602,,-0.15482743084430695,,-0.19731047004461288,-0.05931270867586136,,0.6721857935190201,,-2.2118204406329562,,-6.577015668153763,-5.931270867586136,,0.4,0.66666667,0.57142857,0.0,0.66666667,0.5,0.64285714,,0.07142857,0.5,0.21428571,,0.21428571,,76.7394027709961,96.37343924386161,88.20546468098958,,86.0761006673177,,-5.502870082855225,0.7565360069274902,-1.949763298034668,,2.839859962463379,,-5.73415994644165,7.865261622837612,2.8008035024007163,,0.7050999800364176,,-0.05931270867586136,-0.30652719736099243,0.1718653403222561,,-0.19731047004461288,,-5.931270867586136,-4.378959962299892,5.728844677408537,,-6.577015668153763,0.4,0.66666667,0.57142857,0.0,0.66666667,0.5,0.64285714,1.0,101.9000015258789,0.0,0.0,0.0,101.9,1.0,1.0,Jake Fraley,19260,2019-08-30,0
6,SEA,@TEX,2019,24,7,CF,1.0,4.0,4.0,2.0,1.0,1.0,0.0,0.0,1.0,0.0,0.0,0.0,0.0,0.0,0.0,0.0,0.0,0.0,0.0,0.5,1.0,2.0,1.0,0.0,15.0,6.0,9.0,0.0,0.0,0.0,0.0,0.0,0.0,0.5,0.75,1.25,0.25,0.5,0.5,0.25,0.25,0.5,0.0,0.0,0.0,0.0,0.5215678662061691,0.6971679900334024,1.2006004427120827,2.642857142857143,238.39864218532836,-0.002178742317482829,0.006600019987672567,-0.0926399976015091,0.09923999756574631,0.5370000004768372,0.04531649872660637,1.5494999885559082,,0.0,0.03216850012540817,-0.027909048665957947,0.8,94.66666667,0.06666667,91.0,,,0.06666667,83.0,,,0.06666667,88.0,0.7029513120651245,-0.05931270867586136,,0.04190467298030853,,0.02982518821954727,5.857927600542704,-5.931270867586136,,4.190467298030853,,2.982518821954727,0.125,0.85714286,0.46666667,1.0,1.0,1.0,0.46666667,1.0,0.0,1.0,2.0,1.0,0.0,3.0,1.0,4.0,0.25,0.5,0.25,0.0,0.75,0.25,0.73333333,0.06666667,0.06666667,,,0.06666667,0.06666667,94.59999778053977,94.30000305175781,91.0999984741211,,,82.5,87.69999694824219,-3.2018182927911933,-8.6899995803833,-0.20999999344348907,,,2.4200000762939453,-8.630000114440918,8.359999916770242,4.369999885559082,5.159999847412109,,,-5.170000076293945,5.369999885559082,0.6731261387467384,0.02982518821954727,-0.05931270867586136,,,0.04190467298030853,0.02982518821954727,6.119328534061259,2.982518821954727,-5.931270867586136,,,4.190467298030853,2.982518821954727,0.0,0.77777778,0.46666667,,1.0,1.0,0.6,0.06666667,0.06666667,0.73333333,0.06666667,0.06666667,,87.71080017089844,82.50959777832031,94.66937810724431,91.10469818115234,94.34429931640625,,-8.319080352783203,3.5348899364471436,-2.5488326332785864,0.6368309855461121,-8.133560180664062,,3.9971299171447754,-7.417029857635498,7.27505839954723,3.812659978866577,2.7458999156951904,,0.02982518821954727,0.04190467298030853,0.6731261387467384,-0.05931270867586136,0.02982518821954727,,2.982518821954727,4.190467298030853,6.119328534061259,-5.931270867586136,2.982518821954727,,0.0,0.77777778,0.46666667,,1.0,1.0,0.6,4.0,86.17500305175781,22.5,1.0,0.25,106.1,1.0,0.25,Jake Fraley,19260,2019-08-29,0
7,SEA,NYY,2019,24,9,PH-CF,1.0,1.0,1.0,0.0,0.0,0.0,0.0,0.0,0.0,0.0,0.0,0.0,0.0,0.0,0.0,0.0,0.0,0.0,0.0,0.0,0.0,1.0,0.0,1.0,5.0,2.0,3.0,0.0,0.0,0.0,0.0,0.0,0.0,0.0,0.0,0.0,0.0,0.0,0.0,0.0,0.0,1.0,1.0,0.0,0.0,0.0,0.0,-0.27655726800636615,-0.15069915483669605,0.142857142857143,-100.0,0.0,-0.014539999887347221,-0.014539999887347221,0.0,-0.23399999737739563,-0.02363640069961548,0.492000013589859,0.492000013589859,1.0,-0.029552800580859184,-4.390232827972129e-08,1.0,97.0,,,,,,,,,,,-0.2728937566280365,,,,,,-5.45787513256073,,,,,,0.33333333,1.0,0.6,1.0,1.0,1.0,0.4,1.0,0.0,0.0,0.0,1.0,1.0,0.0,0.0,1.0,0.0,0.0,1.0,1.0,0.0,0.0,1.0,,,,,,,96.75999755859375,,,,,,,-5.602000045776367,,,,,,,9.519999694824218,,,,,,,-0.2728937529027462,,,,,,,-5.457875058054924,,,,,,,0.33333333,1.0,0.6,1.0,1.0,1.0,0.4,,,1.0,,,,,,96.81356201171874,,,,,,-4.974763870239258,,,,,,8.734062194824219,,,,,,-0.2728937529027462,,,,,,-5.457875058054924,,,,0.33333333,1.0,0.6,1.0,1.0,1.0,0.4,1.0,80.0,69.0,0.0,0.0,80.0,0.0,0.0,Jake Fraley,19260,2019-08-28,0
8,SEA,NYY,2019,24,7,CF,1.0,4.0,4.0,0.0,0.0,0.0,0.0,0.0,0.0,0.0,0.0,0.0,2.0,0.0,0.0,0.0,0.0,0.0,0.0,0.0,1.0,1.0,0.0,0.0,15.0,6.0,9.0,0.0,0.0,0.0,0.0,0.5,0.0,0.0,0.0,0.0,0.0,0.0,1.0,0.0,0.5,0.5,0.0,0.0,0.0,0.0,0.0,-1.1062290720254646,-0.6027966193467842,0.142857142857143,-100.0,0.0,-0.20941999554634094,-0.20941999554634094,0.0,-1.402999997138977,-0.14171700179576874,2.384999990463257,,0.0,-0.08796139806509018,0.00015427169874428215,0.73333333,93.81818182,0.26666667,85.75,,,,,,,,,-0.3658581078052521,-0.6965858340263367,,,,,-3.3259827982295644,-17.414645850658417,,,,,0.25,0.71428571,0.46666667,1.0,0.4,0.57142857,0.46666667,0.5,0.2,1.0,1.0,0.0,0.0,2.0,0.0,2.0,0.5,0.5,0.0,0.0,1.0,0.0,0.46666667,0.26666667,,,0.26666667,,,95.5,90.2249984741211,,,85.625,,,3.971428462437221,7.962500095367432,,,-2.3575000762939453,,,10.62142835344587,5.852499961853027,,,4.71999979019165,,,-0.08081040531396866,-0.2850477024912834,,,-0.6965858526527882,,,-1.1544343616281236,-7.126192562282085,,,-17.414646316319704,,,0.14285714,0.75,0.46666667,1.0,0.5,0.57142857,0.53333333,,,0.46666667,,0.26666667,0.26666667,,,95.6480712890625,,90.29354858398438,85.66349792480469,,,3.590132849557059,,7.617727756500244,-2.9805498123168945,,,9.345030648367745,,4.47401237487793,3.3563923835754395,,,-0.08081040531396866,,-0.2850477024912834,-0.6965858526527882,,,-1.1544343616281236,,-7.126192562282085,-17.414646316319704,0.14285714,0.75,0.46666667,1.0,0.5,0.57142857,0.53333333,2.0,91.5,8.0,0.0,0.0,95.6,1.0,0.5,Jake Fraley,19260,2019-08-26,0
9,SEA,TOR,2019,24,7,CF,1.0,3.0,3.0,0.0,0.0,0.0,0.0,0.0,0.0,0.0,0.0,0.0,1.0,0.0,0.0,0.0,0.0,0.0,0.0,0.0,2.0,0.0,0.0,0.0,10.0,3.0,7.0,0.0,0.0,0.0,0.0,0.33333333,0.0,0.0,0.0,0.0,0.0,0.0,2.0,0.0,1.0,0.0,0.0,0.0,0.0,0.0,0.0,-0.8296718040190985,-0.45209746451008814,0.142857142857143,-100.0,0.0,-0.04237990081310272,-0.04238000139594078,0.0,-0.6449999809265137,-0.06515149772167206,0.5519999861717224,,0.0,-0.07734060287475586,0.0005654183190107742,0.4,94.25,,,0.3,86.0,0.2,76.5,0.1,80.0,,,-0.23270964622497559,,-0.3824974000453949,0.06873591244220734,-0.2037363052368164,,-5.81774115562439,,-12.749913334846497,3.436795622110367,-20.37363052368164,,0.4,0.8,0.6,0.5,1.0,0.83333333,0.5,0.33333333,0.1,2.0,0.0,0.0,0.0,2.0,0.0,2.0,1.0,0.0,0.0,0.0,1.0,0.0,0.3,0.1,0.3,,,0.2,0.1,95.0,92.0,85.96666463216145,,,76.30000305175781,80.0999984741211,-6.420000076293945,-8.220000267028809,-0.546666661898295,,,6.284999847412109,-7.590000152587891,9.896666844685873,7.429999828338623,5.289999961853027,,,-6.394999980926514,4.610000133514404,-0.2327096424996853,0.0,-0.382497388869524,,,0.06873591616749763,-0.2037363052368164,-7.756988083322843,0.0,-12.749912962317467,,,3.4367958083748817,-20.37363052368164,0.33333333,0.71428571,0.6,0.0,1.0,0.83333333,0.7,0.1,0.2,0.3,0.3,0.1,,80.15630340576172,76.37210083007812,95.07576497395833,86.01099650065105,92.07669830322266,,-7.082940101623535,7.167144775390625,-5.785796483357747,0.0029290057718753815,-7.730679988861084,,3.1126298904418945,-8.40822982788086,8.844717025756836,4.243633270263672,6.22983980178833,,-0.2037363052368164,0.06873591616749763,-0.2327096424996853,-0.382497388869524,0.0,,-20.37363052368164,3.4367958083748817,-7.756988083322843,-12.749912962317467,0.0,,0.33333333,0.71428571,0.6,0.0,1.0,0.83333333,0.7,2.0,74.19999694824219,1.5,0.0,0.0,82.5,0.0,0.0,Jake Fraley,19260,2019-08-25,0
10,SEA,TOR,2019,24,8,CF,1.0,4.0,4.0,1.0,0.0,1.0,0.0,0.0,0.0,0.0,0.0,0.0,2.0,0.0,0.0,0.0,0.0,0.0,0.0,0.25,0.0,2.0,0.0,0.0,20.0,9.0,11.0,0.0,0.0,0.0,0.0,0.5,0.0,0.25,0.5,0.75,0.25,0.5,0.0,0.0,0.0,1.0,0.0,0.0,0.0,0.0,0.3041660487651825,-0.05453054099603119,0.44890191168264926,0.142857142857143,91.41054045850422,0.0,-0.13967999815940857,-0.16133999824523926,0.02166000008583069,-0.5730000138282776,-0.057878799736499786,1.5549999475479126,,0.0,-0.016516100615262985,-0.07331026779051779,0.75,92.0,0.1,84.0,,,0.15,80.33333333,,,,,0.07761530578136444,0.0717298611998558,,-0.22118690609931946,,,0.5174353718757629,3.58649305999279,,-7.372896869977315,,,0.1,0.8,0.45,1.0,0.75,0.77777778,0.5,0.5,0.1,0.0,1.0,1.0,0.0,2.0,0.0,2.0,0.0,0.5,0.5,0.0,1.0,0.0,0.05,0.45,,0.25,0.1,0.15,,90.5999984741211,91.81110975477431,,92.25999755859375,84.0,79.93332926432292,,-6.949999809265137,-8.45111083984375,,6.3799999237060545,3.0199999809265137,-2.0700000127156577,,9.180000305175781,8.234444512261284,,8.647999572753907,2.619999885559082,-3.7166665395100913,,0.03891072794795036,0.08957014232873917,,-0.05086556077003479,0.0717298611998558,-0.22118690237402916,,3.8910727947950363,0.9952238036526574,,-1.0173112154006958,3.58649305999279,-7.372896745800972,,0.0,0.75,0.45,,0.77777778,0.77777778,0.6,,,0.75,,,0.25,,,91.9445556640625,,,81.51002197265625,,,-2.8466519673665363,,,0.07477397918701172,,,7.470350646972657,,,-2.793996047973633,,,0.07761530950665474,,,-0.14945704117417336,,,0.5174353967110316,,,-2.989140823483467,0.0,0.75,0.45,,0.77777778,0.77777778,0.6,2.0,92.6500015258789,53.0,0.0,0.0,94.9,0.0,0.0,Jake Fraley,19260,2019-08-24,0
11,SEA,TOR,2019,24,8,CF,1.0,5.0,5.0,1.0,1.0,0.0,0.0,0.0,1.0,0.0,0.0,0.0,1.0,0.0,0.0,0.0,0.0,0.0,0.0,0.2,0.0,2.0,2.0,0.0,22.0,9.0,13.0,0.0,0.0,0.0,0.0,0.2,0.0,0.2,0.2,0.4,0.0,0.25,0.0,0.5,0.0,0.5,0.0,0.0,0.0,0.0,0.1739214539527893,-0.6310878090023975,-0.0017972431540469458,2.642857142857143,3.3505326030051976,-0.002178742317482829,-0.12278000265359879,-0.13660000264644623,0.013819999992847443,-2.239000082015991,-0.22616200149059296,1.1971999406814575,,0.0,-0.06986580044031143,-0.03269017077341185,0.5,92.54545455,0.31818182,85.57142857,0.04545455,87.0,0.04545455,81.0,0.04545455,87.0,0.04545455,83.0,-0.4217875301837921,-0.4495725631713867,0.02982518821954727,0.4280208945274353,-0.06530402600765228,-0.2037363052368164,-3.8344320925799287,-6.422465188162667,2.982518821954727,42.80208945274353,-6.530402600765228,-20.37363052368164,0.33333333,0.85714286,0.5,0.4,1.0,0.72727273,0.31818182,1.0,0.13636364,1.0,1.0,2.0,2.0,1.0,1.0,4.0,0.25,0.25,0.5,0.5,0.25,0.25,0.40909091,,0.09090909,0.09090909,0.36363636,,0.04545455,93.22222222222223,,87.30000305175781,89.30000305175781,85.0999984741211,,82.69999694824219,-2.7233333587646484,,-0.6150000095367432,-9.585000038146973,2.9800000190734863,,-7.110000133514404,10.364444308810764,,4.710000038146973,2.0349998474121094,0.18250001966953278,,0.2800000011920929,-0.3169018402695656,,-0.03547883778810501,-0.10488567873835564,0.020612552762031555,,-0.2037363052368164,-3.521131558550729,,-1.7739418894052505,-5.244283936917782,0.25765690952539444,,-20.37363052368164,0.33333333,0.7,0.5,0.25,1.0,0.72727273,0.45454545,0.09090909,0.04545455,0.40909091,0.04545455,0.09090909,0.31818182,85.18170166015625,80.90350341796875,93.36690945095486,87.30049896240234,89.51795196533203,85.83711460658482,-5.863010406494141,4.148900032043457,-2.141209284464518,4.3330302238464355,-9.470580101013184,3.639459882463728,2.1438050270080566,-7.182569980621338,9.263699849446615,1.5011399984359741,0.6231369972229004,-0.7084705489022392,-0.2690403312444687,0.4280208945274353,-0.3169018402695656,0.02982518821954727,-0.10488567873835564,-0.40740834176540375,-13.452016562223434,42.80208945274353,-3.521131558550729,2.982518821954727,-5.244283936917782,-5.820119168077197,0.33333333,0.7,0.5,0.25,1.0,0.72727273,0.45454545,4.0,74.625,38.0,0.0,0.0,99.0,1.0,0.25,Jake Fraley,19260,2019-08-23,0
12,SEA,@TBR,2019,24,8,CF,1.0,3.0,4.0,0.0,0.0,0.0,0.0,0.0,1.0,0.0,0.0,0.0,1.0,1.0,0.0,0.0,0.0,0.0,0.0,0.0,1.0,1.0,0.0,0.0,17.0,5.0,12.0,0.0,0.0,0.0,0.0,0.25,0.0,0.25,0.0,0.25,0.0,0.0,1.0,0.0,0.5,0.5,0.0,0.0,0.0,0.0,0.1798039823770523,-0.48453054614832525,0.018901906530355173,0.142857142857143,7.327784019825668,-0.002178742317482829,-0.036334000527858734,-0.11890599876642227,0.08257199823856354,-0.824999988079071,-0.08295629918575287,1.7882499694824219,,0.0,-0.03329069912433624,0.012972510309617581,0.52941176,93.22222222,0.11764706,85.5,,,0.35294118,77.33333333,,,,,-0.11033415049314499,-0.017408035695552826,,-0.3184667229652405,,,-1.2259350054793887,-0.8704017847776413,,-5.307778716087341,,,0.5,0.57142857,0.52941176,0.8,1.0,0.88888889,0.41176471,0.75,0.05882353,1.0,1.0,0.0,0.0,1.0,1.0,2.0,0.5,0.5,0.0,0.0,0.5,0.5,0.52941176,,0.05882353,,,0.41176471,,93.14444308810764,,86.30000305175781,,,78.45714460100446,,-2.0833333333333335,,1.059999942779541,,,8.195714133126396,,10.620000203450521,,2.680000066757202,,,-3.367142813546317,,-0.11033415049314499,,-0.05931270867586136,,,-0.27656206488609314,,-1.2259350054793887,,-5.931270867586136,,,-3.9508866412299017,,0.375,0.66666667,0.52941176,0.33333333,1.0,0.77777778,0.52941176,,0.35294118,0.52941176,,,0.11764706,,77.40409851074219,93.31568060980902,,,85.77584838867188,,11.263168334960938,-1.9468943277994792,,,-2.4254350662231445,,-6.135776519775391,9.501050313313803,,,1.5972000360488892,,-0.3184667378664017,-0.11033415049314499,,,-0.017408035695552826,,-5.307778964440027,-1.2259350054793887,,,-0.8704017847776413,0.375,0.66666667,0.52941176,0.33333333,1.0,0.77777778,0.52941176,2.0,89.55000305175781,19.5,0.0,0.0,91.1,0.0,0.0,Jake Fraley,19260,2019-08-21,0
