,Opp,teamid,season,Team,HomeAway,Age,W,L,ERA,G,GS,CG,ShO,SV,HLD,BS,IP,TBF,H,R,ER,HR,BB,IBB,HBP,WP,BK,SO,K/9,BB/9,H/9,K/BB,IFH%,BUH%,GB,FB,LD,IFFB,IFH,BU,BUH,K%,BB%,K-BB%,SIERA,HR/9,AVG,WHIP,BABIP,LOB%,FIP,E-F,xFIP,ERA-,FIP-,xFIP-,GB/FB,LD%,GB%,FB%,IFFB%,HR/FB,RS,RS/9,Balls,Strikes,Pitches,WPA,-WPA,+WPA,RE24,REW,pLI,inLI,gmLI,exLI,Pulls,Games,WPA/LI,Clutch,SD,MD,FB%1,FBv,SL%,SLv,CB%,CBv,CH%,CHv,XX%,wFB,wSL,wCB,wCH,wFB/C,wSL/C,wCB/C,wCH/C,O-Swing%,Z-Swing%,Swing%,O-Contact%,Z-Contact%,Contact%,Zone%,F-Strike%,SwStr%,Pull,Cent,Oppo,Soft,Med,Hard,bipCount,Pull%,Cent%,Oppo%,Soft%,Med%,Hard%,PlayerName,playerid,tERA,GSv2,pfxFA%,pfxSI%,pfxSL%,pfxCU%,pfxCH%,pfxvFA,pfxvSI,pfxvSL,pfxvCU,pfxvCH,pfxFA-X,pfxSI-X,pfxSL-X,pfxCU-X,pfxCH-X,pfxFA-Z,pfxSI-Z,pfxSL-Z,pfxCU-Z,pfxCH-Z,pfxwFA,pfxwSI,pfxwSL,pfxwCU,pfxwCH,pfxwFA/C,pfxwSI/C,pfxwSL/C,pfxwCU/C,pfxwCH/C,pfxO-Swing%,pfxZ-Swing%,pfxSwing%,pfxO-Contact%,pfxZ-Contact%,pfxContact%,pfxZone%,piCH%,piCU%,piFA%,piSI%,piSL%,pivCH,pivCU,pivFA,pivSI,pivSL,piCH-X,piCU-X,piFA-X,piSI-X,piSL-X,piCH-Z,piCU-Z,piFA-Z,piSI-Z,piSL-Z,piwCH,piwCU,piwFA,piwSI,piwSL,piwCH/C,piwCU/C,piwFA/C,piwSI/C,piwSL/C,piO-Swing%,piZ-Swing%,piSwing%,piO-Contact%,piZ-Contact%,piContact%,piZone%,Events,EV,LA,Barrels,Barrel%,maxEV,HardHit,HardHit%,gamedate,dh
0,- - -,24,2019,- - -,A,26,4.0,4.0,5.484375168554839,27.0,9.0,0.0,0.0,0.0,2.0,2.0,64.0,295.0,74.0,41.0,39.0,7.0,33.0,1.0,4.0,2.0,0.0,57.0,8.01562524634938,4.640625142623326,10.406250319822004,1.72727273,0.05681818,0.0,88.0,62.0,48.0,9.0,5.0,3.0,0.0,0.19322034,0.11186441,0.08135593,5.173042059043217,0.9843750302534326,0.2868217054263566,1.6718750513828142,0.34536082474226804,0.6916996,4.589009994803929,0.8953651737509105,5.094180272748341,122.74557816446013,101.94330650649819,114.9971411793407,1.41935484,0.24242424,0.44444444,0.31313131,0.14516129,0.11290323,42.0,5.906250181520596,443.0,695.0,1138.0,-0.6650479334639385,-5.630631966283545,4.965584071702324,-6.238400027155876,-0.5810145940631628,0.9994638910000041,0.84640707108318,0.9756963041231588,0.9138750067601601,24.0,27.0,-0.3993624113500118,-0.2660422515423425,3.0,5.0,0.62829525,94.07692308,0.20738137,88.02542373,0.0887522,81.31683168,0.07557118,87.96511628,0.00351494,0.5448857024312019,-2.6563760451972485,-0.38691020011901855,-3.638014007359743,0.07620779054981845,-1.125583069998834,-0.3830794060584342,-4.230248845767144,0.31896552,0.7081448,0.47012302,0.68918919,0.84025559,0.77757009,0.3884007,0.59322034,0.10456942,78.0,74.0,49.0,42.0,95.0,64.0,201.0,0.3880597,0.3681592,0.24378109,0.20895522,0.47263682,0.31840796,Joe Ross,12972,5.26996864341748,52.0,0.2486819,0.37961336,0.20650264,0.08963093,0.07557118,94.13074264256777,93.99004602432251,88.00042610980094,81.32647166532628,87.9255811114644,-5.376819816158012,-8.976180540190803,0.16123404414095777,0.07490196634157031,-9.051976769469505,8.291943506301502,6.036851902802785,3.4196596094902527,-2.2008823629687813,4.873720925907756,-2.023884605616331,2.7080416791141033,-2.758542627096176,-0.28792065009474754,-3.5958498008549213,-0.7151535708891629,0.6268614997949313,-1.1738479264239048,-0.28227514715171326,-4.181220698668513,0.28451178,0.67279412,0.47012302,0.63905325,0.84153005,0.77757009,0.47803163,0.07530648,0.08844133,0.23730298,0.38879159,0.20665499,88.03996720424918,81.27516491578358,94.2574786928747,94.09137519630227,88.07785945827678,-8.415474819582561,0.8522006344087053,-4.35590218793862,-8.288096732921428,1.1779593296696322,3.5425084967945897,-3.6806673956389475,7.423440864605217,4.937834530263333,2.1415857824228577,-3.5958498008549213,-0.4157446287572384,-4.064642630517483,4.748799704015255,-2.536318838596344,-4.181220698668513,-0.41162834530419645,-1.4998681293422447,1.0695494828863186,-1.0747113722865864,0.28643216,0.6728281,0.47012302,0.6374269,0.84340659,0.77757009,0.47539543,201.0,87.51868716153231,10.075757575757576,13.0,0.06467662,110.0,72.0,0.35820896,2050-01-01,0
1,CLE,24,2019,WSN,H,26,1.0,0.0,1.5,1.0,1.0,0.0,0.0,0.0,0.0,0.0,6.0,24.0,4.0,1.0,1.0,1.0,2.0,0.0,0.0,0.0,0.0,8.0,12.0,3.0,6.0,4.0,0.0,0.0,7.0,5.0,2.0,1.0,0.0,0.0,0.0,0.33333333,0.08333333,0.25,3.429284263069433,1.5,0.18181818181818182,1.0,0.23076923076923078,1.0,3.7140099525451666,-2.2140099525451666,3.2050166298945753,33.57143914995996,82.33064664263439,72.00551862866389,1.4,0.14285714,0.5,0.35714286,0.2,0.2,7.0,10.5,28.0,50.0,78.0,0.24493999779224396,-0.27530398964881897,0.5202440023422241,2.2939000129699707,0.22035500407218933,1.0387699604034424,1.049399971961975,0.8700000047683716,0.23520000278949738,1.0,1.0,0.1630599945783615,0.07273811966159302,0.0,0.0,0.61538462,94.6875,0.16666667,86.84615385,0.14102564,81.0,0.07692308,88.0,,0.9968660473823547,0.49786365032196045,0.7653952240943909,-1.1198395490646362,2.0768042653799057,3.8297203870920034,6.9581384008580995,-18.663992484410606,0.34883721,0.62857143,0.47435897,0.4,0.86363636,0.67567568,0.44871795,0.5,0.15384615,6.0,5.0,3.0,5.0,5.0,4.0,14.0,0.42857143,0.35714286,0.21428571,0.35714286,0.35714286,0.28571429,Joe Ross,12972,3.264683666999763,63.0,0.29487179,0.32051282,0.16666667,0.14102564,0.07692308,94.64348038383152,94.58400390625,86.89230581430289,80.96363414417614,88.2000020345052,-5.01434790569803,-8.685599975585937,1.104615358205942,0.4890909194946289,-8.776666641235352,8.699130514393682,6.863200073242187,2.3984615619365988,-3.170909188010476,6.045000076293945,0.4754828028380871,0.5055752880871296,0.49786365032196045,0.7747677303850651,-1.1198395639657974,2.0673165340786395,2.0223011523485184,3.8297203870920034,7.043343003500592,-18.66399273276329,0.4,0.55263158,0.47435897,0.375,0.9047619,0.67567568,0.48717949,0.07692308,0.14102564,0.25641026,0.35897436,0.16666667,88.21868896484375,80.88227428089489,94.68623657226563,94.56696428571429,86.85297100360577,-7.901020050048828,1.1766258586536755,-3.637897491455078,-7.934125082833426,2.100004489605243,4.619423230489095,-4.674508181485263,7.904041290283203,5.745147705078125,1.0363253079927885,-1.1198395639657974,0.7747677303850651,0.24149977043271065,0.739558320492506,0.49786365032196045,-18.66399273276329,7.043343003500592,1.2074988521635532,2.6412797160446644,3.8297203870920034,0.4,0.55263158,0.47435897,0.375,0.9047619,0.67567568,0.48717949,14.0,86.29285539899554,11.357142857142858,1.0,0.07142857,104.5,5.0,0.35714286,2019-09-29,0
2,PHI,24,2019,WSN,H,26,0.0,0.0,2.25,1.0,1.0,0.0,0.0,0.0,0.0,0.0,4.0,18.0,5.0,1.0,1.0,0.0,2.0,0.0,0.0,0.0,0.0,4.0,9.0,4.5,11.25,2.0,0.0,0.0,3.0,2.0,6.0,2.0,0.0,1.0,0.0,0.22222222,0.11111111,0.11111111,4.977872236555081,0.0,0.3125,1.75,0.4166666666666667,0.85714286,2.714009952545166,-0.4640099525451662,3.7086139589548113,50.35715872493994,59.91617930931311,83.46586319457006,1.5,0.54545455,0.27272727,0.18181818,1.0,0.0,1.0,2.25,24.0,40.0,64.0,0.10548000037670135,-0.30918800830841064,0.4146679937839508,1.1958999633789062,0.11488000303506851,1.3205599784851074,0.8737999796867371,0.8700000047683716,1.190000057220459,1.0,1.0,0.05557810142636299,0.024297104618957052,0.0,0.0,0.65625,94.14285714,0.15625,88.1,0.0625,82.0,0.125,88.625,,1.2260539531707764,0.21434758603572845,-0.5811706781387329,-0.37659645080566406,2.919176078978039,2.1434758603572845,-14.529266953468323,-4.707455635070801,0.35135135,0.7037037,0.5,0.69230769,0.84210526,0.78125,0.421875,0.66666667,0.109375,5.0,4.0,3.0,3.0,6.0,3.0,12.0,0.41666667,0.33333333,0.25,0.25,0.5,0.25,Joe Ross,12972,6.599443016012891,51.0,0.171875,0.484375,0.15625,0.0625,0.125,94.04545454545455,94.14193233366936,88.1,81.94999694824219,88.7125015258789,-5.7518182234330615,-9.113226121471774,0.2940000057220459,-0.44999998807907104,-10.289999961853027,8.689091075550426,6.9025805073399695,3.952000045776367,-1.9925000667572021,4.273749828338623,0.33845030143857,0.9297678247094154,0.21434758603572845,-0.5811706557869911,-0.37659646570682526,3.0768209221688183,2.999251047449727,2.1434758603572845,-14.529266394674778,-4.707455821335316,0.35294118,0.66666667,0.5,0.66666667,0.85,0.78125,0.46875,0.125,0.0625,0.171875,0.484375,0.15625,88.71835327148438,81.87259674072266,94.06043590198864,94.18193989415323,88.080517578125,-9.676727294921875,0.28567588329315186,-4.875866283069957,-8.517403879473287,1.3158578872680664,2.863615036010742,-3.409527540206909,7.788407065651634,5.7948081724105345,2.5797988891601564,-0.37659646570682526,-0.5811706557869911,0.33845030143857,0.9297678247094154,0.21434758603572845,-4.707455821335316,-14.529266394674778,3.0768209221688183,2.999251047449727,2.1434758603572845,0.35294118,0.66666667,0.5,0.66666667,0.85,0.78125,0.46875,12.0,84.47272838245739,20.09090909090909,0.0,0.0,101.3,2.0,0.16666667,2019-09-24,1
3,NYM,24,2019,WSN,H,26,0.0,1.0,17.181802168380276,1.0,1.0,0.0,0.0,0.0,0.0,0.0,3.2,22.0,8.0,7.0,7.0,1.0,3.0,0.0,0.0,0.0,0.0,4.0,9.818172667645873,7.363629500734405,19.636345335291747,1.33333333,0.0,0.0,5.0,5.0,5.0,1.0,0.0,0.0,0.0,0.18181818,0.13636364,0.04545454,5.882609069748421,2.4545431669114683,0.42105263157894735,2.9999972040029057,0.5,0.41666667,7.032188212185227,10.149613956195049,6.1992908241081786,384.5452173216191,156.70584484947344,140.14609843381297,1.0,0.33333333,0.33333333,0.33333333,0.2,0.2,0.0,0.0,32.0,53.0,85.0,-0.2786639928817749,-0.5847079753875732,0.3060440123081207,-4.14709997177124,-0.398377001285553,0.9201449751853943,0.8104000091552734,0.8700000047683716,0.23520000278949738,1.0,1.0,-0.3560900092124939,0.053242088073079286,0.0,0.0,0.55294118,93.89361702,0.24705882,87.57142857,0.11764706,81.4,0.08235294,89.42857143,,-2.0880610942840576,-1.4209613800048828,0.4692184627056122,-0.2287575900554657,-4.442683179327782,-6.766482761928014,4.692184627056122,-3.2679655722209384,0.32142857,0.86206897,0.50588235,0.77777778,0.84,0.81395349,0.34117647,0.77272727,0.09411765,4.0,6.0,5.0,5.0,6.0,4.0,15.0,0.26666667,0.4,0.33333333,0.33333333,0.4,0.26666667,Joe Ross,12972,8.108089636266,17.0,0.17647059,0.37647059,0.24705882,0.11764706,0.08235294,93.72000325520834,93.9906234741211,87.51428803943452,81.47000122070312,89.15713936941964,-5.16933339436849,-8.464374542236328,0.6676190694173177,0.11100000143051147,-8.504285539899554,7.732666524251302,5.982500076293945,3.0495238531203497,-2.028000068664551,4.899999891008649,-0.4658198654651642,-1.6222412884235382,-1.3787971921265125,0.45648282766342163,-0.2287575863301754,-3.1054657697677612,-5.069504026323557,-6.565700914888155,4.564828276634216,-3.267965519002506,0.25581395,0.76190476,0.50588235,0.63636364,0.875,0.81395349,0.49411765,0.08235294,0.11764706,0.14117647,0.41176471,0.24705882,89.24468122209821,81.49088134765626,93.81390380859375,94.054248046875,87.56465657552083,-7.990149906703404,0.6465096950531006,-4.012317657470703,-7.831124441964286,1.4856727236793155,3.395521436418806,-3.457548904418945,7.13435427347819,4.9771658761160715,1.8423160371326266,-0.2287575863301754,0.45648282766342163,-0.13279727846384048,-1.955263875424862,-1.3787971921265125,-3.267965519002506,4.564828276634216,-1.1066439871986709,-5.586468215499606,-6.565700914888155,0.25581395,0.76190476,0.50588235,0.63636364,0.875,0.81395349,0.49411765,15.0,88.7,13.266666666666667,1.0,0.06666667,106.3,7.0,0.46666667,2019-09-02,0
4,@CHC,24,2019,WSN,A,26,0.0,0.0,4.153849201091767,1.0,1.0,0.0,0.0,0.0,0.0,0.0,4.1,22.0,6.0,2.0,2.0,0.0,4.0,0.0,0.0,0.0,0.0,3.0,6.230773801637651,8.307698402183535,12.461547603275301,0.75,0.14285714,0.0,7.0,5.0,2.0,0.0,1.0,1.0,0.0,0.13636364,0.18181818,-0.04545454,7.103765938537306,0.0,0.3333333333333333,2.307694000606537,0.4,0.8,4.598626352909088,-0.4447771518173207,6.893868051479853,92.96713046170805,102.1588520511118,155.95256501727457,1.4,0.14285714,0.5,0.35714286,0.0,0.0,5.0,10.384623002729418,40.0,48.0,88.0,-0.03571999818086624,-0.4896799921989441,0.45396000146865845,-0.8209999799728394,-0.08169150352478027,1.141450047492981,0.8127999901771545,0.9200000166893005,2.0299999713897705,1.0,1.0,-0.12097200006246567,0.08967847279920985,0.0,0.0,0.625,93.87272727,0.18181818,88.5625,0.07954545,80.85714286,0.11363636,87.4,,-0.7004490494728088,-0.4706076681613922,-0.6451154947280884,0.7348588705062866,-1.273543726314198,-2.9412979260087013,-9.215935638972692,7.348588705062867,0.26666667,0.78571429,0.43181818,0.8125,0.95454545,0.89473684,0.31818182,0.45454545,0.04545455,6.0,5.0,4.0,1.0,13.0,1.0,15.0,0.4,0.33333333,0.26666667,0.06666667,0.86666667,0.06666667,Joe Ross,12972,4.2224525356733515,43.0,0.14772727,0.47727273,0.18181818,0.07954545,0.11363636,93.86923452524039,93.78571428571429,88.42500305175781,80.61428397042411,87.42000122070313,-5.535384544959435,-8.418333507719494,0.22187501192092896,-0.11999998773847308,-8.988999938964843,8.131538391113281,5.615714300246466,3.859375,-2.765714372907366,4.440999984741211,1.0090731978416443,-1.6809354536235332,-0.4706076644361019,-0.645115502178669,0.7348588891327381,7.762101521858803,-4.002227270532222,-2.941297902725637,-9.215935745409556,7.348588891327382,0.23636364,0.75757576,0.43181818,0.76923077,0.96,0.89473684,0.375,0.11363636,0.07954545,0.10227273,0.52272727,0.18181818,87.47844848632812,80.56771414620536,93.62849934895833,93.88099736752717,88.43827819824219,-8.475686645507812,0.676008973802839,-4.139744652642144,-7.800308890964674,1.1912933588027954,3.039719009399414,-4.193101337977818,7.543323092990452,4.728408150050951,2.6705474853515625,0.7348588891327381,-0.645115502178669,0.16528217121958733,-0.8371444270014763,-0.4706076644361019,7.348588891327382,-9.215935745409556,1.836468569106526,-1.819879189133644,-2.941297902725637,0.23214286,0.78125,0.43181818,0.76923077,0.96,0.89473684,0.36363636,15.0,89.20000348772321,6.785714285714286,0.0,0.0,105.5,3.0,0.2,2019-08-24,0
5,@PIT,24,2019,WSN,A,26,0.0,0.0,0.0,1.0,1.0,0.0,0.0,0.0,0.0,0.0,3.1,13.0,3.0,0.0,0.0,0.0,0.0,0.0,0.0,0.0,0.0,2.0,5.400005536085082,0.0,8.100008304127623,2.0,0.16666667,0.0,6.0,3.0,2.0,1.0,1.0,0.0,0.0,0.15384615,0.0,0.15384615,4.072362964325335,0.0,0.23076923076923078,0.9000009226808471,0.2727272727272727,1.0,2.0140087223040366,-2.0140087223040366,3.804297769245532,0.0,44.22602460078861,85.64333589355513,2.0,0.18181818,0.54545455,0.27272727,0.33333333,0.0,11.0,29.700030448467952,20.0,38.0,58.0,0.055135998874902725,-0.010208000428974628,0.06534399837255478,0.8399999737739563,0.08523590117692947,0.20981499552726746,0.29954999685287476,0.7142000198364258,0.16419999301433563,1.0,1.0,0.11465100198984146,0.14813287928778285,0.0,0.0,0.62068966,94.47222222,0.22413793,88.0,0.0862069,81.4,0.06896552,88.5,,0.6636139154434204,0.1616775095462799,0.10855397582054138,-0.038642339408397675,1.8433719873428345,1.2436731503559995,2.1710795164108276,-0.9660584852099419,0.36111111,0.68181818,0.48275862,0.76923077,0.93333333,0.85714286,0.37931034,0.61538462,0.06896552,4.0,5.0,2.0,2.0,3.0,6.0,11.0,0.36363636,0.45454545,0.18181818,0.18181818,0.27272727,0.54545455,Joe Ross,12972,1.9801434563318265,56.0,0.05172414,0.56896552,0.22413793,0.0862069,0.06896552,94.0,94.42120916193181,87.97691932091347,81.44000244140625,88.3499984741211,-6.290000279744466,-8.863939689867424,0.10769231502826397,-0.40399999618530275,-8.760000228881836,7.673333485921224,5.882121230616714,3.1692308279184194,-2.1299999237060545,4.877500057220459,-0.03891072794795036,0.7025246173143387,0.20384171977639198,0.10855397582054138,-0.038642339408397675,-1.2970242649316788,2.1288624767101174,1.5680132290491693,2.1710795164108276,-0.9660584852099419,0.34482759,0.62068966,0.48275862,0.7,0.94444444,0.85714286,0.5,0.06896552,0.0862069,0.05172414,0.56896552,0.22413793,88.37214660644531,81.40150146484375,94.37033081054688,94.41276041666667,88.00318321814903,-8.282482147216797,0.38938820362091064,-5.192083358764648,-8.203609582149621,1.0841492872971754,3.406675100326538,-3.7191558837890626,6.41671625773112,4.67333290793679,1.7956545903132513,-0.038642339408397675,0.10855397582054138,-0.08923399448394775,0.7528478838503361,0.20384171977639198,-0.9660584852099419,2.1710795164108276,-2.9744664827982588,2.2813572237888975,1.5680132290491693,0.34482759,0.62068966,0.48275862,0.7,0.94444444,0.85714286,0.5,11.0,93.38181374289773,11.636363636363637,0.0,0.0,110.0,5.0,0.45454545,2019-08-19,0
6,CIN,24,2019,WSN,H,26,1.0,0.0,1.3499993562701433,1.0,1.0,0.0,0.0,0.0,0.0,0.0,6.2,25.0,5.0,1.0,1.0,0.0,2.0,0.0,0.0,0.0,0.0,3.0,4.04999806881043,2.6999987125402867,6.749996781350717,1.5,0.0,0.0,12.0,4.0,4.0,0.0,0.0,0.0,0.0,0.12,0.08,0.04,5.0121151348869315,0.0,0.21739130434782608,1.0499994993212227,0.25,0.85714286,3.214009952545166,-1.8640105962750229,4.407534191120034,30.21428082767216,71.12341297597375,99.3711633669197,3.0,0.2,0.6,0.2,0.0,0.0,3.0,4.04999806881043,35.0,57.0,92.0,0.2899720072746277,-0.2225160002708435,0.5124880075454712,2.593899965286255,0.24917399883270264,0.9173120260238647,0.980629026889801,0.8700000047683716,1.1763999462127686,1.0,1.0,0.24174100160598755,0.07436954643896287,0.0,0.0,0.60869565,94.83928571,0.27173913,88.4,0.06521739,81.33333333,0.05434783,88.4,,1.6295247077941895,0.8009520173072815,-0.94856196641922,0.0353781022131443,2.9098655496324812,3.2038080692291264,-15.809366106987,0.707562044262886,0.3442623,0.61290323,0.43478261,0.85714286,0.84210526,0.85,0.33695652,0.56,0.06521739,9.0,9.0,2.0,2.0,12.0,6.0,20.0,0.45,0.45,0.1,0.1,0.6,0.3,Joe Ross,12972,3.767231366861135,66.0,0.10869565,0.5,0.27173913,0.06521739,0.05434783,94.5,94.81521739130434,88.352001953125,81.2999979654948,88.47999877929688,-5.115000152587891,-8.653478207795516,0.8387999725341797,-0.1116666595141093,-8.681999969482423,7.436000061035156,6.214348171068274,3.303600158691406,-2.3633333841959634,4.927999877929688,0.2882274091243744,1.3834614679217339,0.8009520322084427,-0.9485619403421879,0.0353781022131443,2.882274091243744,3.0075249302646387,3.203808128833771,-15.809365672369799,0.707562044262886,0.28846154,0.625,0.43478261,0.8,0.88,0.85,0.43478261,0.05434783,0.06521739,0.08695652,0.52173913,0.27173913,88.6577392578125,81.35623168945312,94.5603256225586,94.97261555989583,88.47685546875,-8.077156066894531,0.5160042842229208,-3.8145861625671387,-7.963019688924153,1.7666273498535157,3.5355598449707033,-3.8456948598225913,6.629598617553711,5.05620543162028,2.1187339782714845,0.0353781022131443,-0.9485619403421879,-0.5834768563508987,2.255165733397007,0.8009520322084427,0.707562044262886,-15.809365672369799,-7.293460704386234,4.698261944577098,3.203808128833771,0.28846154,0.625,0.43478261,0.8,0.88,0.85,0.43478261,20.0,85.70499877929687,3.35,1.0,0.05,104.2,5.0,0.25,2019-08-13,0
7,@SFG,24,2019,WSN,A,26,1.0,0.0,0.0,1.0,1.0,0.0,0.0,0.0,0.0,0.0,6.0,23.0,3.0,0.0,0.0,0.0,2.0,0.0,0.0,0.0,0.0,5.0,7.5,3.0,4.5,2.5,0.0,0.0,6.0,7.0,3.0,0.0,0.0,0.0,0.0,0.2173913,0.08695652,0.13043478,4.821428517686403,0.0,0.14285714285714285,0.8333333333333334,0.1875,1.0,2.5473432858785,-2.5473432858785,4.868085967501005,0.0,56.18043475375956,109.85192198733478,0.85714286,0.1875,0.375,0.4375,0.0,0.0,4.0,6.0,40.0,59.0,99.0,0.2510020136833191,-0.1708800047636032,0.4218820035457611,2.885999917984009,0.3039489984512329,0.9187480211257935,0.8064000010490417,0.9233999848365784,0.6628000140190125,1.0,1.0,0.24602800607681274,0.027172053038147015,0.0,0.0,0.70707071,93.72857143,0.08080808,88.0,0.14141414,81.21428571,0.07070707,86.71428571,,2.058680772781372,0.05967048183083534,1.3335731029510498,-1.0254689455032349,2.9409725325448175,0.7458810228854418,9.52552216393607,-14.649556364331925,0.33333333,0.66666667,0.46464646,0.8,0.65384615,0.7173913,0.39393939,0.65217391,0.13131313,6.0,7.0,3.0,5.0,4.0,7.0,16.0,0.375,0.4375,0.1875,0.3125,0.25,0.4375,Joe Ross,12972,2.680545442238618,71.0,0.19191919,0.51515152,0.08080808,0.14141414,0.07070707,93.92631450452302,93.70195695465686,87.8375015258789,81.26429094587054,86.72856794084821,-5.556842201634457,-9.398235246246935,-0.03249999135732651,0.15785714558192662,-8.388571058000837,7.92210548802426,5.850196389590993,3.870000123977661,-1.960714340209961,4.947143009730747,-0.05912188068032265,2.159966856241226,0.05967048183083534,1.3335730694234371,-1.025468960404396,-0.31116779305432973,4.2352291298847575,0.7458810228854418,9.525521924453122,-14.649556577205658,0.33333333,0.62222222,0.46464646,0.77777778,0.67857143,0.7173913,0.45454545,0.07070707,0.14141414,0.19191919,0.51515152,0.08080808,86.89773123604911,81.31120954241071,94.05784847861842,93.83982460171569,87.93583679199219,-7.82567868913923,0.9655701773507255,-4.767817848607113,-8.751013063916973,0.8622413277626038,3.7885843004499162,-3.3966099875313893,7.140775981702302,4.697598326439951,2.680877447128296,-1.025468960404396,1.3335730694234371,-0.05912188068032265,2.159966856241226,0.05967048183083534,-14.649556577205658,9.525521924453122,-0.31116779305432973,4.2352291298847575,0.7458810228854418,0.34545455,0.61363636,0.46464646,0.78947368,0.66666667,0.7173913,0.44444444,16.0,82.17500305175781,20.125,0.0,0.0,102.0,5.0,0.3125,2019-08-07,0
8,@ARI,24,2019,WSN,A,26,1.0,0.0,0.0,1.0,1.0,0.0,0.0,0.0,0.0,0.0,5.1,21.0,1.0,0.0,0.0,0.0,5.0,0.0,0.0,0.0,0.0,3.0,5.06250301748694,8.437505029144901,1.68750100582898,0.6,0.11111111,0.0,9.0,4.0,0.0,0.0,1.0,0.0,0.0,0.14285714,0.23809524,-0.0952381,7.783789157907114,0.0,0.0625,1.1250006705526534,0.07692307692307693,1.0,4.901510958374146,-4.901510958374146,6.393417857234422,0.0,108.94784914607425,144.56383967429068,2.25,0.0,0.69230769,0.30769231,0.0,0.0,2.0,3.37500201165796,39.0,48.0,87.0,0.32302001118659973,-0.18495599925518036,0.5079759955406189,2.9019999504089355,0.2853490114212036,1.1272200345993042,1.0694700479507446,0.8700000047683716,0.9824000000953674,1.0,1.0,0.19707700610160828,0.08948639879868209,0.0,0.0,0.68965517,94.48333333,0.17241379,88.46666667,0.09195402,81.875,0.04597701,87.5,,0.759225606918335,1.8409337997436523,-0.17048734426498413,0.09800421446561813,1.2653760115305583,12.272891998291016,-2.1310918033123016,2.4501053616404533,0.25862069,0.72413793,0.4137931,0.73333333,0.9047619,0.83333333,0.33333333,0.42857143,0.06896552,5.0,5.0,3.0,6.0,7.0,0.0,13.0,0.38461538,0.38461538,0.23076923,0.46153846,0.53846154,0.0,Joe Ross,12972,3.5599713953350918,63.0,0.2183908,0.47126437,0.17241379,0.09195402,0.04597701,94.77894993832237,94.33658655678353,88.486669921875,81.86250305175781,87.25,-5.53368417840255,-9.283170374428353,-0.09733333587646484,0.08374999463558197,-9.110000610351562,8.64789460834704,6.237804878048781,3.7199999491373696,-2.0399999618530273,4.71999979019165,0.4403257220983505,0.3188999108970165,1.7465339861810207,-0.17048734053969383,0.09800421446561813,2.3175038005176343,0.7778046607244306,11.643559907873472,-2.131091756746173,2.4501053616404533,0.24,0.64864865,0.4137931,0.66666667,0.91666667,0.83333333,0.42528736,0.04597701,0.09195402,0.2183908,0.47126437,0.17241379,87.46467590332031,81.99665069580078,94.95514237253289,94.53291134717988,88.6763671875,-8.398637771606445,1.221573829650879,-4.583975139417146,-8.540464819931403,1.0539794286092123,3.4481050968170166,-3.598188877105713,7.720214040655839,4.968058888505145,2.3479385375976562,0.09800421446561813,-0.17048734053969383,0.4403257220983505,0.3188999108970165,1.840933796018362,2.4501053616404533,-2.131091756746173,2.3175038005176343,0.7778046607244306,12.272891973455748,0.24489796,0.63157895,0.4137931,0.66666667,0.91666667,0.83333333,0.43678161,13.0,78.48461444561298,-8.538461538461538,0.0,0.0,91.6,0.0,0.0,2019-08-02,0
9,LAD,24,2019,WSN,H,26,0.0,1.0,11.571420689023775,1.0,0.0,0.0,0.0,0.0,0.0,0.0,4.2,25.0,9.0,7.0,6.0,1.0,2.0,1.0,0.0,1.0,0.0,7.0,13.49999080386107,3.8571402296745916,17.357131033535662,3.5,0.0,0.0,4.0,4.0,7.0,0.0,0.0,1.0,0.0,0.28,0.08,0.2,3.6207567348869327,1.9285701148372958,0.391304347826087,2.357141251467806,0.5333333333333333,0.41666667,4.285437794121441,7.285982894902333,3.2047596841200887,258.97949702676624,95.1388973309961,71.99967132380256,1.0,0.46666667,0.26666667,0.26666667,0.0,0.25,0.0,0.0,29.0,57.0,86.0,-0.39300400018692017,-0.6714000105857849,0.27839601039886475,-3.5980000495910645,-0.3456290066242218,0.9315850138664246,0.7866399884223938,0.9787999987602234,0.33399999141693115,1.0,1.0,-0.33473700284957886,-0.08712895069963861,0.0,1.0,0.51162791,94.02272727,0.12790698,87.90909091,0.20930233,81.72222222,0.15116279,87.61538462,0.04651163,-3.8562824726104736,0.7404612898826599,0.35168516635894775,0.08903869986534119,-8.764278346841985,6.731466271660545,1.953806479771932,0.6849130758872399,0.38888889,0.6875,0.5,0.57142857,0.86363636,0.72093023,0.37209302,0.6,0.13953488,2.0,5.0,9.0,3.0,9.0,4.0,16.0,0.125,0.3125,0.5625,0.1875,0.5625,0.25,Joe Ross,12972,7.606822717943533,,0.36046512,0.15116279,0.12790698,0.20930233,0.15116279,94.11613218245968,93.8153827373798,87.92727383700284,81.63888888888889,87.62307504507211,-5.1206453384891635,-8.58846165583684,0.21363635496659714,0.08722222513622707,-9.045384920560396,7.761290519468246,5.294615525465745,2.9400000138716265,-2.028888914320204,4.731538625863882,-2.4005155228078365,-1.45576698705554,0.740461315959692,0.3389495201408863,0.08903870359063148,-7.743598460670441,-11.198207592734924,6.7314665087244725,1.8830528896715906,0.6849131045433191,0.31707317,0.66666667,0.5,0.53846154,0.8,0.72093023,0.52325581,0.14444444,0.2,0.38888889,0.1,0.12222222,87.75655423677884,81.65492078993056,94.21291155133929,93.8472900390625,88.01387162642045,-8.334912226750301,0.8913683361477323,-4.571566772460938,-8.450322469075521,1.195429888638583,3.482667776254507,-3.4188338385687933,6.886683000837054,3.6191897922092013,1.9926476912064985,0.08903870359063148,0.3389495201408863,-3.1289206109941006,-0.727361898869276,0.740461315959692,0.6849131045433191,1.8830528896715906,-8.939773174268858,-8.08179887632529,6.7314665087244725,0.31707317,0.66666667,0.5,0.53846154,0.8,0.72093023,0.52325581,16.0,90.65333658854166,8.333333333333334,1.0,0.0625,104.6,9.0,0.5625,2019-07-27,0
10,@ATL,24,2019,WSN,A,26,0.0,1.0,5.06250301748694,1.0,1.0,0.0,0.0,0.0,0.0,0.0,5.1,24.0,8.0,3.0,3.0,1.0,2.0,0.0,0.0,0.0,0.0,6.0,10.12500603497388,3.37500201165796,13.50000804663184,3.0,0.0,0.0,4.0,5.0,7.0,0.0,0.0,0.0,0.0,0.25,0.08333333,0.16666667,4.391593260594155,1.68750100582898,0.36363636363636365,1.8750011175877557,0.4666666666666667,0.81395349,4.526510734856595,0.5359922826303452,3.953892905567857,113.3036746653677,100.54241888605189,89.04766651388786,0.8,0.4375,0.25,0.3125,0.0,0.2,0.0,0.0,42.0,56.0,98.0,-0.06520000100135803,-0.3934440016746521,0.32824400067329407,-0.33000001311302185,-0.032163798809051514,0.7744640111923218,0.647599995136261,0.8700000047683716,0.42399999499320984,1.0,1.0,-0.039419300854206085,-0.044767956473580825,0.0,0.0,0.63265306,93.56451613,0.16326531,87.875,0.18367347,80.88888889,0.02040816,88.5,,0.22123053669929504,-0.24008813500404358,-1.0700006484985352,0.15279434621334076,0.35682344628918555,-1.5005508437752724,-5.944448047214084,7.639717310667038,0.25,0.65789474,0.40816327,0.46666667,0.8,0.675,0.3877551,0.5,0.13265306,9.0,5.0,2.0,0.0,7.0,9.0,16.0,0.5625,0.3125,0.125,0.0,0.4375,0.5625,Joe Ross,12972,7.680686260620956,43.0,0.2244898,0.40816327,0.16326531,0.18367347,0.02040816,93.88636363636364,93.36500244140625,87.8687515258789,80.93333604600694,88.39999389648438,-4.561363567005504,-8.186750030517578,0.8012499809265137,0.1066666775279575,-6.694999694824219,7.35727275501598,4.981499862670899,2.8399999141693115,-2.086666531032986,4.305000305175781,-0.9541008062660694,1.175331350415945,-0.24008814245462418,-1.082736313343048,0.19495855271816254,-4.336821846663952,2.9383283760398626,-1.500550890341401,-6.015201740794711,9.747927635908127,0.20408163,0.6122449,0.40816327,0.4,0.76666667,0.675,0.5,0.02040816,0.18367347,0.18367347,0.44897959,0.16326531,88.34114837646484,80.74721272786458,93.84893798828125,93.2576571377841,87.73902893066406,-5.943819999694824,0.9117414686414931,-3.162509494357639,-7.2829132080078125,1.7113420963287354,3.0682950019836426,-3.5119722154405384,6.712782965766059,4.141929973255504,1.745125412940979,0.19495855271816254,-1.082736313343048,-0.9344291538000107,1.1556596979498863,-0.24008814245462418,9.747927635908127,-6.015201740794711,-5.191273076666726,2.626499313522469,-1.500550890341401,0.23529412,0.59574468,0.40816327,0.41666667,0.78571429,0.675,0.47959184,16.0,93.4000015258789,15.75,2.0,0.125,108.6,9.0,0.5625,2019-07-21,0
11,ATL,24,2019,WSN,H,26,0.0,1.0,36.0,1.0,0.0,0.0,0.0,0.0,0.0,1.0,1.0,9.0,5.0,4.0,4.0,1.0,1.0,0.0,0.0,0.0,0.0,0.0,0.0,9.0,45.0,0.0,0.0,0.0,2.0,4.0,2.0,2.0,0.0,0.0,0.0,0.0,0.11111111,-0.11111111,8.399847516255328,9.0,0.625,6.0,0.5714285714285714,0.43478261,19.214009952545165,16.785990047454835,14.170842003822326,805.7145395990391,429.75489030911433,321.55437439659636,0.5,0.25,0.25,0.5,0.5,0.25,0.0,0.0,8.0,18.0,26.0,-0.6405919790267944,-0.7529280185699463,0.11233600229024887,-3.4509999752044678,-0.33150801062583923,1.7278200387954712,2.168800115585327,2.168800115585327,0.15639999508857727,1.0,1.0,-0.20625099539756775,-0.16450056705877197,0.0,1.0,0.5,93.53846154,0.30769231,89.25,,,0.19230769,87.8,,-1.668399453163147,-0.822765588760376,,-0.5835724472999573,-12.833841947408823,-10.2845698595047,,-11.671448945999146,0.38461538,0.92307692,0.65384615,0.8,0.91666667,0.88235294,0.5,0.55555556,0.07692308,3.0,2.0,3.0,3.0,2.0,3.0,8.0,0.375,0.25,0.375,0.375,0.25,0.375,Joe Ross,12972,12.523575297909906,,0.07692308,0.42307692,0.30769231,,0.19230769,93.44999694824219,93.62727494673295,89.1500015258789,,87.7800048828125,-6.324999809265137,-9.272727272727273,-1.003749966621399,,-8.958000183105469,8.129999160766602,5.815454656427557,3.9987499713897705,,4.497999954223633,-0.218952976167202,-1.4494464844465256,-0.8227655962109566,,-0.5835724286735058,-10.9476488083601,-13.176786222241141,-10.284569952636957,,-11.671448573470116,0.27272727,0.93333333,0.65384615,1.0,0.85714286,0.88235294,0.57692308,0.19230769,,0.07692308,0.42307692,0.30769231,87.80565795898437,,93.50454711914062,93.68604625355114,89.16917419433594,-8.457048034667968,,-5.237285137176514,-8.708993391557174,-0.005325512960553169,3.2357059478759767,,7.354644775390625,4.71621357310902,2.819302558898926,-0.5835724286735058,,-0.218952976167202,-1.4494464844465256,-0.8227655962109566,-11.671448573470116,,-10.9476488083601,-13.176786222241141,-10.284569952636957,0.27272727,0.93333333,0.65384615,1.0,0.85714286,0.88235294,0.57692308,8.0,89.8499984741211,24.875,1.0,0.125,104.7,5.0,0.625,2019-06-22,0
12,MIA,24,2019,WSN,H,26,0.0,0.0,27.0,1.0,0.0,0.0,0.0,0.0,0.0,0.0,1.0,7.0,2.0,3.0,3.0,0.0,1.0,0.0,1.0,0.0,0.0,1.0,9.0,9.0,18.0,1.0,0.0,0.0,1.0,1.0,2.0,0.0,0.0,0.0,0.0,0.14285714,0.14285714,0.0,6.12418817461183,0.0,0.4,3.0,0.5,0.25,7.214009952545166,19.785990047454835,9.203217965364455,604.2859046992793,160.78128230925887,208.50634997429856,1.0,0.5,0.25,0.25,0.0,0.0,1.0,9.0,12.0,14.0,26.0,-0.23576800525188446,-0.31088799238204956,0.0751200020313263,-2.4509999752044678,-0.2354470044374466,1.1784600019454956,0.9664000272750854,0.9664000272750854,0.4740000069141388,1.0,1.0,-0.1276330053806305,-0.07243148969146349,0.0,1.0,0.69230769,92.5,0.26923077,87.42857143,,,0.03846154,87.0,,-0.29358598589897156,-0.6604853272438049,,-0.062041692435741425,-1.6310332549942865,-9.435504674911499,,-6.2041692435741425,0.1875,0.7,0.38461538,0.33333333,0.71428571,0.6,0.38461538,0.85714286,0.15384615,1.0,2.0,1.0,0.0,2.0,2.0,4.0,0.25,0.5,0.25,0.0,0.5,0.5,Joe Ross,12972,11.236643779429226,,0.38461538,0.30769231,0.26923077,,0.03846154,92.65,92.25,87.55714634486607,,86.5,-5.773999786376953,-10.382499694824219,-0.39571428298950195,,-8.369999885559082,8.19800033569336,5.587500095367432,4.104285648890904,,5.019999980926514,0.005829092115163803,-0.29941506683826447,-0.6183211207389832,,-0.062041692435741425,0.05829092115163803,-3.742688335478306,-8.83315886769976,,-6.2041692435741425,0.15384615,0.61538462,0.38461538,0.0,0.75,0.6,0.5,0.03846154,,0.38461538,0.30769231,0.26923077,86.67479705810547,,92.82940063476562,92.39656066894531,87.67528424944196,-7.924149990081787,,-4.632180023193359,-9.958619117736816,0.5901786940438407,4.01609992980957,,7.230741119384765,4.52982234954834,2.8469886779785156,-0.062041692435741425,,0.005829092115163803,-0.29941506683826447,-0.6183211207389832,-6.2041692435741425,,0.05829092115163803,-3.742688335478306,-8.83315886769976,0.15384615,0.61538462,0.38461538,0.0,0.75,0.6,0.5,4.0,97.7249984741211,11.75,1.0,0.25,103.5,3.0,0.75,2019-05-24,0
13,@NYM,24,2019,WSN,A,26,0.0,0.0,0.0,1.0,0.0,0.0,0.0,0.0,1.0,0.0,0.1,1.0,0.0,0.0,0.0,0.0,0.0,0.0,0.0,0.0,0.0,0.0,0.0,0.0,0.0,0.0,0.0,0.0,1.0,0.0,0.0,0.0,0.0,0.0,0.0,0.0,0.0,0.0,-0.7324240651130678,0.0,0.0,0.0,0.0,1.0,3.2140099525451666,-3.2140099525451666,3.2140099525451666,0.0,71.12341297597375,72.21017931771179,1.0,0.0,1.0,0.0,0.0,0.0,0.0,0.0,0.0,3.0,3.0,0.04768399894237518,0.0,0.04768399894237518,0.2199999988079071,0.023694099858403206,1.909999966621399,1.909999966621399,1.909999966621399,1.385200023651123,1.0,1.0,0.024965399876236916,4.50324996355278e-08,0.0,0.0,0.66666667,92.5,0.33333333,88.0,,,,,,0.10488568246364594,0.12782397866249084,,,5.244284123182297,12.782397866249084,,,1.0,0.5,0.66666667,0.0,1.0,0.5,0.66666667,1.0,0.33333333,0.0,1.0,0.0,0.0,1.0,0.0,1.0,0.0,1.0,0.0,0.0,1.0,0.0,Joe Ross,12972,1.401329464439688,,,0.66666667,0.33333333,,,,92.75,87.9000015258789,,,,-9.485000610351562,-1.2799999713897705,,,,6.150000095367432,3.049999952316284,,,,0.10488567873835564,0.12782397866249084,,,,5.244283936917782,12.782397866249084,,,1.0,0.5,0.66666667,0.0,1.0,0.5,0.66666667,,,,0.66666667,0.33333333,,,,93.03060150146484,88.24400329589844,,,,-8.635419845581055,-0.40021398663520813,,,,5.163285255432129,1.9855799674987793,,,,0.10488567873835564,0.12782397866249084,,,,5.244283936917782,12.782397866249084,1.0,0.5,0.66666667,0.0,1.0,0.5,0.66666667,1.0,73.5,-2.0,0.0,0.0,73.5,0.0,0.0,2019-05-22,0
14,@NYM,24,2019,WSN,A,26,0.0,0.0,0.0,1.0,0.0,0.0,0.0,0.0,0.0,0.0,1.2,7.0,0.0,1.0,0.0,0.0,1.0,0.0,1.0,0.0,0.0,3.0,16.199967942301292,5.399989314100431,0.0,3.0,0.0,0.0,2.0,0.0,0.0,0.0,0.0,0.0,0.0,0.42857143,0.14285714,0.28571429,2.777535055117749,0.0,0.0,0.5999988126778256,0.0,0.5,3.214009952545166,-3.214009952545166,3.214009952545166,0.0,71.12341297597375,72.21017931771179,2.0,0.0,1.0,0.0,0.0,0.0,1.0,5.399989314100431,14.0,22.0,36.0,0.024952000007033348,-0.02996399998664856,0.05491600185632706,0.5870000123977661,0.06322020292282104,0.43024998903274536,0.4339999854564667,0.36899998784065247,0.9003999829292297,1.0,1.0,0.04669329896569252,0.01130089195370413,0.0,0.0,0.63888889,93.65217391,0.30555556,89.27272727,,,0.05555556,88.5,,0.8488459587097168,-0.1677742600440979,,-0.04190467298030853,3.6906346030857256,-1.5252205458554353,,-2.0952336490154266,0.31818182,0.71428571,0.47222222,0.71428571,0.9,0.82352941,0.38888889,0.85714286,0.08333333,0.0,1.0,1.0,0.0,2.0,0.0,2.0,0.0,0.5,0.5,0.0,1.0,0.0,Joe Ross,12972,2.501774960334892,,0.19444444,0.44444444,0.30555556,,0.05555556,94.07142857142857,93.45000457763672,89.17272394353694,,88.44999694824219,-5.631428309849331,-9.439374923706055,-1.3063636259599165,,-9.479999542236328,8.422857012067523,6.29812479019165,3.9290910200639204,,4.880000114440918,-0.31654828041791916,1.1653942503035069,-0.1677742674946785,,-0.04190467298030853,-4.522118291684559,7.283714064396918,-1.5252206135879864,,-2.0952336490154266,0.22222222,0.72222222,0.47222222,0.5,0.92307692,0.82352941,0.5,0.05555556,,0.19444444,0.44444444,0.30555556,88.7448501586914,,94.32028634207589,93.69912719726562,89.3839999112216,-8.645139694213867,,-4.723204476492746,-8.790521621704102,-0.19212967699224298,3.3376200199127197,,7.545268467494419,5.102190017700195,2.624302777377042,-0.04190467298030853,,-0.31654828041791916,1.1653942503035069,-0.1677742674946785,-2.0952336490154266,,-4.522118291684559,7.283714064396918,-1.5252206135879864,0.22222222,0.72222222,0.47222222,0.5,0.92307692,0.82352941,0.5,2.0,91.0,-16.0,0.0,0.0,102.2,1.0,0.5,2019-05-20,0
15,CHC,24,2019,WSN,H,26,0.0,0.0,0.0,1.0,0.0,0.0,0.0,0.0,0.0,0.0,0.1,3.0,1.0,0.0,0.0,0.0,0.0,0.0,1.0,0.0,0.0,0.0,0.0,0.0,27.000028163224034,0.0,0.0,0.0,1.0,1.0,0.0,0.0,0.0,0.0,0.0,0.0,0.0,0.0,6.485575934886932,0.0,0.5,3.0000031292471148,0.5,1.0,12.214019340286512,-12.214019340286512,18.181649603467815,0.0,272.853829397087,412.82816483799553,1.0,0.0,0.5,0.5,0.0,0.0,2.0,54.00005632644807,2.0,6.0,8.0,0.011284000240266323,-0.02001200057566166,0.03129599988460541,0.24899999797344208,0.023919299244880676,0.8029329776763916,0.19200000166893005,0.3840000033378601,2.9895999431610107,1.0,1.0,-0.015375800430774689,0.02942927756272797,0.0,0.0,0.875,94.71428571,0.125,89.0,,,,,,0.03359682485461235,-0.5679649710655212,,,0.47995464078017647,-56.796497106552124,,,0.0,0.8,0.5,,1.0,1.0,0.625,0.66666667,0.0,1.0,1.0,0.0,0.0,1.0,1.0,2.0,0.5,0.5,0.0,0.0,0.5,0.5,Joe Ross,12972,6.37314579161333,,0.5,0.375,0.125,,,94.92500305175781,94.33333333333333,88.69999694824219,,,-6.537499904632568,-9.240000406901041,-0.7699999809265137,,,8.175000190734863,6.209999720255534,3.309999942779541,,,-0.03237812593579292,0.06597495079040527,-0.5679649710655212,,,-0.8094531483948231,2.1991650263468427,-56.796497106552124,,,0.0,0.8,0.5,,1.0,1.0,0.625,,,0.5,0.375,0.125,,,95.1436996459961,94.5248311360677,88.81849670410156,,,-5.392687797546387,-8.681183497111002,0.044167499989271164,,,7.274292469024658,5.194446563720703,2.3679800033569336,,,-0.03237812593579292,0.06597495079040527,-0.5679649710655212,,,-0.8094531483948231,2.1991650263468427,-56.796497106552124,0.0,0.8,0.5,,1.0,1.0,0.625,2.0,85.55000305175781,15.5,0.0,0.0,94.2,0.0,0.0,2019-05-17,0
16,NYM,24,2019,WSN,H,26,0.0,0.0,9.0,1.0,0.0,0.0,0.0,0.0,0.0,0.0,1.0,5.0,1.0,1.0,1.0,1.0,1.0,0.0,0.0,0.0,0.0,0.0,0.0,9.0,9.0,0.0,0.0,0.0,2.0,2.0,0.0,0.0,0.0,0.0,0.0,0.0,0.2,-0.2,9.226055934886933,9.0,0.25,2.0,0.0,1.0,19.214009952545165,-10.214009952545165,10.192425978183746,201.42863489975977,429.75489030911433,231.0177177280151,1.0,0.0,0.5,0.5,0.0,0.5,0.0,0.0,10.0,10.0,20.0,-0.0160559993237257,-0.024728000164031982,0.008671999908983707,-0.45100000500679016,-0.04332369938492775,0.10183999687433243,0.15639999508857727,0.15639999508857727,,0.0,1.0,-0.12900200486183167,-0.028657066392248715,0.0,0.0,0.7,92.57142857,0.15,87.0,,,0.15,86.33333333,,-1.2782773971557617,0.2815892696380615,,0.14668944478034973,-9.130552836826869,9.386308987935383,,4.889648159344992,0.16666667,0.75,0.4,0.5,1.0,0.875,0.4,0.6,0.05,1.0,2.0,1.0,0.0,3.0,1.0,4.0,0.25,0.5,0.25,0.0,0.75,0.25,Joe Ross,12972,18.83834296616082,,0.35,0.35,0.15,,0.15,92.32856968470982,92.64285714285714,86.93332926432292,,86.33333333333333,-6.541428702218192,-11.160000392368861,-1.206666628519694,,-10.006666819254557,8.832857404436384,6.7999997820172995,4.566666920979817,,5.486666361490886,-1.2170544676482677,-0.06122291088104248,0.2815892770886421,,0.14668944478034973,-17.386492394975253,-0.8746130125863212,9.38630923628807,,4.889648159344992,0.16666667,0.75,0.4,0.5,1.0,0.875,0.4,0.15,,0.4,0.3,0.15,86.59722900390625,,92.4941635131836,93.02323404947917,87.12150065104167,-9.545979817708334,,-5.803275108337402,-10.933815002441406,-0.08054383099079132,4.380029996236165,,7.619319915771484,5.525891621907552,3.2792234420776367,0.14668944478034973,,-1.1714814975857735,-0.10679588094353676,0.2815892770886421,4.889648159344992,,-14.643518719822168,-1.779931349058946,9.38630923628807,0.18181818,0.66666667,0.4,0.5,1.0,0.875,0.45,4.0,86.17500305175781,7.75,1.0,0.25,108.5,1.0,0.25,2019-05-14,0
17,@LAD,24,2019,WSN,A,26,0.0,0.0,0.0,1.0,0.0,0.0,0.0,0.0,0.0,0.0,1.0,3.0,0.0,0.0,0.0,0.0,0.0,0.0,0.0,0.0,0.0,2.0,18.0,0.0,0.0,2.0,0.0,0.0,1.0,0.0,0.0,0.0,0.0,0.0,0.0,0.66666667,0.0,0.66666667,0.03802038111915462,0.0,0.0,0.0,0.0,1.0,-0.7859900474548338,0.7859900474548338,-0.7859900474548338,0.0,-18.534456357311377,-18.817663004584375,1.0,0.0,1.0,0.0,0.0,0.0,0.0,0.0,5.0,9.0,14.0,0.015984000638127327,0.0,0.015984000638127327,0.47999998927116394,0.05063290148973465,0.21466700732707977,0.2856000065803528,0.2856000065803528,0.19920000433921814,1.0,1.0,0.07450299710035324,-4.3484960357151325e-05,0.0,0.0,0.57142857,93.25,0.42857143,86.83333333,,,,,,0.7360162734985352,0.053533948957920074,,,9.20020341873169,0.8922324826320013,,,0.0,0.55555556,0.35714286,,0.6,0.6,0.64285714,0.33333333,0.14285714,1.0,0.0,0.0,0.0,1.0,0.0,1.0,1.0,0.0,0.0,0.0,1.0,0.0,Joe Ross,12972,-1.6262741457721457,,0.35714286,0.21428571,0.35714286,0.07142857,,93.27999877929688,93.26666259765625,87.34000244140626,84.0,,-5.829999923706055,-10.373332977294922,-1.0319999694824218,0.10999999940395355,,9.352000427246093,7.0566666920979815,3.7380001068115236,0.6800000071525574,,0.07891284301877022,0.6571034267544746,-0.07429002970457077,0.12782397866249084,,1.5782568603754044,21.90344755848249,-1.4858005940914154,12.782397866249084,,0.33333333,0.36363636,0.35714286,1.0,0.5,0.6,0.78571429,,,0.35714286,0.21428571,0.42857143,,,93.44732055664062,93.49473063151042,86.94711303710938,,,-4.800207901000976,-9.440110524495443,0.2897984981536865,,,8.27221221923828,5.746163686116536,1.8154172897338867,,,0.07891284301877022,0.6571034267544746,0.053533948957920074,,,1.5782568603754044,21.90344755848249,0.8922324826320013,0.2,0.44444444,0.35714286,1.0,0.5,0.6,0.64285714,1.0,80.4000015258789,-14.0,0.0,0.0,80.4,0.0,0.0,2019-05-10,0
18,@MIL,24,2019,WSN,A,26,0.0,0.0,0.0,1.0,0.0,0.0,0.0,0.0,0.0,0.0,1.0,3.0,0.0,0.0,0.0,0.0,0.0,0.0,0.0,0.0,0.0,1.0,9.0,0.0,0.0,1.0,0.0,0.0,1.0,1.0,0.0,0.0,0.0,0.0,0.0,0.33333333,0.0,0.33333333,2.3291315218447104,0.0,0.0,0.0,0.0,1.0,1.2140099525451662,-1.2140099525451662,3.2032179653644564,0.0,26.294478309331186,71.96458649085432,1.0,0.0,0.5,0.5,0.0,0.0,0.0,0.0,6.0,10.0,16.0,0.0005660000024363399,0.0,0.0005660000024363399,0.5370000004768372,0.05241579934954643,0.011133300140500069,0.009999999776482582,0.009999999776482582,,0.0,1.0,0.053199999034404755,-0.0023615238928446983,0.0,0.0,0.5,93.75,0.25,86.0,,,0.25,88.25,,0.8883743286132812,-0.08556570112705231,,-0.012417152523994446,11.104679107666016,-2.1391425281763077,,-0.31042881309986115,0.5,0.75,0.5625,0.66666667,1.0,0.77777778,0.25,0.66666667,0.125,2.0,0.0,0.0,1.0,0.0,1.0,2.0,1.0,0.0,0.0,0.5,0.0,0.5,Joe Ross,12972,-0.37694667879858484,,0.3125,0.1875,0.25,,0.25,93.6,93.83333333333333,86.0999984741211,,88.05000305175781,-5.281999969482422,-9.819999694824219,-0.10500000417232513,,-9.90250015258789,8.695999908447266,5.903333028157552,3.1549999713897705,,5.702499866485596,0.38019854947924614,0.5081757940351963,-0.08556569740176201,,-0.012417152523994446,7.603970989584923,16.939193134506546,-2.13914243504405,,-0.31042881309986115,0.45454545,0.8,0.5625,0.6,1.0,0.77777778,0.3125,0.25,,0.3125,0.1875,0.25,88.30667114257812,,93.8635009765625,94.04730224609375,86.3062515258789,-9.029077529907227,,-4.198954010009766,-9.099810282389322,1.370006799697876,4.256814956665039,,7.84281005859375,4.840979894002278,1.7736384868621826,-0.012417152523994446,,0.38019854947924614,0.5081757940351963,-0.08556569740176201,-0.31042881309986115,,7.603970989584923,16.939193134506546,-2.13914243504405,0.45454545,0.8,0.5625,0.6,1.0,0.77777778,0.3125,2.0,80.19999694824219,0.0,0.0,0.0,94.5,0.0,0.0,2019-05-07,0
19,@PHI,24,2019,WSN,A,26,0.0,0.0,135.00014081612017,1.0,0.0,0.0,0.0,0.0,0.0,1.0,0.1,7.0,5.0,5.0,5.0,0.0,1.0,0.0,0.0,1.0,0.0,0.0,0.0,27.000028163224034,135.00014081612017,0.0,0.33333333,0.0,3.0,1.0,2.0,0.0,1.0,0.0,0.0,0.0,0.14285714,-0.14285714,7.364106478967747,0.0,0.8333333333333334,18.00001877548269,0.8333333333333334,0.16666667,12.214019340286512,122.78612147583365,18.181649603467815,3021.43267509627,272.853829397087,412.82816483799553,3.0,0.33333333,0.5,0.16666667,0.0,0.0,0.0,0.0,11.0,18.0,29.0,-0.7189599871635437,-0.725085973739624,0.006126009859144688,-5.172999858856201,-0.5094040036201477,1.7650500535964966,1.5670000314712524,1.5670000314712524,0.311599999666214,1.0,1.0,-0.33587199449539185,-0.07145922293868512,0.0,1.0,0.65517241,94.36842105,0.31034483,88.11111111,,,0.03448276,89.0,,-2.078754425048828,-1.5068840980529785,,0.0,-10.940812763414884,-16.743156645033093,,0.0,0.42105263,0.6,0.48275862,0.875,0.83333333,0.85714286,0.34482759,0.57142857,0.06896552,3.0,1.0,2.0,2.0,1.0,3.0,6.0,0.5,0.16666667,0.33333333,0.33333333,0.16666667,0.5,Joe Ross,12972,8.484596638841808,,0.4137931,0.24137931,0.31034483,,0.03448276,94.66666666666667,93.71428571428571,88.07777913411458,,88.80000305175781,-5.147500038146973,-8.777142660958427,0.3488889005449083,,-9.239999771118164,8.40583356221517,5.585714067731585,3.6377779642740884,,4.809999942779541,-1.181886751204729,-0.8968676254153252,-1.5068840645253658,,0.0,-9.849056260039408,-12.81239464879036,-16.743156272504063,,0.0,0.35294118,0.66666667,0.48275862,0.83333333,0.875,0.85714286,0.4137931,0.03448276,,0.34482759,0.31034483,0.31034483,89.09510040283203,,94.96536254882812,94.24333360460069,88.37230767144098,-8.52966022491455,,-3.6017120361328123,-7.931578742133246,1.454156133863661,3.619489908218384,,7.434062194824219,4.961410946316189,2.2983932495117188,0.0,,-1.197634533047676,-0.8811198435723782,-1.5068840645253658,0.0,,-11.97634533047676,-9.790220484137535,-16.743156272504063,0.35294118,0.66666667,0.48275862,0.83333333,0.875,0.85714286,0.4137931,6.0,87.01666259765625,-4.5,1.0,0.16666667,104.2,2.0,0.33333333,2019-05-04,0
20,STL,24,2019,WSN,H,26,0.0,0.0,18.0,1.0,0.0,0.0,0.0,0.0,0.0,0.0,0.0,3.0,2.0,2.0,2.0,0.0,1.0,0.0,0.0,0.0,0.0,0.0,0.0,9.0,18.0,0.0,0.0,0.0,1.0,0.0,1.0,0.0,0.0,0.0,0.0,0.0,0.33333333,-0.33333333,,0.0,1.0,3.0,1.0,0.33333333,6.214009952545166,11.785990047454835,6.214009952545166,402.85726979951954,138.36681497593761,140.4810610594339,1.0,0.5,0.5,0.0,0.0,0.0,0.0,0.0,4.0,5.0,9.0,-0.1066880002617836,-0.1066880002617836,0.0,-2.3519999980926514,-0.22593699395656586,0.6636000275611877,0.5428000092506409,0.5428000092506409,0.33640000224113464,1.0,1.0,-0.15394200384616852,-0.006829538997003448,0.0,1.0,0.55555556,94.0,0.44444444,88.75,,,,,,-0.9504522681236267,-0.5942178964614868,,,-19.009045362472534,-14.85544741153717,,,0.33333333,1.0,0.55555556,1.0,1.0,1.0,0.33333333,1.0,0.0,2.0,0.0,0.0,0.0,1.0,1.0,2.0,1.0,0.0,0.0,0.0,0.5,0.5,Joe Ross,12972,18.11540172810247,,0.33333333,0.22222222,0.44444444,,,93.93332926432292,93.44999694824219,88.4749984741211,,,-5.543333689371745,-11.34000015258789,-0.1599999964237213,,,8.91333262125651,7.0,3.5975000858306885,,,-0.23813264816999435,-0.7123196385800838,-0.5942179076373577,,,-7.937754938999812,-35.61598192900419,-14.855447690933943,,,0.2,1.0,0.55555556,1.0,1.0,1.0,0.44444444,,,0.33333333,0.22222222,0.44444444,,,94.1482645670573,93.65284729003906,88.65987396240234,,,-4.229060173034668,-10.642650604248047,1.0731325149536133,,,8.080623626708984,5.734385013580322,2.2855401039123535,,,-0.23813264816999435,-0.7123196385800838,-0.5942179076373577,,,-7.937754938999812,-35.61598192900419,-14.855447690933943,0.2,1.0,0.55555556,1.0,1.0,1.0,0.44444444,2.0,87.44999694824219,9.5,0.0,0.0,96.3,1.0,0.5,2019-05-01,0
21,STL,24,2019,WSN,H,26,0.0,0.0,0.0,1.0,0.0,0.0,0.0,0.0,0.0,0.0,0.1,1.0,0.0,0.0,0.0,0.0,0.0,0.0,0.0,0.0,0.0,0.0,0.0,0.0,0.0,0.0,0.0,0.0,1.0,0.0,0.0,0.0,0.0,0.0,0.0,0.0,0.0,0.0,-0.7324240651130678,0.0,0.0,0.0,0.0,1.0,3.2140099525451666,-3.2140099525451666,3.2140099525451666,0.0,71.12341297597375,72.21017931771179,1.0,0.0,1.0,0.0,0.0,0.0,0.0,0.0,0.0,2.0,2.0,0.03578399866819382,0.0,0.03578399866819382,0.46399998664855957,0.04457249864935875,1.3555999994277954,0.6777999997138977,1.3555999994277954,,0.0,1.0,0.02639720030128956,-3.396660499394022e-08,0.0,0.0,0.5,95.0,0.5,89.0,,,,,,0.3049292266368866,0.04557297006249428,,,30.49292266368866,4.557297006249428,,,1.0,0.0,0.5,1.0,,1.0,0.5,1.0,0.0,1.0,0.0,0.0,0.0,0.0,1.0,1.0,1.0,0.0,0.0,0.0,0.0,1.0,Joe Ross,12972,1.401329464439688,,,0.5,0.5,,,,94.69999694824219,88.80000305175781,,,,-7.460000038146973,0.3400000035762787,,,,6.860000133514404,2.5999999046325684,,,,0.3049292266368866,0.04557297006249428,,,,30.49292266368866,4.557297006249428,,,1.0,0.0,0.5,1.0,,1.0,0.5,,,0.5,,0.5,,,94.84970092773438,,88.96119689941406,,,-6.656099796295166,,1.2357800006866455,,,6.146180152893066,,1.7616300582885742,,,0.3049292266368866,,0.04557297006249428,,,30.49292266368866,,4.557297006249428,1.0,0.0,0.5,1.0,,1.0,0.5,1.0,85.5999984741211,2.0,0.0,0.0,85.6,0.0,0.0,2019-04-30,0
22,SDP,24,2019,WSN,H,26,0.0,0.0,0.0,1.0,0.0,0.0,0.0,0.0,0.0,0.0,1.0,6.0,2.0,0.0,0.0,0.0,1.0,0.0,0.0,0.0,0.0,1.0,9.0,9.0,18.0,1.0,0.0,0.0,2.0,1.0,1.0,1.0,0.0,0.0,0.0,0.16666667,0.16666667,0.0,5.934325943396933,0.0,0.4,3.0,0.5,1.0,4.214009952545166,-4.214009952545166,6.203217965364456,0.0,93.53788030929503,140.2354682325764,2.0,0.25,0.5,0.25,1.0,0.0,0.0,0.0,9.0,12.0,21.0,0.14698000252246857,-0.14069199562072754,0.2876720130443573,0.5490000247955322,0.052737798541784286,3.323669910430908,2.37280011177063,2.37280011177063,2.37280011177063,1.0,1.0,0.016411300748586655,0.02781090136035047,1.0,0.0,0.80952381,94.70588235,0.19047619,88.75,,,,,,-0.05104461684823036,-0.40842077136039734,,,-0.3002624520484139,-10.210519284009933,,,0.30769231,0.75,0.47619048,0.25,0.66666667,0.5,0.38095238,0.5,0.23809524,1.0,2.0,1.0,2.0,1.0,1.0,4.0,0.25,0.5,0.25,0.5,0.25,0.25,Joe Ross,12972,4.127878705887353,,0.76190476,0.04761905,0.19047619,,,94.6312484741211,94.0999984741211,88.6500015258789,,,-6.136875152587891,-13.729999542236328,-0.875,,,8.356249809265137,7.75,3.815000057220459,,,0.045544955879449844,-0.0965895727276802,-0.40842078253626823,,,0.2846559742465615,-9.65895727276802,-10.210519563406706,,,0.25,0.77777778,0.47619048,0.33333333,0.57142857,0.5,0.42857143,,,0.76190476,0.04761905,0.19047619,,,94.91202545166016,94.3740005493164,88.82837677001953,,,-4.994411945343018,-13.143699645996094,0.15262775123119354,,,7.535556793212891,6.306970119476318,2.469564914703369,,,0.045544955879449844,-0.0965895727276802,-0.40842078253626823,,,0.2846559742465615,-9.65895727276802,-10.210519563406706,0.18181818,0.8,0.47619048,0.0,0.625,0.5,0.47619048,4.0,90.5250015258789,19.0,0.0,0.0,107.6,2.0,0.5,2019-04-28,0
23,SDP,24,2019,WSN,H,26,0.0,0.0,0.0,1.0,0.0,0.0,0.0,0.0,0.0,0.0,1.0,4.0,1.0,0.0,0.0,0.0,1.0,0.0,0.0,0.0,0.0,1.0,9.0,9.0,9.0,1.0,0.5,0.0,2.0,0.0,0.0,0.0,1.0,0.0,0.0,0.25,0.25,0.0,5.500575934886933,0.0,0.3333333333333333,2.0,0.5,1.0,4.214009952545166,-4.214009952545166,4.214009952545166,0.0,93.53788030929503,94.96713989828582,2.0,0.0,1.0,0.0,0.0,0.0,0.0,0.0,7.0,12.0,19.0,0.11242000013589859,-0.16538800299167633,0.2778080105781555,0.5490000247955322,0.052737798541784286,2.8740999698638916,1.8675999641418457,1.8675999641418457,2.37280011177063,1.0,1.0,0.00811609998345375,0.030998753819360368,1.0,0.0,0.63157895,94.75,0.26315789,89.0,,,0.10526316,89.0,,0.6002411842346191,-0.33474111557006836,,0.05465850979089737,5.002009868621826,-6.694822311401367,,2.7329254895448685,0.4,0.55555556,0.47368421,1.0,0.6,0.77777778,0.47368421,0.75,0.10526316,2.0,0.0,0.0,1.0,1.0,0.0,2.0,1.0,0.0,0.0,0.5,0.5,0.0,Joe Ross,12972,3.1785330759371644,,0.31578947,0.31578947,0.26315789,,0.10526316,94.68332926432292,94.81667073567708,89.05999755859375,,88.80000305175781,-5.640000025431315,-9.768333435058594,-1.1779999732971191,,-9.574999809265137,8.668333053588867,6.798333485921224,3.8380001068115233,,5.555000305175781,-0.2769327275454998,0.8771738968789577,-0.33474110811948776,,0.05465850979089737,-4.615545459091663,14.61956494798263,-6.694822162389754,,2.7329254895448685,0.25,0.63636364,0.47368421,1.0,0.71428571,0.77777778,0.57894737,0.10526316,,0.31578947,0.31578947,0.26315789,89.01959991455078,,94.88426717122395,95.020263671875,89.24561767578125,-8.703590393066406,,-4.539054870605469,-8.994476318359375,0.035601836442947385,4.418694972991943,,7.591106414794922,5.745520273844401,2.4571559906005858,0.05465850979089737,,-0.2769327275454998,0.8771738968789577,-0.33474110811948776,2.7329254895448685,,-4.615545459091663,14.61956494798263,-6.694822162389754,0.25,0.63636364,0.47368421,1.0,0.71428571,0.77777778,0.57894737,2.0,73.4000015258789,-27.5,0.0,0.0,91.3,0.0,0.0,2019-04-27,0
24,@COL,24,2019,WSN,A,26,0.0,0.0,0.0,1.0,0.0,0.0,0.0,0.0,1.0,0.0,0.1,1.0,0.0,0.0,0.0,0.0,0.0,0.0,0.0,0.0,0.0,0.0,0.0,0.0,0.0,0.0,0.0,0.0,1.0,0.0,0.0,0.0,0.0,0.0,0.0,0.0,0.0,0.0,-0.7324240651130678,0.0,0.0,0.0,0.0,1.0,3.2140099525451666,-3.2140099525451666,3.2140099525451666,0.0,71.12341297597375,72.21017931771179,1.0,0.0,1.0,0.0,0.0,0.0,0.0,0.0,1.0,2.0,3.0,0.0530799999833107,0.0,0.0530799999833107,0.3089999854564667,0.025307100266218185,1.8871999979019165,1.8871999979019165,1.8871999979019165,1.492799997329712,1.0,1.0,0.028126299381256104,2.5355031560425623e-08,0.0,0.0,0.33333333,95.0,0.66666667,90.0,,,,,,0.21696186065673828,0.015747781842947006,,,21.696186065673828,0.7873890921473503,,,0.5,1.0,0.66666667,0.0,1.0,0.5,0.33333333,1.0,0.33333333,0.0,0.0,1.0,0.0,1.0,0.0,1.0,0.0,0.0,1.0,0.0,1.0,0.0,Joe Ross,12972,1.401329464439688,,0.33333333,,0.66666667,,,94.69999694824219,,89.94999694824219,,,-3.619999885559082,,-0.46000000834465027,,,6.010000228881836,,3.3949999809265137,,,0.21696186065673828,,0.015747781842947006,,,21.696186065673828,,0.7873890921473503,,,0.66666667,,0.66666667,0.5,,0.5,0.0,,,0.33333333,,0.66666667,,,94.85250091552734,,90.09254455566406,,,-2.840970039367676,,0.46763598918914795,,,5.336410045623779,,2.1625349521636963,,,0.21696186065673828,,0.015747781842947006,,,21.696186065673828,,0.7873890921473503,0.66666667,,0.66666667,0.5,,0.5,0.0,1.0,98.69999694824219,-5.0,0.0,0.0,98.7,1.0,1.0,2019-04-23,0
25,@MIA,24,2019,WSN,A,26,0.0,0.0,0.0,1.0,0.0,0.0,0.0,0.0,0.0,0.0,2.0,7.0,1.0,0.0,0.0,0.0,0.0,0.0,0.0,0.0,0.0,1.0,4.5,0.0,4.5,1.0,0.0,0.0,2.0,2.0,2.0,1.0,0.0,0.0,0.0,0.14285714,0.0,0.14285714,4.455371890125299,0.0,0.14285714285714285,0.5,0.16666666666666666,1.0,2.214009952545166,-2.214009952545166,4.203217965364456,0.0,48.708945642652466,94.72154707142835,1.0,0.33333333,0.33333333,0.33333333,0.5,0.0,1.0,4.5,4.0,18.0,22.0,0.1009799987077713,-0.019519999623298645,0.12049999833106995,1.600000023841858,0.1693120002746582,0.7651429772377014,0.8464999794960022,1.531999945640564,0.27399998903274536,1.0,1.0,0.11448200047016144,0.01749333186880425,1.0,0.0,0.54545455,94.33333333,0.45454545,86.9,,,,,,1.0924832820892334,0.007025957107543945,,,9.10402735074361,0.07025957107543945,,,0.6,0.91666667,0.77272727,0.66666667,0.81818182,0.76470588,0.54545455,0.85714286,0.18181818,1.0,3.0,2.0,1.0,3.0,2.0,6.0,0.16666667,0.5,0.33333333,0.16666667,0.5,0.33333333,Joe Ross,12972,3.5209109910029093,,0.5,0.04545455,0.45454545,,,94.50908868963069,92.69999694824219,86.82000122070312,,,-5.632727189497515,-10.710000038146973,0.34800000190734864,,,9.290908813476562,7.03000020980835,3.368000030517578,,,0.8597736246883869,0.23270964622497559,0.0005905032157897949,,,7.8161238608035175,23.27096462249756,0.005905032157897949,,,0.55555556,0.92307692,0.77272727,0.6,0.83333333,0.76470588,0.59090909,,,0.5,0.04545455,0.45454545,,,94.75319602272727,92.97440338134766,87.0690673828125,,,-4.562644611705434,-9.895179748535156,1.500300979614258,,,8.218924782492898,5.611579895019531,1.9166770935058595,,,0.8597736246883869,0.23270964622497559,0.0005905032157897949,,,7.8161238608035175,23.27096462249756,0.005905032157897949,0.55555556,0.92307692,0.77272727,0.6,0.83333333,0.76470588,0.59090909,6.0,82.01666768391927,18.333333333333332,0.0,0.0,96.6,1.0,0.16666667,2019-04-19,0
26,@PHI,24,2019,WSN,A,26,0.0,0.0,0.0,1.0,0.0,0.0,0.0,0.0,0.0,0.0,2.0,7.0,1.0,0.0,0.0,0.0,0.0,0.0,0.0,0.0,0.0,2.0,9.0,0.0,4.5,2.0,0.0,0.0,2.0,3.0,0.0,0.0,0.0,0.0,0.0,0.28571429,0.0,0.28571429,3.0167595547189734,0.0,0.14285714285714285,0.5,0.2,1.0,1.2140099525451662,-1.2140099525451662,4.197821971774101,0.0,26.294478309331186,94.5987506579996,0.66666667,0.0,0.4,0.6,0.0,0.0,4.0,18.0,9.0,18.0,27.0,0.019314000383019447,-0.0038240000139921904,0.023137999698519707,1.059999942779541,0.1043820008635521,0.14168600738048553,0.15850000083446503,0.14079999923706055,0.7770000100135803,1.0,1.0,0.12311899662017822,0.013196513570982477,0.0,0.0,0.7037037,94.26315789,0.25925926,87.85714286,,,0.03703704,88.0,,1.2435581684112549,0.04124418646097183,,-0.062041692435741425,6.545042991638184,0.589202663728169,,-6.2041692435741425,0.27272727,0.6875,0.51851852,0.66666667,0.90909091,0.85714286,0.59259259,0.28571429,0.07407407,2.0,2.0,1.0,0.0,3.0,2.0,5.0,0.4,0.4,0.2,0.0,0.6,0.4,Joe Ross,12972,-0.21083144571965556,,0.51851852,0.18518519,0.25925926,,0.03703704,94.11428397042411,94.4,87.65713936941964,,88.0999984741211,-5.100000108991351,-9.845999908447265,0.9285714285714286,,-9.3100004196167,8.702857426234655,7.46199951171875,3.0657141549246654,,3.240000009536743,1.2516332603991032,-0.008075058460235596,0.04124418646097183,,-0.062041692435741425,8.940237574279308,-0.16150116920471191,0.589202663728169,,-6.2041692435741425,0.1,0.76470588,0.51851852,1.0,0.84615385,0.85714286,0.62962963,0.03703704,,0.51851852,0.18518519,0.25925926,88.36100006103516,,94.33110700334821,94.61121826171875,87.81944056919643,-8.82349967956543,,-4.114980152675083,-9.338929748535156,1.996879986354283,2.114000082015991,,7.680082048688616,6.128485870361328,1.6897024427141463,-0.062041692435741425,,1.2516332603991032,-0.008075058460235596,0.04124418646097183,-6.2041692435741425,,8.940237574279308,-0.16150116920471191,0.589202663728169,0.1,0.76470588,0.51851852,1.0,0.84615385,0.85714286,0.62962963,5.0,93.94000244140625,21.0,1.0,0.2,105.6,3.0,0.6,2019-04-09,0
27,@NYM,24,2019,WSN,A,26,0.0,0.0,81.0000844896721,1.0,0.0,0.0,0.0,0.0,0.0,0.0,0.1,4.0,1.0,3.0,3.0,1.0,1.0,0.0,1.0,0.0,0.0,0.0,0.0,27.000028163224034,27.000028163224034,0.0,0.0,0.0,0.0,2.0,0.0,0.0,0.0,0.0,0.0,0.0,0.25,-0.25,12.03782593488693,27.000028163224034,0.5,6.0000062584942295,0.0,0.0,60.21406940824035,20.786015081431756,33.14928925439047,1812.8596050577617,1348.7493836430242,753.4461503582792,0.0,0.0,0.0,1.0,0.0,0.5,0.0,0.0,12.0,10.0,22.0,-0.012973999604582787,-0.018629999831318855,0.005656010005623102,-2.7799999713897705,-0.2994079887866974,0.2126999944448471,0.0714000016450882,0.0714000016450882,0.45660001039505005,1.0,1.0,-0.11421699821949005,0.05322028950567327,0.0,0.0,0.72727273,94.5,0.22727273,87.6,,,0.04545455,89.0,,-0.11489586532115936,-0.2643435597419739,,-1.3981536626815796,-0.718099158257246,-5.2868711948394775,,-139.81536626815796,0.13333333,0.85714286,0.36363636,0.5,0.66666667,0.625,0.31818182,0.5,0.13636364,1.0,1.0,0.0,0.0,0.0,2.0,2.0,0.5,0.5,0.0,0.0,0.0,1.0,Joe Ross,12972,59.12746237765458,,0.63636364,0.09090909,0.22727273,,0.04545455,94.42143031529018,94.55000305175781,87.75999755859375,,88.5999984741211,-4.927856990269253,-9.34000015258789,0.22200000286102295,,-10.029999732971191,9.232142857142858,6.599999904632568,3.4759998321533203,,6.489999771118164,-0.013943444937467575,-0.10095242038369179,-0.2643435522913933,,-1.3981536626815796,-0.09959603526762553,-5.047621019184589,-5.286871045827866,,-139.81536626815796,0.0,0.66666667,0.36363636,,0.625,0.625,0.54545455,0.04545455,,0.63636364,0.09090909,0.22727273,88.73690032958984,,94.58171735491071,94.67665100097656,87.8589599609375,-9.077210426330566,,-3.7105584825788225,-8.94366455078125,1.5728914260864257,5.228050231933594,,8.101206643240792,5.725065231323242,1.8610910415649413,-1.3981536626815796,,-0.013943444937467575,-0.10095242038369179,-0.2643435522913933,-139.81536626815796,,-0.09959603526762553,-5.047621019184589,-5.286871045827866,0.0,0.66666667,0.36363636,,0.625,0.625,0.54545455,2.0,103.8499984741211,26.5,2.0,1.0,104.6,2.0,1.0,2019-04-07,0
