,Opp,teamid,season,Team,HomeAway,Age,W,L,ERA,G,GS,CG,ShO,SV,HLD,BS,IP,TBF,H,R,ER,HR,BB,IBB,HBP,WP,BK,SO,K/9,BB/9,H/9,K/BB,IFH%,BUH%,GB,FB,LD,IFFB,IFH,BU,BUH,K%,BB%,K-BB%,SIERA,HR/9,AVG,WHIP,BABIP,LOB%,FIP,E-F,xFIP,ERA-,FIP-,xFIP-,GB/FB,LD%,GB%,FB%,IFFB%,HR/FB,RS,RS/9,Balls,Strikes,Pitches,WPA,-WPA,+WPA,RE24,REW,pLI,inLI,gmLI,exLI,Pulls,Games,WPA/LI,Clutch,SD,MD,FB%1,FBv,SL%,SLv,CB%,CBv,SF%,SFv,XX%,wFB,wSL,wCB,wSF,wFB/C,wSL/C,wCB/C,wSF/C,O-Swing%,Z-Swing%,Swing%,O-Contact%,Z-Contact%,Contact%,Zone%,F-Strike%,SwStr%,Pull,Cent,Oppo,Soft,Med,Hard,bipCount,Pull%,Cent%,Oppo%,Soft%,Med%,Hard%,PlayerName,playerid,tERA,GSv2,pfxFA%,pfxFT%,pfxSL%,pfxCU%,pfxCH%,pfxvFA,pfxvFT,pfxvSL,pfxvCU,pfxvCH,pfxFA-X,pfxFT-X,pfxSL-X,pfxCU-X,pfxCH-X,pfxFA-Z,pfxFT-Z,pfxSL-Z,pfxCU-Z,pfxCH-Z,pfxwFA,pfxwFT,pfxwSL,pfxwCU,pfxwCH,pfxwFA/C,pfxwFT/C,pfxwSL/C,pfxwCU/C,pfxwCH/C,pfxO-Swing%,pfxZ-Swing%,pfxSwing%,pfxO-Contact%,pfxZ-Contact%,pfxContact%,pfxZone%,piCH%,piCU%,piFA%,piSI%,piSL%,pivCH,pivCU,pivFA,pivSI,pivSL,piCH-X,piCU-X,piFA-X,piSI-X,piSL-X,piCH-Z,piCU-Z,piFA-Z,piSI-Z,piSL-Z,piwCH,piwCU,piwFA,piwSI,piwSL,piwCH/C,piwCU/C,piwFA/C,piwSI/C,piwSL/C,piO-Swing%,piZ-Swing%,piSwing%,piO-Contact%,piZ-Contact%,piContact%,piZone%,Events,EV,LA,Barrels,Barrel%,maxEV,HardHit,HardHit%,gamedate,dh
0,- - -,6,2019,- - -,A,33,1.0,13.0,6.910714859447053,23.0,23.0,0.0,0.0,0.0,0.0,0.0,112.0,504.0,145.0,89.0,86.0,19.0,25.0,2.0,6.0,3.0,0.0,82.0,6.589286261333236,2.0089287382113525,11.651786681625845,3.28,0.07453416,0.28571429,161.0,129.0,94.0,12.0,12.0,7.0,2.0,0.16269841,0.04960317,0.11309524,4.930331247721769,1.5267858410406279,0.30655391120507397,1.5178572688707996,0.3387096774193548,0.58232932,4.785438654434936,2.125276205012117,4.871222890607598,146.95930877586548,102.70857165874858,106.39689839081828,1.24806202,0.24479167,0.41927083,0.3359375,0.09302326,0.14728682,43.0,3.4553574297235263,653.0,1213.0,1866.0,-2.1725420606089756,-10.291238024830818,8.11869603395462,-27.27159956842661,-2.5374649823643267,0.9759827620200529,0.911384600198875,0.8760869632596555,0.9856174039128034,23.0,23.0,-1.4129373729228973,-0.8130671685019211,0.0,0.0,0.46541555,90.47235023,0.31474531,85.84497445,0.19624665,80.28688525,0.02359249,87.31818182,0.00482315,-4.326657112687826,-8.717161543667316,-5.915352173149586,0.12113466486334801,-0.4984628010009017,-1.485036038103461,-1.616216440751253,0.27530605650760914,0.34023402,0.64986737,0.46541555,0.7010582,0.90816327,0.81797235,0.40428954,0.63690476,0.0846731,176.0,115.0,100.0,53.0,171.0,167.0,391.0,0.45012788,0.29411765,0.25575448,0.13554987,0.43734015,0.42710997,Jordan Zimmermann,4505,5.606979940227958,44.0,0.34405145,0.12433012,0.31564845,0.19506967,0.02090032,90.45716529917495,90.2607755989864,85.82665559674767,80.23736337515024,87.1051277747521,-4.413644879777855,-7.492413777729561,1.3006621532407803,2.490384586564787,-7.631538427793062,8.998613708115812,4.957456854910686,4.523446560715577,-2.659423073569497,3.8758974319849258,-1.9415589570999146,-0.9624748378992081,-8.615670096129179,-6.109522044658661,-0.8920023329555988,-0.3024235135669649,-0.4148598439220725,-1.4627623253190458,-1.6784401221589726,-2.2871854691169204,0.32142857,0.61597374,0.46570204,0.66993464,0.89520426,0.81588032,0.48981779,0.01974386,0.19477054,0.34044824,0.12753469,0.31323372,87.2326142594621,80.2425617374786,90.53141626818427,90.27268579714467,85.87249267162213,-7.133729122780465,3.040566598552547,-3.880621811439251,-7.198984718721781,1.9906130243200664,2.5005600162454553,-4.111427981232944,7.868175088051345,3.5887413553613,3.167811691050229,-0.9612644501030445,-5.9189534820616245,-1.7754953876137733,-0.9939722642302513,-8.536667726933956,-2.5980120273055256,-1.6216310909757874,-0.2782908131056071,-0.41588797666537713,-1.4542875173652394,0.31974922,0.61936194,0.46570204,0.66666667,0.89698046,0.81588032,0.48713826,391.0,90.24947913487752,12.604166666666666,34.0,0.08695652,115.6,150.0,0.38363171,2050-01-01,0
1,MIN,6,2019,DET,H,33,0.0,1.0,8.307698402183535,1.0,1.0,0.0,0.0,0.0,0.0,0.0,4.1,22.0,7.0,6.0,4.0,0.0,1.0,0.0,0.0,0.0,0.0,2.0,4.153849201091767,2.0769246005458837,14.538472203821184,2.0,0.0,0.0,9.0,5.0,5.0,0.0,0.0,0.0,0.0,0.09090909,0.04545455,0.04545454,5.488377657734371,0.0,0.3333333333333333,1.8461552004852297,0.3684210526315789,0.25,2.9832405524845127,5.324457849699022,5.2784822510552765,176.66676162080023,64.35694636148169,115.21800967938314,1.8,0.26315789,0.47368421,0.26315789,0.0,0.0,3.0,6.230773801637651,35.0,56.0,91.0,-0.41745999455451965,-0.751039981842041,0.33357998728752136,-3.1582999229431152,-0.29655399918556213,1.2265000343322754,1.0255999565124512,0.8700000047683716,1.1380000114440918,1.0,1.0,-0.14800000190734863,-0.1923668818015385,0.0,0.0,0.47777778,90.74418605,0.27777778,86.36,0.18888889,80.17647059,0.05555556,87.0,0.01098901,0.8236587643623352,-1.2548422813415527,-0.7809327840805054,0.25153571367263794,1.9154854985170586,-5.019369125366211,-4.59372225929709,5.030714273452759,0.28070175,0.72727273,0.44444444,0.75,0.95833333,0.875,0.36666667,0.5,0.05494505,11.0,5.0,3.0,4.0,10.0,5.0,19.0,0.57894737,0.26315789,0.15789474,0.21052632,0.52631579,0.26315789,Jordan Zimmermann,4505,4.422497434502303,36.0,0.31868132,0.17582418,0.27472527,0.18681319,0.04395604,90.62414129849138,90.5250015258789,86.287998046875,80.03529268152573,86.6500015258789,-3.8144828533304147,-7.395625114440918,1.518800048828125,3.4435294656192554,-6.130000114440918,9.366897056842673,4.581250190734863,5.083999938964844,-3.054705900304458,4.077499866485596,1.2082309387624264,-0.17569638788700104,-1.2548423111438751,-0.7809327654540539,0.018826059997081757,4.166313581939401,-1.0981024242937565,-5.0193692445755005,-4.593722149729729,0.4706514999270439,0.23404255,0.65909091,0.43956044,0.63636364,0.96551724,0.875,0.48351648,0.05494505,0.18681319,0.31868132,0.16483516,0.27472527,86.88800048828125,79.9593505859375,90.62882206357759,90.7004638671875,86.2476953125,-5.766188049316407,3.9496693330652572,-3.402971465012123,-7.200107828776042,2.1744590759277345,2.548092079162598,-4.7241686652688415,8.085721246127424,3.0115816752115885,3.5962359619140627,0.25153570622205734,-0.7809327654540539,1.2082309387624264,-0.4084060341119766,-1.2548423111438751,5.030714124441147,-4.593722149729729,4.166313581939401,-2.7227068940798445,-5.0193692445755005,0.23913043,0.64444444,0.43956044,0.63636364,0.96551724,0.875,0.49450549,19.0,84.97894608347039,7.842105263157895,1.0,0.05263158,103.6,3.0,0.15789474,2019-09-26,0
2,CHW,6,2019,DET,H,33,0.0,1.0,22.090888502203214,1.0,1.0,0.0,0.0,0.0,0.0,0.0,3.2,23.0,11.0,9.0,9.0,2.0,1.0,1.0,0.0,0.0,0.0,6.0,14.72725900146881,2.4545431669114683,26.999974836026148,6.0,0.16666667,0.0,6.0,6.0,4.0,0.0,1.0,0.0,0.0,0.26086957,0.04347826,0.21739131,3.8048102786744185,4.909086333822937,0.5,3.272724222548624,0.6428571428571429,0.32608696,7.8503692678223835,14.24051923438083,4.014531409254451,469.7721973133555,167.93174014369208,87.84122691730171,1.0,0.25,0.375,0.375,0.0,0.33333333,1.0,2.4545431669114683,19.0,53.0,72.0,-0.3882800042629242,-0.7106999754905701,0.32242000102996826,-6.85129976272583,-0.6433150172233582,0.9049999713897705,0.7710000276565552,0.8700000047683716,0.041999999433755875,1.0,1.0,-0.43295300006866455,0.003914307761681501,0.0,0.0,0.48611111,90.8,0.31944444,86.2173913,0.18055556,80.46153846,0.01388889,87.0,0.05555556,-4.578768253326416,0.6629350185394287,-0.9246811270713806,-0.5086522102355957,-13.082195009504046,2.8823261675627334,-7.112931746702928,-50.86522102355957,0.5,0.73333333,0.59722222,0.71428571,0.63636364,0.6744186,0.41666667,0.60869565,0.19444444,5.0,5.0,6.0,1.0,5.0,10.0,16.0,0.3125,0.3125,0.375,0.0625,0.3125,0.625,Jordan Zimmermann,4505,7.251795660197843,7.0,0.26388889,0.22222222,0.30555556,0.19444444,0.01388889,90.89473684210526,90.6624984741211,86.28636585582386,80.52857317243304,86.69999694824219,-4.395263270327919,-7.806875228881836,1.0468182130293413,2.4135714939662387,-7.46999979019165,8.787894801089639,5.035624980926514,4.636818278919566,-2.0557141985212053,5.329999923706055,-3.3238005749881268,-1.2549674771726131,0.6860377751290798,-0.9635918326675892,-0.5086522102355957,-17.493687236779614,-7.843546732328832,3.118353523313999,-6.882798804768495,-50.86522102355957,0.45945946,0.74285714,0.59722222,0.64705882,0.69230769,0.6744186,0.48611111,0.01315789,0.17105263,0.25,0.21052632,0.30263158,86.76170349121094,80.24896709735577,90.92159231085526,90.69927978515625,86.1673000169837,-7.274499893188477,3.007890848013071,-3.944514224403783,-7.510809421539307,1.6732399981954824,3.9142301082611084,-4.032157017634465,7.632269608347039,3.5848851203918457,3.042685135551121,-0.5086522102355957,-0.9246811047196388,-3.3238005749881268,-1.2549674771726131,0.6471270471811295,-50.86522102355957,-7.112931574766453,-17.493687236779614,-7.843546732328832,2.8135958573092585,0.47368421,0.73529412,0.59722222,0.61111111,0.72,0.6744186,0.47222222,16.0,95.7437515258789,11.375,4.0,0.25,109.0,11.0,0.6875,2019-09-20,0
3,BAL,6,2019,DET,H,33,0.0,1.0,7.2,1.0,1.0,0.0,0.0,0.0,0.0,0.0,5.0,22.0,8.0,4.0,4.0,1.0,0.0,0.0,0.0,0.0,0.0,3.0,5.4,0.0,14.4,3.0,0.15384615,0.0,13.0,2.0,4.0,0.0,2.0,0.0,0.0,0.13636364,0.0,0.13636364,2.87903250847123,1.8,0.36363636363636365,1.6,0.3888888888888889,0.60606061,4.614009952545166,2.5859900474548345,2.809693157672882,153.11108108299146,99.06048805852838,61.74480450422787,6.5,0.21052632,0.68421053,0.10526316,0.0,0.5,0.0,0.0,35.0,56.0,91.0,-0.12250000238418579,-0.4070200026035309,0.2845200002193451,-1.1653000116348267,-0.10941799730062485,0.8325219750404358,0.8971999883651733,0.8700000047683716,0.30799999833106995,1.0,1.0,-0.043007299304008484,-0.1041359666479034,0.0,0.0,0.3956044,90.0,0.49450549,85.46666667,0.0989011,79.66666667,0.01098901,86.0,,-2.6504313945770264,1.3317272663116455,-0.51786869764328,0.1871366798877716,-7.362309429380629,2.95939392513699,-5.754096640480889,18.71366798877716,0.31034483,0.66666667,0.43956044,0.88888889,0.81818182,0.85,0.36263736,0.45454545,0.06593407,10.0,3.0,6.0,3.0,7.0,9.0,19.0,0.52631579,0.15789474,0.31578947,0.15789474,0.36842105,0.47368421,Jordan Zimmermann,4505,5.28907696077735,41.0,0.20879121,0.18681319,0.49450549,0.0989011,0.01098901,89.9578921669408,89.9588264016544,85.48000217013889,79.69999864366319,86.4000015258789,-3.799999839381168,-7.5394116569967835,1.7440000745985242,2.726666556464301,-6.559999942779541,8.480526572779604,4.741764741785386,4.19977789984809,-3.3388888041178384,3.5899999141693115,-1.341741718351841,-1.3086896948516369,1.0390165746212006,-0.5178687088191509,0.1871366798877716,-7.061798517641268,-7.698174675597865,2.3089257213804455,-5.754096764657232,18.71366798877716,0.22727273,0.63829787,0.43956044,0.8,0.86666667,0.85,0.51648352,0.01098901,0.0989011,0.18681319,0.20879121,0.49450549,86.5022964477539,79.70722113715277,90.10744341681985,89.93696032072368,85.51292860243055,-6.109149932861328,3.138856675889757,-3.128178091610179,-7.059465910259046,2.251620652940538,2.1885600090026855,-4.993557824028863,7.684819838579963,3.4186493723016036,2.822159830729167,0.1871366798877716,-0.5178687088191509,-0.8008729666471481,-1.8495584465563297,1.373891532421112,18.71366798877716,-5.754096764657232,-4.711017450865578,-9.734518139770158,3.053092294269138,0.22222222,0.65217391,0.43956044,0.8,0.86666667,0.85,0.50549451,19.0,87.18947239925987,0.6842105263157895,1.0,0.05263158,104.4,7.0,0.36842105,2019-09-13,0
4,@OAK,6,2019,DET,A,33,0.0,1.0,10.8,1.0,1.0,0.0,0.0,0.0,0.0,0.0,5.0,24.0,7.0,6.0,6.0,2.0,1.0,0.0,1.0,0.0,0.0,2.0,3.6,1.8,12.6,2.0,0.0,0.0,6.0,11.0,3.0,2.0,0.0,0.0,0.0,0.08333333,0.04166667,0.04166666,6.576451004811517,3.6,0.3181818181818182,1.6,0.2777777777777778,0.48387097,8.814009952545167,1.985990047454834,7.990267580747605,229.66662162448716,188.4384682451661,173.95443787987563,0.54545455,0.15,0.3,0.55,0.18181818,0.18181818,2.0,3.6,25.0,55.0,80.0,-0.3797680139541626,-0.7007480263710022,0.3209800124168396,-3.4200000762939453,-0.34337401390075684,1.0613800287246704,0.8951200246810913,0.8700000047683716,0.16840000450611115,1.0,1.0,-0.3486120104789734,-0.009193868354532675,0.0,0.0,0.5875,90.34042553,0.25,85.55,0.1125,80.11111111,0.05,87.25,,0.09595853090286255,-0.9735038876533508,-1.890745759010315,0.3936581313610077,0.2041670870273671,-4.867519438266754,-21.00828621122572,9.841453284025192,0.36585366,0.58974359,0.475,0.8,1.0,0.92105263,0.4875,0.79166667,0.0375,8.0,8.0,4.0,2.0,7.0,11.0,20.0,0.4,0.4,0.2,0.1,0.35,0.55,Jordan Zimmermann,4505,7.637644870698447,28.0,0.35,0.2375,0.25,0.1125,0.05,90.47142682756696,90.02105391652961,85.54000244140624,79.9888916015625,87.125,-5.544642857142857,-8.380526090923109,0.9694999694824219,2.3144444359673395,-8.46250057220459,9.352142333984375,5.468421132940995,4.501499938964844,-3.3833334181043835,4.227499961853027,-0.18425093218684196,0.322373665869236,-0.9313396960496902,-1.8485815227031708,0.3936581425368786,-0.6580390435244355,1.6967035045749264,-4.656698480248451,-20.539794696701897,9.841453563421965,0.37837838,0.55813953,0.475,0.78571429,1.0,0.92105263,0.5375,0.05,0.1125,0.35,0.2375,0.25,87.17537689208984,79.96948920355902,90.51301792689732,90.06082956414474,85.55364379882812,-8.063735008239746,3.0861943562825522,-4.963275909423828,-8.045343499434622,1.6819673538208009,2.9826550483703613,-4.912629869249132,8.247617449079241,4.165069580078125,3.3409984588623045,0.3936581425368786,-1.8485815227031708,-0.18425093218684196,0.322373665869236,-0.9313396960496902,9.841453563421965,-20.539794696701897,-0.6580390435244355,1.6967035045749264,-4.656698480248451,0.36842105,0.57142857,0.475,0.78571429,1.0,0.92105263,0.525,20.0,90.25499877929687,20.4,3.0,0.15,105.6,8.0,0.4,2019-09-07,0
5,MIN,6,2019,DET,H,33,0.0,0.0,3.0,1.0,1.0,0.0,0.0,0.0,0.0,0.0,6.0,26.0,9.0,2.0,2.0,1.0,0.0,0.0,0.0,0.0,0.0,3.0,4.5,0.0,13.5,3.0,0.11111111,0.0,9.0,7.0,7.0,0.0,1.0,0.0,0.0,0.11538462,0.0,0.11538462,5.023676458983264,1.5,0.34615384615384615,1.5,0.36363636363636365,0.92105263,4.380676619211833,-1.3806766192118332,4.534752634167672,63.796283784579764,94.0950447148263,99.10905711422753,1.28571429,0.30434783,0.39130435,0.30434783,0.0,0.14285714,3.0,4.5,33.0,57.0,90.0,0.1531199961900711,-0.4338800013065338,0.5870000123977661,1.4017000198364258,0.13161499798297882,1.0866899490356445,1.0086699724197388,0.8700000047683716,1.718000054359436,1.0,1.0,0.030433999374508858,0.11047095362147089,0.0,0.0,0.47777778,90.8372093,0.21111111,85.89473684,0.28888889,80.0,0.02222222,88.0,,-1.3693174123764038,1.4934892654418945,-0.2759430408477783,-0.05965037643909454,-3.1844590985497767,7.860469818115234,-1.0613193878760705,-2.982518821954727,0.2962963,0.66666667,0.44444444,0.8125,0.95833333,0.9,0.4,0.65384615,0.04444444,10.0,7.0,6.0,3.0,11.0,9.0,23.0,0.43478261,0.30434783,0.26086957,0.13043478,0.47826087,0.39130435,Jordan Zimmermann,4505,6.346561072181019,51.0,0.16666667,0.32222222,0.22222222,0.27777778,0.01111111,90.96666666666667,90.58275525323276,85.79000244140624,79.867998046875,87.5999984741211,-4.088666788736979,-6.705172308560075,1.606999969482422,2.883999938964844,-5.409999847412109,8.633999633789063,4.508965327821929,4.020999908447266,-2.921600036621094,2.809999942779541,-1.6125456094741821,0.3398955911397934,1.4515845403075218,-0.25950962677598,-0.02982518821954727,-10.750304063161215,1.1720537625510117,7.257922701537608,-1.03803850710392,-2.982518821954727,0.30434783,0.59090909,0.44444444,0.78571429,0.96153846,0.9,0.48888889,0.02222222,0.28888889,0.15555556,0.32222222,0.21111111,87.95904541015625,79.9319317157452,90.97115652901786,90.7018622036638,85.90040347450658,-5.548279762268066,3.1909449650691104,-3.5464649200439453,-6.476976065800108,2.226084458200555,1.9624900817871094,-4.215531275822566,7.706910269601004,3.271690105569774,2.7972863849840666,-0.05965037643909454,-0.30141429975628853,-1.8884564340114594,0.6456316038966179,1.4934892132878304,-2.982518821954727,-1.1592857682934175,-13.48897452865328,2.226315875505579,7.860469543620159,0.28888889,0.6,0.44444444,0.76923077,0.96296296,0.9,0.5,23.0,87.84782608695652,11.434782608695652,1.0,0.04347826,105.9,5.0,0.2173913,2019-09-02,0
6,CLE,6,2019,DET,H,33,0.0,0.0,3.0,1.0,1.0,0.0,0.0,0.0,0.0,0.0,6.0,23.0,5.0,2.0,2.0,1.0,0.0,0.0,1.0,0.0,0.0,5.0,7.5,0.0,7.5,5.0,0.11111111,0.0,9.0,2.0,5.0,0.0,1.0,1.0,0.0,0.2173913,0.0,0.2173913,3.0972772851716015,1.5,0.22727272727272727,0.8333333333333334,0.25,0.86956522,4.214009952545167,-1.214009952545167,2.71041262348493,63.796283784579764,90.54829946932482,59.594418961468556,4.5,0.3125,0.5625,0.125,0.0,0.5,2.0,3.0,34.0,61.0,95.0,0.07797999680042267,-0.3585200011730194,0.43650001287460327,1.4017000198364258,0.13161499798297882,0.9575200080871582,0.9873329997062683,0.8700000047683716,1.5520000457763672,1.0,1.0,0.1564050018787384,-0.07496545373164157,0.0,0.0,0.61052632,90.4137931,0.21052632,86.35,0.16842105,80.0,0.01052632,88.0,,0.1839236170053482,-0.2206435203552246,0.7921453714370728,-0.08923399448394775,0.3171096844919796,-1.103217601776123,4.950908571481705,-8.923399448394775,0.3559322,0.66666667,0.47368421,0.61904762,0.95833333,0.8,0.37894737,0.56521739,0.09473684,6.0,6.0,5.0,3.0,7.0,7.0,17.0,0.35294118,0.35294118,0.29411765,0.17647059,0.41176471,0.41176471,Jordan Zimmermann,4505,6.3750872053125835,61.0,0.23157895,0.37894737,0.21052632,0.16842105,0.01052632,90.5772705078125,90.26388888888889,86.275,80.04374694824219,87.5,-3.761818278919567,-7.0161111619737415,2.5354999542236327,3.0268750190734863,-7.920000076293945,8.477272727272727,4.702222188313802,4.561500167846679,-2.2906250953674316,4.559999942779541,0.6837185025215149,-0.499794889241457,-0.13631511479616165,0.792145386338234,-0.08923399448394775,3.107811375097795,-1.3883191367818248,-0.6815755739808083,4.950908664613962,-8.923399448394775,0.38461538,0.58139535,0.47368421,0.65,0.92,0.8,0.45263158,0.01052632,0.16842105,0.23157895,0.37894737,0.21052632,87.48930358886719,79.97020721435547,90.59527033025569,90.29039171006944,86.272216796875,-7.2358598709106445,3.489292621612549,-3.264653292569247,-6.820740169949001,3.2294570922851564,3.014359951019287,-3.7462830543518066,7.3830039284446025,3.345552232530382,3.1675945281982423,-0.08923399448394775,0.792145386338234,0.6837185025215149,-0.499794889241457,-0.13631511479616165,-8.923399448394775,4.950908664613962,3.107811375097795,-1.3883191367818248,-0.6815755739808083,0.37254902,0.59090909,0.47368421,0.63157895,0.92307692,0.8,0.46315789,17.0,92.34375,-1.3125,1.0,0.05882353,110.4,6.0,0.35294118,2019-08-28,0
7,@HOU,6,2019,DET,A,33,0.0,1.0,3.6,1.0,1.0,0.0,0.0,0.0,0.0,0.0,5.0,19.0,3.0,2.0,2.0,1.0,1.0,0.0,0.0,0.0,0.0,4.0,7.2,1.8,5.4,4.0,0.0,0.0,9.0,1.0,4.0,0.0,0.0,0.0,0.0,0.21052632,0.05263158,0.15789474,3.1893072170489267,1.8,0.16666666666666666,0.8,0.15384615384615385,0.76923077,4.814009952545167,-1.2140099525451666,2.6118515551090242,76.55554054149573,103.31658235313016,57.45961682479573,9.0,0.28571429,0.64285714,0.07142857,0.0,1.0,0.0,0.0,32.0,49.0,81.0,-0.0007900199852883816,-0.3229900002479553,0.3222000002861023,0.5849999785423279,0.05864660069346428,0.8716840147972107,0.8863999843597412,0.8700000047683716,0.5149999856948853,1.0,1.0,0.11107199639081955,-0.11197831103222337,0.0,0.0,0.51851852,90.38095238,0.34567901,86.03571429,0.12345679,80.6,0.01234568,87.0,,-0.5366622805595398,0.8942676782608032,0.2593158185482025,0.04557297006249428,-1.277767334665571,3.1938131366457254,2.593158185482025,4.557297006249428,0.34615385,0.5862069,0.43209877,0.66666667,1.0,0.82857143,0.35802469,0.42105263,0.07407407,8.0,5.0,1.0,2.0,5.0,7.0,14.0,0.57142857,0.35714286,0.07142857,0.14285714,0.35714286,0.5,Jordan Zimmermann,4505,6.675730430793127,56.0,0.28395062,0.2345679,0.34567901,0.12345679,0.01234568,90.43913468070652,90.29473555715461,86.04999651227679,80.7,86.9000015258789,-5.177391383958899,-8.345789859169408,1.2157143184116908,2.846000099182129,-7.110000133514404,9.463043212890625,5.585789329127262,4.706785474504743,-2.6819999694824217,4.78000020980835,-1.3630768544971943,0.910742998123169,0.8942676745355129,0.2593158297240734,0.04557297006249428,-5.92642110650954,4.793384200648258,3.1938131233411173,2.593158297240734,4.557297006249428,0.34090909,0.54054054,0.43209877,0.73333333,0.9,0.82857143,0.45679012,0.01234568,0.12345679,0.27160494,0.24691358,0.34567901,86.94300079345703,80.7079833984375,90.51856578480114,90.3249755859375,86.09633091517857,-6.427249908447266,3.484416961669922,-4.572243777188388,-7.986946105957031,1.9453956059047155,3.5124099254608154,-4.244646835327148,8.316164190118963,4.109540176391602,3.2608111245291576,0.04557297006249428,0.2593158297240734,-1.5957865007221699,1.1434526443481445,0.8942676745355129,4.557297006249428,2.593158297240734,-7.253575003282591,5.717263221740723,3.1938131233411173,0.3255814,0.55263158,0.43209877,0.71428571,0.9047619,0.82857143,0.4691358,14.0,90.58571079799107,-2.5714285714285716,1.0,0.07142857,107.6,6.0,0.42857143,2019-08-22,0
8,@TBR,6,2019,DET,A,33,0.0,0.0,0.0,1.0,1.0,0.0,0.0,0.0,0.0,0.0,5.0,16.0,1.0,0.0,0.0,0.0,0.0,0.0,0.0,0.0,0.0,5.0,9.0,0.0,1.8,5.0,0.0,0.0,5.0,5.0,1.0,1.0,0.0,0.0,0.0,0.3125,0.0,0.3125,2.8963649973869323,0.0,0.0625,0.2,0.09090909090909091,1.0,1.2140099525451662,-1.2140099525451662,3.2032179653644564,0.0,26.706885050297878,70.26842964483266,1.0,0.09090909,0.45454545,0.45454545,0.2,0.0,0.0,0.0,24.0,39.0,63.0,0.28314998745918274,-0.04991000145673752,0.33305999636650085,2.569999933242798,0.25842100381851196,0.8448370099067688,1.003999948501587,0.8700000047683716,1.3200000524520874,1.0,1.0,0.32490599155426025,0.010247397962173777,0.0,0.0,0.6031746,90.71052632,0.28571429,86.16666667,0.07936508,81.4,0.03174603,86.5,,1.180056095123291,1.6147472858428955,0.48314929008483887,-0.0808154046535492,3.1054107766402392,8.970818254682753,9.662985801696777,-4.04077023267746,0.225,0.73913043,0.41269841,0.66666667,0.88235294,0.80769231,0.36507937,0.5625,0.07936508,4.0,3.0,4.0,4.0,4.0,3.0,11.0,0.36363636,0.27272727,0.36363636,0.36363636,0.36363636,0.27272727,Jordan Zimmermann,4505,0.1377113355470437,75.0,0.46031746,0.14285714,0.28571429,0.07936508,0.03174603,90.73792766702586,90.23333062065973,86.15555826822917,81.35999755859375,86.55000305175781,-4.631724390490302,-8.134444342719185,0.9911111195882162,2.7760000228881836,-7.289999961853027,9.658620900121228,6.538888719346788,4.6333334181043835,-1.3479999542236327,4.095000267028809,1.0983856990933418,0.0816703662276268,1.6411035731434822,0.4704136475920677,-0.0808154009282589,3.7875368934253166,0.9074485136402978,9.117242073019344,9.408272951841354,-4.040770046412945,0.23529412,0.62068966,0.41269841,0.75,0.83333333,0.80769231,0.46031746,0.03174603,0.07936508,0.44444444,0.15873016,0.28571429,86.68150329589844,81.34542236328124,90.82509940011161,90.36121826171875,86.21528455946181,-6.977680206298828,3.3805179595947266,-4.036923272269113,-7.814923095703125,1.601026111178928,2.551384925842285,-3.022257995605469,8.473511287144252,5.085039901733398,3.0956446329752603,-0.0808154009282589,0.4704136475920677,1.0390729904174805,0.14098307490348816,1.6411035731434822,-4.040770046412945,9.408272951841354,3.7109749657767157,1.4098307490348816,9.117242073019344,0.21212121,0.63333333,0.41269841,0.71428571,0.84210526,0.80769231,0.47619048,11.0,84.16363525390625,17.0,0.0,0.0,107.0,3.0,0.27272727,2019-08-17,0
9,@TEX,6,2019,DET,A,33,0.0,0.0,6.0,1.0,1.0,0.0,0.0,0.0,0.0,0.0,6.0,26.0,6.0,4.0,4.0,1.0,1.0,0.0,0.0,0.0,0.0,7.0,10.5,1.5,9.0,7.0,0.0,0.0,5.0,9.0,3.0,0.0,0.0,1.0,0.0,0.26923077,0.03846154,0.23076923,3.895377706054003,1.5,0.24,1.1666666666666667,0.29411764705882354,0.53571429,3.5473432858785,2.4526567141215,4.364488638440768,127.59256756915953,76.36131848731881,95.42119183571862,0.55555556,0.17647059,0.29411765,0.52941176,0.0,0.11111111,4.0,6.0,27.0,69.0,96.0,-0.10379999876022339,-0.4999200105667114,0.39612001180648804,-0.06400000303983688,-0.005400849971920252,0.9170370101928711,0.8970000147819519,0.8700000047683716,1.527999997138977,1.0,1.0,0.032921500504016876,-0.14611213251394217,0.0,0.0,0.41666667,90.3,0.42708333,86.04878049,0.15625,80.13333333,,,,-0.21497240662574768,-1.1064674854278564,1.1420429944992065,,-0.5374310165643692,-2.6987011839703814,7.613619963328043,,0.48214286,0.6,0.53125,0.62962963,0.91666667,0.76470588,0.41666667,0.80769231,0.125,5.0,12.0,1.0,3.0,6.0,9.0,18.0,0.27777778,0.66666667,0.05555556,0.16666667,0.33333333,0.5,Jordan Zimmermann,4505,3.586316544260627,53.0,0.19791667,0.21875,0.42708333,0.15625,,90.43684467516448,89.95238095238095,86.0048768578506,80.13333333333334,,-4.564737018785979,-7.787618727911086,1.365365842493569,1.8713333129882812,,8.386842426500822,4.843333289736793,4.830244110851753,-2.7626665751139323,,0.8478687070310116,-1.0628411173820496,-1.0643032789230347,1.15873596444726,,4.462466879110587,-5.06114817800976,-2.595861655909841,7.724906429648399,,0.47916667,0.60416667,0.54166667,0.60869565,0.86206897,0.75,0.5,,0.15625,0.19791667,0.21875,0.42708333,,80.13815104166666,90.51029887952302,90.02537899925595,86.03524556974085,,2.3793011983235677,-4.056323001259251,-7.558492751348586,2.052653242902058,,-4.110327402750651,7.348970915141859,3.6069463094075522,3.545361774723704,,1.15873596444726,0.8478687070310116,-1.0628411173820496,-1.0643032789230347,,7.724906429648399,4.462466879110587,-5.06114817800976,-2.595861655909841,0.46938776,0.61702128,0.54166667,0.60869565,0.86206897,0.75,0.48958333,18.0,91.311767578125,13.235294117647058,2.0,0.11111111,106.1,8.0,0.44444444,2019-08-04,0
10,@LAA,6,2019,DET,A,33,1.0,0.0,3.37500201165796,1.0,1.0,0.0,0.0,0.0,0.0,0.0,5.1,20.0,4.0,2.0,2.0,1.0,0.0,0.0,1.0,0.0,0.0,2.0,3.37500201165796,0.0,6.75000402331592,2.0,0.0,0.0,9.0,7.0,1.0,0.0,0.0,0.0,0.0,0.1,0.0,0.1,5.1647859348869325,1.68750100582898,0.21052631578947367,0.7500004470351023,0.1875,0.83333333,5.464011293650474,-2.0890092819925137,5.637346913791872,71.7708620364196,117.14891734993923,122.99090684263813,1.28571429,0.05882353,0.52941176,0.41176471,0.0,0.14285714,3.0,5.06250301748694,20.0,41.0,61.0,0.0008999999845400453,-0.352400004863739,0.353300005197525,0.22699999809265137,0.022419700399041176,1.0357500314712524,1.0924999713897705,0.9200000166893005,3.365000009536743,1.0,1.0,0.09071879833936691,-0.08984986282674944,0.0,0.0,0.39344262,90.75,0.36065574,86.22727273,0.24590164,81.13333333,,,,1.7587180137634277,0.8721902370452881,-1.6563873291015625,,7.327991724014282,3.964501077478582,-11.042582194010416,,0.24137931,0.65625,0.45901639,0.71428571,1.0,0.92857143,0.52459016,0.75,0.03278689,13.0,3.0,1.0,3.0,6.0,8.0,17.0,0.76470588,0.17647059,0.05882353,0.17647059,0.35294118,0.47058824,Jordan Zimmermann,4505,4.270754034421196,56.0,0.32786885,0.06557377,0.37704918,0.2295082,,90.62999877929687,90.4000015258789,85.97826086956522,81.02143205915179,,-4.4,-6.997499942779541,1.5465217258619226,2.761428560529436,,9.071499633789063,5.0,4.430869392726732,-2.4800000871930803,,1.501174982637167,0.257542971521616,1.0657527297735214,-1.849949836730957,,7.505874913185835,6.4385742880403996,4.633707520754441,-13.21392740522112,,0.16,0.66666667,0.45901639,0.5,1.0,0.92857143,0.59016393,,0.24590164,0.3442623,0.04918033,0.36065574,,81.1458251953125,90.66645159040179,90.27976481119792,86.09514271129261,,3.2230939229329425,-3.9203651064918157,-7.673543294270833,2.0580615997314453,,-3.5612452189127604,7.938389369419643,3.7868099212646484,3.3066586581143467,,-1.6563873291015625,1.6883116625249386,0.07040629163384438,0.8721902221441269,,-11.042582194010416,8.03957934535685,2.3468763877948122,3.9645010097460314,0.16,0.66666667,0.45901639,0.5,1.0,0.92857143,0.59016393,17.0,91.74705595128677,9.823529411764707,1.0,0.05882353,114.6,9.0,0.52941176,2019-07-29,0
11,PHI,6,2019,DET,H,33,0.0,1.0,8.307698402183535,1.0,1.0,0.0,0.0,0.0,0.0,0.0,4.1,21.0,8.0,4.0,4.0,2.0,1.0,0.0,0.0,0.0,0.0,3.0,6.230773801637651,2.0769246005458837,16.61539680436707,3.0,0.0,1.0,6.0,5.0,5.0,1.0,0.0,1.0,1.0,0.14285714,0.04761905,0.09523809,5.188823158284053,4.153849201091767,0.4,2.0769246005458837,0.4,0.80645161,8.521706153940201,-0.2140077517566663,4.8169434509339695,176.66676162080023,182.218105597501,105.22122258187996,1.2,0.3125,0.375,0.3125,0.2,0.4,0.0,0.0,36.0,59.0,95.0,-0.167820006608963,-0.4866600036621094,0.31883999705314636,-2.1452999114990234,-0.20143699645996094,0.8609089851379395,0.9692000150680542,0.8700000047683716,0.7319999933242798,1.0,1.0,-0.25514501333236694,0.06021150757731433,0.0,0.0,0.4,90.31578947,0.36842105,85.4,0.23157895,80.22727273,,,,-1.1322448253631592,-3.180654287338257,0.7935293912887573,,-2.9795916456925244,-9.087583678109306,3.6069517785852607,,0.32075472,0.61904762,0.45263158,0.82352941,0.84615385,0.8372093,0.44210526,0.42857143,0.07368421,7.0,6.0,4.0,3.0,7.0,7.0,17.0,0.41176471,0.35294118,0.23529412,0.17647059,0.41176471,0.41176471,Jordan Zimmermann,4505,10.753091330688688,29.0,0.29473684,0.10526316,0.36842105,0.23157895,,90.42857142857143,89.57999877929687,85.40857282366072,80.22272838245739,,-3.167142868041992,-7.394999694824219,1.8554286411830356,2.282272685657848,,8.963571275983538,5.240999984741211,4.194285801478794,-2.4081817973743784,,-1.5891735404729843,0.4253127984702587,-3.222818471491337,0.7935294173657894,,-5.675619787403515,4.253127984702587,-9.208052775689533,3.606951897117225,,0.26086957,0.63265306,0.45263158,0.83333333,0.83870968,0.8372093,0.51578947,,0.23157895,0.28421053,0.11578947,0.36842105,,80.2498612837358,90.56750036168981,89.69718239524148,85.46025390625,,2.7647436315363105,-2.6642193264431424,-6.906059265136719,2.5331322806222096,,-3.8410661870783027,8.014002482096354,4.071171847256747,2.847066170828683,,0.7935294173657894,-1.6484862491488457,0.48462550714612007,-3.222818471491337,,3.606951897117225,-6.105504626477206,4.405686428601092,-9.208052775689533,0.27659574,0.625,0.45263158,0.84615385,0.83333333,0.8372093,0.50526316,17.0,90.5374984741211,17.0,3.0,0.17647059,106.9,5.0,0.29411765,2019-07-24,0
12,TOR,6,2019,DET,H,33,0.0,1.0,14.72725900146881,1.0,1.0,0.0,0.0,0.0,0.0,0.0,3.2,22.0,7.0,6.0,6.0,0.0,4.0,0.0,0.0,2.0,0.0,5.0,12.27271583455734,9.818172667645873,17.181802168380276,1.25,0.28571429,0.0,7.0,1.0,5.0,0.0,2.0,0.0,0.0,0.22727273,0.18181818,0.04545455,5.591468442837553,0.0,0.3888888888888889,2.9999972040029057,0.5384615384615384,0.45454545,3.7594639896366036,10.967795011832205,4.301974760240062,313.1814648755703,80.87534707247774,94.06716064517201,7.0,0.38461538,0.53846154,0.07692308,0.0,0.0,0.0,0.0,37.0,59.0,96.0,-0.27757999300956726,-0.5293599963188171,0.2517800033092499,-4.551300048828125,-0.42735201120376587,0.9713330268859863,0.7910000085830688,0.8700000047683716,0.5440000295639038,1.0,1.0,-0.21119700372219086,-0.07457521376274923,0.0,0.0,0.45833333,90.77272727,0.20833333,85.75,0.33333333,80.9375,,,,0.45077767968177795,-1.169609546661377,-1.1047260761260986,,1.0244947265494952,-5.848047733306885,-3.4522689878940582,,0.38235294,0.60714286,0.44791667,0.65384615,0.82352941,0.72093023,0.29166667,0.59090909,0.125,8.0,4.0,1.0,1.0,3.0,9.0,13.0,0.61538462,0.30769231,0.07692308,0.07692308,0.23076923,0.69230769,Jordan Zimmermann,4505,6.1413071342435686,29.0,0.22916667,0.22916667,0.20833333,0.33333333,,91.0,90.40000221946023,85.84500122070312,80.9156265258789,,-3.5131818597966973,-7.211818348277699,1.6985000610351562,1.9574999809265137,,9.079999750310725,4.984999916770241,3.9584999084472656,-1.855312466621399,,0.5210110507905483,-0.07023338228464127,-1.1696095243096352,-1.1174617633223534,,2.368232049047947,-0.3192426467483694,-5.848047621548176,-3.4920680103823543,,0.36065574,0.6,0.44791667,0.63636364,0.80952381,0.72093023,0.36458333,,0.33333333,0.22916667,0.22916667,0.20833333,,80.95130157470703,91.09320623224431,90.50081010298295,85.93817749023438,,2.5322742462158203,-3.029112382368608,-6.757947054776278,2.4361539840698243,,-3.2919890880584717,7.966839183460582,3.6025626442649146,2.5592905044555665,,-1.1174617633223534,0.5210110507905483,-0.07023338228464127,-1.1696095243096352,,-3.4920680103823543,2.368232049047947,-0.3192426467483694,-5.848047621548176,0.36065574,0.6,0.44791667,0.63636364,0.80952381,0.72093023,0.36458333,13.0,90.25384990985577,2.923076923076923,0.0,0.0,107.7,5.0,0.38461538,2019-07-19,0
13,@KCR,6,2019,DET,A,33,0.0,0.0,15.75,1.0,1.0,0.0,0.0,0.0,0.0,0.0,4.0,21.0,8.0,7.0,7.0,1.0,0.0,0.0,1.0,0.0,0.0,2.0,4.5,0.0,18.0,2.0,0.0,0.0,6.0,5.0,6.0,0.0,0.0,1.0,0.0,0.0952381,0.0,0.0952381,5.3604216700268426,2.25,0.4,2.0,0.4117647058823529,0.26315789,6.214009952545166,9.535990047454835,5.450519968569279,334.93048986904375,133.10924241534275,118.94429322103954,1.2,0.35294118,0.35294118,0.29411765,0.0,0.2,10.0,22.5,13.0,51.0,64.0,-0.3600560128688812,-0.5755159854888916,0.21546000242233276,-5.046999931335449,-0.4686169922351837,0.7400000095367432,0.6182399988174438,0.9200000166893005,1.9148000478744507,1.0,1.0,-0.35644298791885376,-0.13011918536312295,0.0,0.0,0.46875,90.83333333,0.21875,86.14285714,0.3125,81.3,,,,-0.7056816220283508,-1.8791425228118896,-0.25664573907852173,,-2.352272073427836,-13.422446591513499,-1.2832286953926086,,0.48148148,0.56756757,0.53125,0.53846154,0.9047619,0.76470588,0.578125,0.95238095,0.125,9.0,6.0,3.0,2.0,9.0,7.0,18.0,0.5,0.33333333,0.16666667,0.11111111,0.5,0.38888889,Jordan Zimmermann,4505,9.041313497818525,25.0,0.328125,0.140625,0.234375,0.296875,,90.80952380952381,90.67777506510417,86.013330078125,81.11579332853618,,-4.134285699753534,-7.2966664632161455,1.4099999745686849,1.9263157091642682,,7.457619076683407,4.182222154405382,3.5660001118977864,-2.792105223003187,,-1.0363746620714664,0.3306930437684059,-1.9210472293198109,-0.2147410549223423,,-4.9351174384355545,3.674367152982288,-12.806981528798739,-1.1302160785386437,,0.46666667,0.58823529,0.53125,0.57142857,0.9,0.76470588,0.53125,,0.296875,0.328125,0.140625,0.234375,,81.1993408203125,90.96616908482143,90.83514404296875,86.15459798177083,,2.521723697060033,-3.614620390392485,-6.882904476589626,2.0960770924886067,,-3.784678007427015,6.751639229910714,3.2063299814860025,2.5692957560221354,,-0.2147410549223423,-1.0363746620714664,0.3306930437684059,-1.9210472293198109,,-1.1302160785386437,-4.9351174384355545,3.674367152982288,-12.806981528798739,0.46666667,0.58823529,0.53125,0.57142857,0.9,0.76470588,0.53125,18.0,90.77058679917279,10.235294117647058,2.0,0.11111111,115.6,6.0,0.33333333,2019-07-14,0
14,BOS,6,2019,DET,H,33,0.0,1.0,18.900019376297788,1.0,1.0,0.0,0.0,0.0,0.0,0.0,3.1,23.0,13.0,7.0,7.0,0.0,0.0,0.0,0.0,0.0,0.0,2.0,5.400005536085082,0.0,35.10003598455304,2.0,0.25,0.0,4.0,4.0,12.0,0.0,1.0,1.0,0.0,0.08695652,0.0,0.08695652,5.57234155457162,0.0,0.5652173913043478,3.9000039982836707,0.6190476190476191,0.46153846,2.0140087223040366,16.88601065399375,4.401060784892698,401.9169998881166,43.73123604859379,96.2133331717938,1.0,0.6,0.2,0.2,0.0,0.0,0.0,0.0,27.0,51.0,78.0,-0.3381200134754181,-0.46931999921798706,0.13120000064373016,-5.211299896240234,-0.48932400345802307,0.6257389783859253,0.5425000190734863,0.8700000047683716,0.28600001335144043,1.0,1.0,-0.4607200026512146,-0.07963312405920453,0.0,0.0,0.53846154,90.69047619,0.24358974,86.42105263,0.20512821,80.5,0.01282051,87.0,,-1.3427025079727173,-2.108067750930786,-1.9060611724853516,-0.02982518821954727,-3.1969107332683744,-11.095093425951505,-11.912882328033447,-2.982518821954727,0.35294118,0.74074074,0.48717949,0.72222222,0.9,0.81578947,0.34615385,0.65217391,0.08974359,10.0,8.0,3.0,0.0,7.0,14.0,21.0,0.47619048,0.38095238,0.14285714,0.0,0.33333333,0.66666667,Jordan Zimmermann,4505,10.109216506043458,17.0,0.52564103,0.01282051,0.24358974,0.20512821,0.01282051,90.65365972751525,90.5999984741211,86.48947625411184,80.4749984741211,86.5,-4.620731632883956,-8.210000038146973,1.0189474005448191,1.503749966621399,-7.239999771118164,8.988049018673781,6.420000076293945,4.915789553993626,-2.1787500381469727,3.549999952316284,-1.2285488806664944,-0.02982518821954727,-2.108067784458399,-1.9060611613094807,-0.02982518821954727,-2.9964606845524253,-2.982518821954727,-11.095093602412625,-11.912882258184254,-2.982518821954727,0.34146341,0.64864865,0.48717949,0.64285714,0.91666667,0.81578947,0.47435897,0.01282051,0.20512821,0.52564103,0.01282051,0.24358974,86.50340270996094,80.42475891113281,90.68641625381098,90.60639953613281,86.49929970189145,-6.724589824676514,2.1284098625183105,-4.018441549161586,-7.614049911499023,1.7311136346114309,1.8879400491714478,-3.782402515411377,7.847689000571647,4.575109958648682,3.651723761307566,-0.02982518821954727,-1.9060611613094807,-1.2285488806664944,-0.02982518821954727,-2.108067784458399,-2.982518821954727,-11.912882258184254,-2.9964606845524253,-2.982518821954727,-11.095093602412625,0.34146341,0.64864865,0.48717949,0.64285714,0.91666667,0.81578947,0.47435897,21.0,95.23500366210938,18.75,4.0,0.19047619,112.4,11.0,0.52380952,2019-07-06,0
15,WSN,6,2019,DET,H,33,0.0,0.0,1.5,1.0,1.0,0.0,0.0,0.0,0.0,0.0,6.0,24.0,4.0,1.0,1.0,0.0,2.0,0.0,0.0,0.0,0.0,4.0,6.0,3.0,6.0,2.0,0.0,0.0,5.0,8.0,4.0,1.0,0.0,1.0,0.0,0.16666667,0.08333333,0.08333334,5.569784184656516,0.0,0.18181818181818182,1.0,0.2222222222222222,0.83333333,2.880676619211833,-1.3806766192118332,5.532953969637553,31.898141892289882,62.17433750531283,120.72978808746957,0.625,0.23529412,0.29411765,0.47058824,0.125,0.0,0.0,0.0,38.0,51.0,89.0,0.2200399935245514,-0.3073599934577942,0.527400016784668,2.401700019836426,0.22551199793815613,1.1198500394821167,0.9773330092430115,0.8700000047683716,1.0399999618530273,1.0,1.0,0.23855699598789215,-0.042066407278076506,0.0,0.0,0.35955056,90.1875,0.49438202,85.79545455,0.14606742,79.69230769,,,,1.8403724431991577,0.010028086602687836,0.31703004240989685,,5.751163884997368,0.022791105915199627,2.438692633922283,,0.26315789,0.625,0.39325843,0.6,1.0,0.82857143,0.35955056,0.625,0.06741573,9.0,5.0,4.0,1.0,7.0,10.0,18.0,0.5,0.27777778,0.22222222,0.05555556,0.38888889,0.55555556,Jordan Zimmermann,4505,3.380389749177546,67.0,0.34831461,0.01123596,0.49438202,0.14606742,,90.22903540826613,89.5999984741211,85.80454323508523,79.65384615384616,,-3.7648386801442792,-6.570000171661377,0.9534091082486239,2.452307627751277,,8.94193587764617,3.950000047683716,4.747272838245738,-2.8023077157827525,,2.0057757385075092,-0.03891072794795036,-0.005779869854450226,0.31703004240989685,,6.470244317766159,-3.8910727947950363,-0.013136067851023241,2.438692633922283,,0.24489796,0.575,0.39325843,0.5,1.0,0.82857143,0.4494382,,0.14606742,0.34831461,0.01123596,0.49438202,,79.72884427584134,90.35441343245968,89.74299621582031,85.88908802379261,,3.190281501183143,-3.013311078471522,-5.736400127410889,1.78312839161266,,-4.326403984656701,7.8543361540763605,2.633660078048706,3.407516132701527,,0.31703004240989685,2.0057757385075092,-0.03891072794795036,-0.005779869854450226,,2.438692633922283,6.470244317766159,-3.8910727947950363,-0.013136067851023241,0.24489796,0.575,0.39325843,0.5,1.0,0.82857143,0.4494382,18.0,90.7588249655331,19.294117647058822,1.0,0.05555556,105.4,5.0,0.27777778,2019-06-30,0
16,TEX,6,2019,DET,H,33,0.0,1.0,5.4,1.0,1.0,0.0,0.0,0.0,0.0,0.0,5.0,25.0,9.0,3.0,3.0,0.0,1.0,0.0,1.0,0.0,0.0,2.0,3.6,1.8,16.2,2.0,0.22222222,1.0,9.0,5.0,6.0,1.0,2.0,1.0,1.0,0.08,0.04,0.04,5.644556734886933,0.0,0.391304347826087,2.0,0.42857142857142855,0.72727273,3.614009952545166,1.7859900474548343,5.603217965364456,114.83331081224358,77.7800165855194,122.2516844171327,1.8,0.3,0.45,0.25,0.2,0.0,0.0,0.0,26.0,58.0,84.0,-0.07468000054359436,-0.37178000807762146,0.2971000075340271,-0.16529999673366547,-0.015521099790930748,0.9506149888038635,0.6791999936103821,0.8700000047683716,0.49000000953674316,1.0,1.0,-0.03193109855055809,-0.04662857221327285,0.0,0.0,0.46428571,90.43589744,0.44047619,85.54054054,0.0952381,80.125,,,,0.09456184506416321,-0.37049058079719543,-1.377393126487732,,0.24246626939529026,-1.0013258940464742,-17.21741408109665,,0.39583333,0.58333333,0.47619048,0.78947368,0.9047619,0.85,0.42857143,0.8,0.07142857,8.0,5.0,8.0,3.0,9.0,9.0,21.0,0.38095238,0.23809524,0.38095238,0.14285714,0.42857143,0.42857143,Jordan Zimmermann,4505,5.337977332703487,45.0,0.46428571,,0.44047619,0.0952381,,90.41282301682692,,85.54594462626689,79.875,,-4.208717933067908,,0.9781080709921347,2.7074999809265137,,8.055384709284855,,4.07810809161212,-2.434999942779541,,0.13672605529427528,,-0.3862985335290432,-1.3773931600153446,,0.3505796289596802,,-1.0440500906190358,-17.217414500191808,,0.37837838,0.55319149,0.47619048,0.78571429,0.88461538,0.85,0.55952381,,0.0952381,0.46428571,,0.44047619,,79.89553833007812,90.49916741786859,,85.61637589738176,,3.210466146469116,-3.6662808931790867,,1.7528302991712414,,-3.806297540664673,6.94370602338742,,2.648535238729941,,-1.3773931600153446,0.13672605529427528,,-0.3862985335290432,,-17.217414500191808,0.3505796289596802,,-1.0440500906190358,0.35294118,0.56,0.47619048,0.83333333,0.85714286,0.85,0.5952381,21.0,92.72000122070312,9.2,1.0,0.04761905,110.7,11.0,0.52380952,2019-06-25,0
17,@PIT,6,2019,DET,A,33,0.0,0.0,6.75,1.0,1.0,0.0,0.0,0.0,0.0,0.0,4.0,19.0,5.0,3.0,3.0,0.0,1.0,0.0,1.0,0.0,0.0,4.0,9.0,2.25,11.25,4.0,0.0,0.0,5.0,6.0,2.0,0.0,0.0,0.0,0.0,0.21052632,0.05263158,0.15789474,4.536298887742445,0.0,0.29411764705882354,1.5,0.38461538461538464,0.57142857,2.714009952545166,4.035990047454834,5.697821971774101,143.54163851530447,58.62759225981134,124.30077782032973,0.83333333,0.15384615,0.38461538,0.46153846,0.0,0.0,7.0,15.75,23.0,52.0,75.0,-0.010065999813377857,-0.3953019976615906,0.385235995054245,-0.9679999947547913,-0.09822429716587067,1.3178600072860718,0.7684999704360962,0.9100000262260437,0.7684000134468079,1.0,1.0,-0.0074938200414180756,-0.00014432039666018633,0.0,0.0,0.41333333,90.03225806,0.18666667,85.57142857,0.36,80.14814815,0.04,87.0,,0.13053332269191742,-0.2754012942314148,1.1366381645202637,-1.0681105852127075,0.4210752344900562,-1.967152101652963,4.20977097970468,-35.60368617375691,0.5,0.59259259,0.53333333,0.83333333,0.9375,0.875,0.36,0.68421053,0.06666667,1.0,3.0,9.0,3.0,10.0,0.0,13.0,0.07692308,0.23076923,0.69230769,0.23076923,0.76923077,0.0,Jordan Zimmermann,4505,2.6170421799425325,49.0,0.41333333,,0.18666667,0.36,0.04,90.00645003780242,,85.50714111328125,80.0592628761574,87.13333129882812,-4.195483792212702,,1.4607142039707728,1.8270369635687933,-7.563333511352539,8.11741933514995,,3.892857142857143,-2.684074119285301,3.456666628519694,0.13053332269191742,,-0.2754012979567051,1.0984312072396278,-1.068110577762127,0.4210752344900562,,-1.9671521282621791,4.06826373051714,-35.603685925404235,0.47727273,0.61290323,0.53333333,0.80952381,0.94736842,0.875,0.41333333,0.04,0.36,0.41333333,,0.18666667,87.15353393554688,80.0579246238426,90.05834173387096,,85.52566964285714,-7.378793080647786,2.3234614619502314,-3.6851727885584675,,2.251248904636928,2.295243263244629,-3.9859822591145835,7.197688933341734,,2.609381539481027,-1.068110577762127,1.0984312072396278,0.13053332269191742,,-0.2754012979567051,-35.603685925404235,4.06826373051714,0.4210752344900562,,-1.9671521282621791,0.47727273,0.61290323,0.53333333,0.80952381,0.94736842,0.875,0.41333333,13.0,85.8230731670673,22.0,0.0,0.0,101.8,4.0,0.30769231,2019-06-19,0
18,@BOS,6,2019,DET,A,33,0.0,1.0,15.0,1.0,1.0,0.0,0.0,0.0,0.0,0.0,3.0,16.0,5.0,5.0,5.0,1.0,3.0,0.0,0.0,1.0,0.0,2.0,6.0,9.0,15.0,0.66666667,0.0,0.0,7.0,3.0,1.0,1.0,0.0,0.0,0.0,0.125,0.1875,-0.0625,6.963294684886932,3.0,0.38461538461538464,2.6666666666666665,0.4,0.45454545,9.214009952545167,5.785990047454833,6.869884632031123,318.9814189228988,196.95065683436965,149.68729110251326,2.33333333,0.09090909,0.63636364,0.27272727,0.33333333,0.33333333,3.0,9.0,32.0,45.0,77.0,-0.34314799308776855,-0.5987880229949951,0.2556400001049042,-3.187999963760376,-0.28566300868988037,1.1415799856185913,0.9503999948501587,0.8700000047683716,0.6564000248908997,1.0,1.0,-0.31160300970077515,0.011012602186030618,0.0,0.0,0.50649351,90.17948718,0.23376623,86.0,0.16883117,80.46153846,0.09090909,88.14285714,,0.03915329650044441,-1.9527101516723633,-1.1174373626708984,1.0823991298675537,0.10039306794985747,-10.848389731513128,-8.595672020545372,15.462844712393625,0.27272727,0.72727273,0.46753247,0.75,0.875,0.83333333,0.42857143,0.5625,0.07792208,8.0,0.0,3.0,2.0,6.0,3.0,11.0,0.72727273,0.0,0.27272727,0.18181818,0.54545455,0.27272727,Jordan Zimmermann,4505,7.427540666488608,25.0,0.50649351,0.01298701,0.23376623,0.16883117,0.07792208,90.07179612379808,88.5999984741211,85.93333604600694,80.41538649338942,87.76666259765625,-4.366666744916867,-7.639999866485596,1.1855555640326605,3.0146152789776144,-8.106666564941406,9.25974371494391,4.409999847412109,4.697222391764323,-2.7561536935659556,3.6499999364217124,0.02334534004330635,0.8064002394676208,-1.9527101777493954,-1.1301729790866375,0.27599892765283585,0.05985984626488808,80.64002394676208,-10.848389876385529,-8.693638300666443,4.599982127547264,0.225,0.72972973,0.46753247,0.77777778,0.85185185,0.83333333,0.48051948,,0.16883117,0.50649351,0.09090909,0.23376623,,80.43047626201923,90.17130533854167,87.95341273716518,85.98904079861111,,3.59842769916241,-3.8991808769030447,-7.491034371512277,1.9289137522379558,,-4.189075469970703,8.059831668169071,2.2164614541190013,3.323802736070421,,-1.1301729790866375,0.02334534004330635,1.0823991671204567,-1.9527101777493954,,-8.693638300666443,0.05985984626488808,15.462845244577952,-10.848389876385529,0.225,0.72972973,0.46753247,0.77777778,0.85185185,0.83333333,0.48051948,11.0,89.72727272727273,4.363636363636363,1.0,0.09090909,108.8,5.0,0.45454545,2019-04-25,0
19,CHW,6,2019,DET,H,33,0.0,1.0,7.105266724268624,1.0,1.0,0.0,0.0,0.0,0.0,0.0,6.1,28.0,6.0,5.0,5.0,1.0,4.0,0.0,0.0,0.0,0.0,4.0,5.684213379414899,5.684213379414899,8.526320069122349,1.0,0.0,0.0,9.0,6.0,5.0,0.0,0.0,0.0,0.0,0.14285714,0.14285714,0.0,6.336978982350299,1.4210533448537248,0.25,1.5789481609485831,0.2631578947368421,0.58139535,5.898221826157758,1.2070448981108663,5.730103017075722,151.0965374355242,126.38912220024054,124.9999752379257,1.5,0.25,0.45,0.3,0.0,0.16666667,1.0,1.4210533448537248,38.0,59.0,97.0,-0.09371999651193619,-0.6868000030517578,0.5930799841880798,-0.6122999787330627,-0.057493001222610474,1.2863999605178833,0.9877139925956726,0.8700000047683716,0.5419999957084656,1.0,1.0,-0.019072400406003,-0.053782076730490444,0.0,0.0,0.4742268,90.02173913,0.2371134,84.86956522,0.21649485,79.28571429,0.07216495,87.14285714,,1.695526123046875,-0.7697963118553162,-0.687453031539917,0.05275017023086548,3.6859263544497285,-3.3469404863274614,-3.2735858644757956,0.7535738604409354,0.27419355,0.6,0.39175258,0.52941176,0.95238095,0.76315789,0.36082474,0.64285714,0.09278351,9.0,4.0,7.0,2.0,9.0,9.0,20.0,0.45,0.2,0.35,0.1,0.45,0.45,Jordan Zimmermann,4505,7.214072395896532,43.0,0.4742268,,0.2371134,0.21649485,0.07216495,89.954345703125,,84.7782619310462,79.30000232514881,87.07142857142857,-4.816304414168648,,0.9217391636060632,2.5814285278320312,-8.235713958740234,9.399999867314877,,4.734782675038213,-2.781904856363932,3.761428560529436,1.7218823656439781,,-0.7825319431722164,-0.6580244600772858,0.05275017023086548,3.743222534008648,,-3.4023127964009405,-3.133449809891837,0.7535738604409354,0.24489796,0.54166667,0.39175258,0.33333333,0.96153846,0.76315789,0.49484536,0.07216495,0.21649485,0.48453608,,0.22680412,87.318359375,79.48543875558036,90.10495969082447,,85.02013050426136,-7.8411085946219305,3.1346460978190103,-4.255327914623504,,1.630789496681907,1.959750039236886,-4.432743617466518,7.935997496259973,,3.2620953646573154,0.05275017023086548,-0.6580244600772858,1.7871863916516304,,-0.8478359691798687,0.7535738604409354,-3.133449809891837,3.8025242375566606,,-3.8537998599084937,0.25490196,0.54347826,0.39175258,0.38461538,0.96,0.76315789,0.4742268,20.0,91.00499877929687,15.8,2.0,0.1,109.3,9.0,0.45,2019-04-19,0
20,@MIN,6,2019,DET,A,33,0.0,1.0,15.0,1.0,1.0,0.0,0.0,0.0,0.0,0.0,3.0,17.0,8.0,5.0,5.0,1.0,1.0,0.0,0.0,0.0,0.0,1.0,3.0,3.0,24.0,1.0,0.2,0.0,5.0,4.0,6.0,1.0,1.0,0.0,0.0,0.05882353,0.05882353,0.0,6.434953094557175,3.0,0.5,3.0,0.5,0.52631579,7.880676619211833,7.119323380788167,6.19962063630422,318.9814189228988,168.57669487035773,135.16958107977518,1.25,0.4,0.33333333,0.26666667,0.25,0.25,2.0,6.0,17.0,37.0,54.0,-0.3252600133419037,-0.5642600059509277,0.23899999260902405,-3.308000087738037,-0.31148800253868103,1.0189199447631836,0.8705329895019531,0.8700000047683716,0.454800009727478,1.0,1.0,-0.32692399621009827,0.007703614850795015,0.0,0.0,0.42592593,90.47826087,0.2962963,85.875,0.24074074,79.92307692,0.03703704,87.5,,-0.6532615423202515,-2.599851131439209,-0.0985216572880745,-0.12408338487148285,-2.8402675753054414,-16.249069571495056,-0.7578589022159576,-6.2041692435741425,0.3,0.66666667,0.46296296,0.77777778,1.0,0.92,0.44444444,0.70588235,0.03703704,8.0,4.0,3.0,2.0,8.0,5.0,15.0,0.53333333,0.26666667,0.2,0.13333333,0.53333333,0.33333333,Jordan Zimmermann,4505,11.215848469767291,22.0,0.42592593,,0.2962963,0.24074074,0.03703704,90.5173870584239,,85.88749694824219,80.03077110877403,87.75,-5.690869538680367,,-0.18937501311302185,2.7192306518554688,-9.854999542236328,9.380434782608695,,4.611249923706055,-2.8330770639272838,4.335000038146973,-0.6532615311443806,,-2.599851109087467,-0.0985216572880745,-0.12408338487148285,-2.840267526714698,,-16.24906943179667,-0.7578589022159576,-6.2041692435741425,0.30769231,0.60714286,0.46296296,0.875,0.94117647,0.92,0.51851852,0.03703704,0.24074074,0.42592593,,0.2962963,87.8833999633789,80.11013559194711,90.66991126019022,,86.00814056396484,-9.32950496673584,3.305395273061899,-5.128763613493546,,0.5499510765075684,2.798840045928955,-4.125140850360577,8.209135636039402,,3.2803938388824463,-0.12408338487148285,-0.0985216572880745,-0.6532615311443806,,-2.599851109087467,-6.2041692435741425,-0.7578589022159576,-2.840267526714698,,-16.24906943179667,0.30769231,0.60714286,0.46296296,0.875,0.94117647,0.92,0.51851852,15.0,92.2066650390625,19.933333333333334,2.0,0.13333333,113.6,7.0,0.46666667,2019-04-14,0
21,CLE,6,2019,DET,H,33,0.0,1.0,8.307698402183535,1.0,1.0,0.0,0.0,0.0,0.0,0.0,4.1,18.0,4.0,5.0,4.0,3.0,2.0,0.0,0.0,0.0,0.0,4.0,8.307698402183535,4.153849201091767,8.307698402183535,2.0,0.0,0.0,4.0,6.0,2.0,0.0,0.0,0.0,0.0,0.22222222,0.11111111,0.11111111,5.1616870574936,6.230773801637651,0.25,1.3846164003639223,0.1111111111111111,0.55555556,11.752477754789354,-3.444779352605819,5.506761190708776,176.66676162080023,250.97044848517893,120.16246062903244,0.66666667,0.16666667,0.33333333,0.5,0.0,0.5,1.0,2.0769246005458837,32.0,41.0,73.0,-0.23899999260902405,-0.47336000204086304,0.2343599945306778,-2.4683001041412354,-0.2317650020122528,0.7207000255584717,0.800000011920929,0.8700000047683716,0.27799999713897705,1.0,1.0,-0.2175469994544983,-0.11407501266326531,0.0,0.0,0.50684932,90.2972973,0.31506849,85.26086957,0.10958904,79.5,0.06849315,86.8,,-0.5900988578796387,-2.317943811416626,0.18938112258911133,0.14908435940742493,-1.5948617780530774,-10.078016571376635,2.3672640323638916,2.9816871881484985,0.12765957,0.73076923,0.34246575,0.66666667,0.84210526,0.8,0.35616438,0.38888889,0.06849315,5.0,3.0,4.0,1.0,3.0,8.0,12.0,0.41666667,0.25,0.33333333,0.08333333,0.25,0.66666667,Jordan Zimmermann,4505,13.348685107597895,27.0,0.50684932,0.01369863,0.31506849,0.10958904,0.05479452,90.20540804476352,88.4000015258789,85.40000318444294,79.55000305175781,86.5,-3.793243408203125,-6.980000019073486,1.8134782210640286,3.25,-6.0,8.825675345755911,5.139999866485596,3.9460870494013247,-3.2462499141693115,3.317500114440918,-0.5900988653302193,0.05465850979089737,-2.2757795862853527,0.18938112631440163,0.09442584961652756,-1.594861798189782,5.465850979089737,-9.894693853414577,2.3672640789300203,2.360646240413189,0.12820513,0.58823529,0.34246575,0.8,0.75,0.76,0.46575342,0.06849315,0.10958904,0.50684932,,0.31506849,87.046240234375,79.65480041503906,90.3897804054054,,85.54494310461956,-5.855603790283203,3.716346263885498,-3.3010880753800675,,2.45672607421875,2.3377239227294924,-4.684780120849609,7.561072272223395,,2.533560379691746,0.14908435940742493,0.18938112631440163,-0.5900988653302193,,-2.2757795862853527,2.9816871881484985,2.3672640789300203,-1.594861798189782,,-9.894693853414577,0.12195122,0.625,0.34246575,0.8,0.75,0.76,0.43835616,12.0,92.3250020345052,15.333333333333334,2.0,0.16666667,110.3,6.0,0.5,2019-04-09,0
22,@NYY,6,2019,DET,A,33,0.0,0.0,1.3499993562701433,1.0,1.0,0.0,0.0,0.0,0.0,0.0,6.2,27.0,6.0,1.0,1.0,0.0,1.0,1.0,0.0,0.0,0.0,6.0,8.09999613762086,1.3499993562701433,8.09999613762086,6.0,0.14285714,0.0,7.0,11.0,2.0,2.0,1.0,0.0,0.0,0.22222222,0.03703704,0.18518518,4.4313030167265754,0.0,0.23076923076923078,1.0499994993212227,0.3,0.85714286,1.8640105962750229,-0.5140112400048795,5.146202252355909,28.708314013870023,40.539205206628566,112.35286598202119,0.63636364,0.1,0.35,0.55,0.18181818,0.0,1.0,1.3499993562701433,27.0,67.0,94.0,0.27275601029396057,-0.22434400022029877,0.49709999561309814,2.6080000400543213,0.24980799853801727,0.9702709913253784,1.0233700275421143,0.8700000047683716,1.4891999959945679,1.0,1.0,0.24774600565433502,0.03336722222994826,0.0,0.0,0.38297872,90.75,0.37234043,85.94285714,0.23404255,80.45454545,0.0106383,88.0,0.04255319,0.14555151760578156,2.285703182220459,-0.28480398654937744,-0.02982518821954727,0.404309771127171,6.530580520629884,-1.2945635752244429,-2.982518821954727,0.34693878,0.66666667,0.5,0.52941176,0.93333333,0.78723404,0.4787234,0.77777778,0.10638298,7.0,6.0,7.0,3.0,13.0,4.0,20.0,0.35,0.3,0.35,0.15,0.65,0.2,Jordan Zimmermann,4505,0.9770705222730431,71.0,0.38297872,,0.37234043,0.23404255,0.0106383,90.63888888888889,,85.87428850446429,80.36363636363636,88.30000305175781,-5.352222018771702,,1.0022857666015625,3.0677271756258877,-10.279999732971191,10.195277743869358,,5.401428658621652,-3.1831817626953125,4.590000152587891,0.10977672040462494,,2.2698952555656433,-0.2881671227514744,-0.02982518821954727,0.3049353344572915,,6.485415015901838,-1.3098505579612472,-2.982518821954727,0.2972973,0.63157895,0.5,0.36363636,0.91666667,0.78723404,0.60638298,0.01020408,0.2244898,0.36734694,,0.35714286,88.14109802246094,80.18742786754261,90.52926296657986,,85.754248046875,-9.959569931030273,3.771541942249645,-4.912505679660374,,1.726636941092355,2.8626201152801514,-4.7856455716219815,8.970720926920572,,4.025323922293527,-0.02982518821954727,-0.2881671227514744,0.10977672040462494,,2.2698952555656433,-2.982518821954727,-1.3098505579612472,0.3049353344572915,,6.485415015901838,0.31578947,0.625,0.5,0.33333333,0.94285714,0.78723404,0.59574468,20.0,90.4,21.45,0.0,0.0,113.5,7.0,0.35,2019-04-02,0
23,@TOR,6,2019,DET,A,33,0.0,0.0,0.0,1.0,1.0,0.0,0.0,0.0,0.0,0.0,7.0,22.0,1.0,0.0,0.0,0.0,0.0,0.0,0.0,0.0,0.0,4.0,5.142857142857143,0.0,1.2857142857142858,4.0,0.0,0.0,7.0,10.0,1.0,2.0,0.0,0.0,0.0,0.18181818,0.0,0.18181818,4.610509852457593,0.0,0.045454545454545456,0.14285714285714285,0.05555555555555555,1.0,2.0711528096880234,-2.0711528096880234,4.912878542287009,0.0,44.94728917001986,107.29914687163371,0.7,0.05555556,0.38888889,0.55555556,0.2,0.0,0.0,0.0,23.0,47.0,70.0,0.4615600109100342,-0.02126000076532364,0.4828200042247772,3.8570001125335693,0.36944401264190674,0.8724550008773804,1.1227400302886963,0.8700000047683716,1.819200038909912,1.0,1.0,0.5249509811401367,0.0040849123396055065,0.0,0.0,0.35714286,90.8,0.4,86.25,0.22857143,80.0,0.01428571,89.0,,1.008692741394043,2.296875,1.8510165214538574,-0.050806157290935516,4.034770965576172,8.203125,11.568853259086609,-5.080615729093552,0.43589744,0.67741935,0.54285714,0.64705882,0.85714286,0.76315789,0.44285714,0.54545455,0.12857143,7.0,4.0,7.0,2.0,12.0,4.0,18.0,0.38888889,0.22222222,0.38888889,0.11111111,0.66666667,0.22222222,Jordan Zimmermann,4505,0.40536199645057863,86.0,0.35714286,0.01428571,0.4,0.22857143,,90.88,89.19999694824219,86.27499825613839,79.9437484741211,,-5.233599853515625,-9.579999923706055,0.9510714667184013,2.536250114440918,,9.57,5.380000114440918,4.829285757882254,-3.2306249141693115,,0.9928847886621952,-0.050806157290935516,2.4233677089214325,1.8224729858338833,,3.971539154648781,-5.080615729093552,8.654884674719401,11.39045616146177,,0.41025641,0.70967742,0.54285714,0.625,0.86363636,0.76315789,0.44285714,0.01428571,0.22857143,0.35714286,,0.4,89.15619659423828,79.860595703125,90.86583984375,,86.25086321149554,-9.11808967590332,3.185075044631958,-4.666565856933594,,1.7211512156895228,3.551490068435669,-4.755404472351074,8.420059204101562,,3.489908218383789,-0.050806157290935516,1.8224729858338833,0.9928847886621952,,2.4233677089214325,-5.080615729093552,11.39045616146177,3.971539154648781,,8.654884674719401,0.42857143,0.71428571,0.54285714,0.66666667,0.85,0.76315789,0.4,18.0,86.37778049045139,20.555555555555557,1.0,0.05555556,100.6,3.0,0.16666667,2019-03-28,0
