,Opp,teamid,season,Team,HomeAway,Age,W,L,ERA,G,GS,CG,ShO,SV,HLD,BS,IP,TBF,H,R,ER,HR,BB,IBB,HBP,WP,BK,SO,K/9,BB/9,H/9,K/BB,IFH%,BUH%,GB,FB,LD,IFFB,IFH,BU,BUH,K%,BB%,K-BB%,SIERA,HR/9,AVG,WHIP,BABIP,LOB%,FIP,E-F,xFIP,ERA-,FIP-,xFIP-,GB/FB,LD%,GB%,FB%,IFFB%,HR/FB,RS,RS/9,Balls,Strikes,Pitches,WPA,-WPA,+WPA,RE24,REW,pLI,inLI,gmLI,exLI,Pulls,Games,WPA/LI,Clutch,SD,MD,FB%1,FBv,SL%,SLv,SF%,SFv,wFB,wSL,wSF,wFB/C,wSL/C,wSF/C,O-Swing%,Z-Swing%,Swing%,O-Contact%,Z-Contact%,Contact%,Zone%,F-Strike%,SwStr%,Pull,Cent,Oppo,Soft,Med,Hard,bipCount,Pull%,Cent%,Oppo%,Soft%,Med%,Hard%,PlayerName,playerid,tERA,pfxFA%,pfxFT%,pfxSL%,pfxCH%,pfxvFA,pfxvFT,pfxvSL,pfxvCH,pfxFA-X,pfxFT-X,pfxSL-X,pfxCH-X,pfxFA-Z,pfxFT-Z,pfxSL-Z,pfxCH-Z,pfxwFA,pfxwFT,pfxwSL,pfxwCH,pfxwFA/C,pfxwFT/C,pfxwSL/C,pfxwCH/C,pfxO-Swing%,pfxZ-Swing%,pfxSwing%,pfxO-Contact%,pfxZ-Contact%,pfxContact%,pfxZone%,piFA%,piFS%,piSI%,piSL%,pivFA,pivFS,pivSI,pivSL,piFA-X,piFS-X,piSI-X,piSL-X,piFA-Z,piFS-Z,piSI-Z,piSL-Z,piwFA,piwFS,piwSI,piwSL,piwFA/C,piwFS/C,piwSI/C,piwSL/C,piO-Swing%,piZ-Swing%,piSwing%,piO-Contact%,piZ-Contact%,piContact%,piZone%,Events,EV,LA,Barrels,Barrel%,maxEV,HardHit,HardHit%,gamedate,dh
0,- - -,1,2019,- - -,A,26,3.0,0.0,5.553193521114525,54.0,0.0,0.0,0.0,1.0,11.0,1.0,47.0,217.0,42.0,32.0,29.0,6.0,32.0,0.0,1.0,4.0,0.0,60.0,11.489365905754191,6.127661816402235,8.042556134027933,1.875,0.02325581,0.5,43.0,48.0,31.0,7.0,1.0,2.0,1.0,0.2764977,0.14746544,0.12903226,4.561662266591316,1.148936590575419,0.22826086956521738,1.5744686611589076,0.3050847457627119,0.64564565,4.426776353708108,1.1264171674064167,4.798733609271525,121.01975694132973,95.77806342908887,104.82680306583745,0.89583333,0.25409836,0.35245902,0.39344262,0.14583333,0.125,20.0,3.829788635251397,377.0,537.0,914.0,0.47722600209817756,-3.574679954399471,4.051905967426137,-10.457999810576439,-1.0296729933470488,1.01537153490686,0.7293121896625038,0.9390851898394801,1.033034047230761,47.0,54.0,-0.11557031888514757,0.5855716786750431,14.0,6.0,0.46717724,94.65105386,0.52407002,84.58663883,0.00875274,88.0,-2.0964853763580322,-2.260043617337942,-0.08650834858417511,-0.49098018181686937,-0.47182538984090655,-1.0813543573021889,0.29602888,0.70833333,0.45842451,0.52439024,0.86666667,0.7326969,0.39387309,0.58525346,0.12253829,50.0,33.0,41.0,17.0,58.0,49.0,124.0,0.40322581,0.26612903,0.33064516,0.13709677,0.46774194,0.39516129,Justin Anderson,16201,4.879732690238341,0.40848214,0.06138393,0.52120536,0.00892857,94.58934396212219,94.74363736239347,84.51134884689299,87.96249961853027,-4.806475410044519,-8.23854547847401,3.9623340268717078,-7.060000002384186,9.848852480695546,8.107272720336914,2.373297631612937,8.912499904632568,-2.4075118377804756,0.9420194886624813,-1.2772219963371754,-0.0771358460187912,-0.6577901196121518,1.712762706659057,-0.27349507416213603,-0.96419807523489,0.27878788,0.680798,0.45870536,0.47101449,0.86813187,0.73479319,0.44754464,0.404814,0.00765864,0.05689278,0.51094092,94.78708407427814,88.37425558907645,94.95163682790903,84.64828901270472,-4.182644724201512,-6.623232909611294,-7.462833056083093,4.8152235080139025,8.739584951143007,6.769179889133999,6.978487216509306,0.8745686176374586,-2.4549505189061165,0.012098148465156555,0.9002241753041744,-1.2772219963371754,-0.6635001402448963,0.17283069235937937,1.7312003371234124,-0.27349507416213603,0.28629032,0.6725,0.45870536,0.48591549,0.866171,0.73479319,0.44642857,124.0,87.95798319327731,18.6218487394958,7.0,0.05645161,109.8,42.0,0.33870968,2050-01-01,0
1,HOU,1,2019,LAA,H,26,0.0,0.0,0.0,1.0,0.0,0.0,0.0,0.0,0.0,0.0,1.0,3.0,0.0,0.0,0.0,0.0,0.0,0.0,0.0,0.0,0.0,1.0,9.0,0.0,0.0,1.0,0.0,0.0,1.0,0.0,1.0,0.0,0.0,0.0,0.0,0.33333333,0.0,0.33333333,1.5892426400935993,0.0,0.0,0.0,0.0,1.0,1.2140099525451662,-1.2140099525451662,1.2140099525451662,0.0,26.904075469611982,27.18280175921356,1.0,0.5,0.5,0.0,0.0,0.0,0.0,0.0,3.0,5.0,8.0,0.007249999791383743,0.0,0.007249999791383743,0.527999997138977,0.05214809998869896,0.09000000357627869,0.11500000208616257,0.11500000208616257,0.07000000029802322,1.0,1.0,0.08009099960327148,0.0004645504333356948,0.0,0.0,0.5,94.5,0.5,84.25,,,0.6132180690765381,0.17717345058918,,15.330451726913452,4.4293362647295,,0.5,1.0,0.625,0.33333333,1.0,0.6,0.25,0.66666667,0.25,0.0,1.0,1.0,0.0,0.0,2.0,2.0,0.0,0.5,0.5,0.0,0.0,1.0,Justin Anderson,16201,3.821220157521665,0.5,,0.5,,94.52499389648438,,84.0250015258789,,-4.877500057220459,,3.5450000762939453,,8.869999885559082,,2.8125,,0.6553822681307793,,0.17717345058918,,16.38455670326948,,4.4293362647295,,0.25,1.0,0.625,0.0,0.75,0.6,0.5,0.5,,,0.5,94.66470336914062,,,84.07405090332031,-3.998155117034912,,,4.5323076248168945,7.695392608642578,,,0.9765912294387817,0.6553822681307793,,,0.17717345058918,16.38455670326948,,,4.4293362647295,0.33333333,0.8,0.625,0.0,0.75,0.6,0.625,2.0,97.80000305175781,10.5,0.0,0.0,99.2,2.0,1.0,2019-09-29,0
2,HOU,1,2019,LAA,H,26,0.0,0.0,0.0,1.0,0.0,0.0,0.0,0.0,0.0,0.0,1.0,3.0,0.0,0.0,0.0,0.0,0.0,0.0,0.0,0.0,0.0,0.0,0.0,0.0,0.0,0.0,0.0,0.0,0.0,3.0,0.0,1.0,0.0,0.0,0.0,0.0,0.0,0.0,13.703575934886931,0.0,0.0,0.0,0.0,1.0,3.214009952545166,-3.214009952545166,9.181633991003036,0.0,69.7792673506938,199.75906439298757,0.0,0.0,0.0,1.0,0.33333333,0.0,0.0,0.0,5.0,6.0,11.0,0.016699999570846558,0.0,0.016699999570846558,0.527999997138977,0.05214809998869896,0.21333299577236176,0.2800000011920929,0.2800000011920929,0.14499999582767487,1.0,1.0,0.07845240086317062,-0.0001710290088776656,0.0,0.0,0.72727273,93.375,0.27272727,84.66666667,,,0.3517190217971802,0.4669622778892517,,4.396487772464752,15.565409262975058,,0.14285714,1.0,0.45454545,1.0,0.75,0.8,0.36363636,0.33333333,0.09090909,1.0,2.0,0.0,1.0,2.0,0.0,3.0,0.33333333,0.66666667,0.0,0.33333333,0.66666667,0.0,Justin Anderson,16201,-0.2915519132361669,0.72727273,,0.27272727,,93.5250015258789,,84.7999979654948,,-4.586249828338623,,1.6766665776570637,,9.220000267028809,,3.426666577657064,,0.351719006896019,,0.4669622629880905,,4.396487586200237,,15.565408766269684,,0.0,1.0,0.45454545,,0.8,0.8,0.45454545,0.72727273,,,0.27272727,93.81957244873047,,,84.986572265625,-3.9415688514709473,,,2.2606236139933267,7.973114013671875,,,2.0359999338785806,0.351719006896019,,,0.4669622629880905,4.396487586200237,,,15.565408766269684,0.16666667,0.8,0.45454545,1.0,0.75,0.8,0.45454545,3.0,88.03333536783855,45.666666666666664,0.0,0.0,95.6,1.0,0.33333333,2019-09-28,0
3,HOU,1,2019,LAA,H,26,0.0,0.0,0.0,1.0,0.0,0.0,0.0,0.0,0.0,0.0,1.0,4.0,1.0,0.0,0.0,0.0,1.0,0.0,0.0,0.0,0.0,0.0,0.0,9.0,9.0,0.0,0.0,0.0,1.0,1.0,1.0,1.0,0.0,0.0,0.0,0.0,0.25,-0.25,10.227075934886932,0.0,0.3333333333333333,2.0,0.3333333333333333,1.0,6.214009952545166,-6.214009952545166,8.203217965364455,0.0,134.09205517231652,178.5668770871244,1.0,0.33333333,0.33333333,0.33333333,1.0,0.0,0.0,0.0,6.0,7.0,13.0,0.07684999704360962,-0.12860000133514404,0.20544999837875366,0.527999997138977,0.05214809998869896,2.028749942779541,1.340000033378601,1.340000033378601,1.5449999570846558,1.0,1.0,0.010190900415182114,0.02768956746461943,1.0,0.0,0.53846154,94.71428571,0.46153846,85.66666667,,,-0.0037374719977378845,0.327809602022171,,-0.053392457110541205,5.463493367036184,,0.14285714,0.66666667,0.38461538,0.0,1.0,0.8,0.46153846,0.25,0.07692308,1.0,1.0,1.0,2.0,0.0,1.0,3.0,0.33333333,0.33333333,0.33333333,0.66666667,0.0,0.33333333,Justin Anderson,16201,8.36703507266784,0.53846154,,0.46153846,,94.72856794084821,,85.5499979654948,,-5.5499997820172995,,3.384999910990397,,9.485714503696986,,1.836666742960612,,-0.019545428454875946,,0.3278096094727516,,-0.2792204064982278,,5.463493491212526,,0.2,0.5,0.38461538,0.0,1.0,0.8,0.61538462,0.53846154,,,0.46153846,94.93304443359375,,,85.68643188476562,-4.904097420828683,,,4.49794324239095,8.211324419294085,,,0.1982010006904602,-0.019545428454875946,,,0.3278096094727516,-0.2792204064982278,,,5.463493491212526,0.2,0.5,0.38461538,0.0,1.0,0.8,0.61538462,3.0,85.13333129882812,37.333333333333336,0.0,0.0,98.8,1.0,0.33333333,2019-09-26,0
4,@HOU,1,2019,LAA,A,26,0.0,0.0,54.00005632644807,1.0,0.0,0.0,0.0,0.0,0.0,0.0,0.1,6.0,3.0,3.0,2.0,0.0,2.0,0.0,0.0,0.0,0.0,0.0,0.0,54.00005632644807,81.0000844896721,0.0,0.0,0.0,2.0,1.0,1.0,0.0,0.0,0.0,0.0,0.0,0.33333333,-0.33333333,11.90913139485471,0.0,0.75,15.000015646235575,0.75,0.4,21.214028728027856,32.78602759842021,27.181658991209158,1176.8136058282498,455.65639678164155,589.6340166819396,2.0,0.25,0.5,0.25,0.0,0.0,0.0,0.0,11.0,10.0,21.0,-0.048020001500844955,-0.05265999957919121,0.004639999940991402,-4.059000015258789,-0.406917005777359,0.2135709971189499,0.13950000703334808,0.27900001406669617,0.0430000014603138,1.0,1.0,-0.19595399498939514,-0.028889275626136385,0.0,0.0,0.38095238,93.875,0.61904762,84.61538462,,,-0.795534610748291,-0.9682061076164246,,-9.944182634353638,-7.447739289357112,,0.26666667,0.66666667,0.38095238,0.75,1.0,0.875,0.28571429,0.66666667,0.04761905,0.0,2.0,2.0,1.0,2.0,1.0,4.0,0.0,0.5,0.5,0.25,0.5,0.25,Justin Anderson,16201,10.751862593721418,0.38095238,,0.61904762,,93.8499984741211,,84.53846153846153,,-5.027500152587891,,3.011538578913762,,8.958749771118164,,3.0684614915114183,,-0.7955346070230007,,-0.9682061225175858,,-9.944182587787509,,-7.447739403981429,,0.21428571,0.71428571,0.38095238,0.66666667,1.0,0.875,0.33333333,0.38095238,,,0.61904762,93.93869018554688,,,84.60187237079327,-4.403373718261719,,,4.021060943603516,8.044866561889648,,,1.464574226966271,-0.7955346070230007,,,-0.9682061225175858,-9.944182587787509,,,-7.447739403981429,0.21428571,0.71428571,0.38095238,0.66666667,1.0,0.875,0.33333333,4.0,79.80000305175781,13.0,0.0,0.0,96.0,1.0,0.25,2019-09-22,0
5,@NYY,1,2019,LAA,A,26,0.0,0.0,0.0,1.0,0.0,0.0,0.0,0.0,0.0,0.0,1.0,4.0,1.0,0.0,0.0,0.0,0.0,0.0,0.0,0.0,0.0,1.0,9.0,0.0,9.0,1.0,0.0,0.0,2.0,1.0,0.0,1.0,0.0,0.0,0.0,0.25,0.0,0.25,2.6178884348869325,0.0,0.25,1.0,0.3333333333333333,1.0,1.2140099525451662,-1.2140099525451662,3.2032179653644564,0.0,26.904075469611982,70.26842964483266,2.0,0.0,0.66666667,0.33333333,1.0,0.0,0.0,0.0,4.0,11.0,15.0,-0.028467999771237373,-0.03734000027179718,0.008871999569237232,-0.4350000023841858,-0.041666701436042786,0.35280001163482666,0.2833999991416931,0.5667999982833862,0.05920000001788139,1.0,1.0,-0.01153200026601553,-0.06915960640179773,0.0,0.0,0.53333333,95.375,0.46666667,86.0,,,0.27115389704704285,-0.2386549711227417,,3.3894237130880356,-3.4093567303248813,,0.55555556,0.33333333,0.46666667,0.4,0.5,0.42857143,0.4,0.25,0.26666667,1.0,1.0,1.0,1.0,1.0,1.0,3.0,0.33333333,0.33333333,0.33333333,0.33333333,0.33333333,0.33333333,Justin Anderson,16201,-0.7625751031523943,0.53333333,,0.46666667,,95.2750015258789,,86.10000174386161,,-4.607500076293945,,3.8657142094203403,,9.323749542236328,,2.201428549630301,,0.27115388587117195,,-0.238654974848032,,3.3894235733896494,,-3.4093567835433145,,0.55555556,0.33333333,0.46666667,0.4,0.5,0.42857143,0.4,0.53333333,,,0.46666667,95.29908752441406,,,86.06869070870536,-3.9072399139404297,,,4.795222691127232,8.454963684082031,,,0.8152581623622349,0.27115388587117195,,,-0.238654974848032,3.3894235733896494,,,-3.4093567835433145,0.55555556,0.33333333,0.46666667,0.4,0.5,0.42857143,0.4,3.0,84.53333536783855,17.0,0.0,0.0,95.9,1.0,0.33333333,2019-09-19,0
6,TBR,1,2019,LAA,H,26,0.0,0.0,18.0,1.0,0.0,0.0,0.0,0.0,0.0,0.0,1.0,6.0,2.0,2.0,2.0,0.0,1.0,0.0,0.0,0.0,0.0,2.0,18.0,9.0,18.0,2.0,0.0,0.0,1.0,0.0,2.0,0.0,0.0,0.0,0.0,0.33333333,0.16666667,0.16666666,4.141242682408599,0.0,0.4,3.0,0.6666666666666666,0.33333333,2.214009952545166,15.785990047454835,2.214009952545166,392.2707927720012,48.341671410152884,48.84249124767191,1.0,0.66666667,0.33333333,0.0,0.0,0.0,1.0,9.0,12.0,14.0,26.0,-0.013199999928474426,-0.020400000736117363,0.007199999876320362,-1.472000002861023,-0.14538300037384033,0.08749999850988388,0.07000000029802322,0.07000000029802322,0.009999999776482582,1.0,1.0,-0.08678379654884338,-0.06407334805994622,0.0,0.0,0.38461538,94.3,0.61538462,86.875,,,-0.9643083810806274,-0.0728893131017685,,-9.643083810806274,-0.4555582068860531,,0.31578947,0.57142857,0.38461538,0.33333333,0.75,0.5,0.26923077,0.5,0.19230769,1.0,1.0,1.0,1.0,1.0,1.0,3.0,0.33333333,0.33333333,0.33333333,0.33333333,0.33333333,0.33333333,Justin Anderson,16201,6.985675186635366,0.34615385,0.03846154,0.61538462,,94.23333062065973,95.4000015258789,86.84375,,-4.246666802300347,-7.300000190734863,2.3262500762939453,,9.428888956705729,7.980000019073486,1.6425000429153442,,-0.9135022200644016,-0.050806157290935516,-0.0728893093764782,,-10.15002466738224,-5.080615729093552,-0.4555581836029887,,0.3125,0.5,0.38461538,0.2,0.8,0.5,0.38461538,0.38461538,,,0.61538462,94.48466186523437,,,86.9402847290039,-3.847188949584961,,,3.2890305519104004,7.967511749267578,,,0.14634831249713898,-0.9643083773553371,,,-0.0728893093764782,-9.643083773553371,,,-0.4555581836029887,0.3125,0.5,0.38461538,0.2,0.8,0.5,0.38461538,3.0,98.7000020345052,2.0,0.0,0.0,108.0,2.0,0.66666667,2019-09-13,0
7,CLE,1,2019,LAA,H,26,0.0,0.0,54.00005632644807,1.0,0.0,0.0,0.0,0.0,0.0,0.0,0.1,3.0,1.0,2.0,2.0,1.0,1.0,0.0,0.0,0.0,0.0,0.0,0.0,27.000028163224034,27.000028163224034,0.0,0.0,0.0,1.0,1.0,0.0,0.0,0.0,0.0,0.0,0.0,0.33333333,-0.33333333,12.176242516566932,27.000028163224034,0.5,6.0000062584942295,0.0,0.0,51.214060020499005,2.7859963059490624,18.181649603467815,1176.8136058282498,1098.7849458332212,394.69660795025203,1.0,0.0,0.5,0.5,0.0,1.0,0.0,0.0,5.0,8.0,13.0,-0.1773499995470047,-0.179749995470047,0.002400000113993883,-2.6659998893737793,-0.2633090019226074,0.7816669940948486,0.48249998688697815,0.9649999737739563,0.11500000208616257,1.0,1.0,-0.11428000032901764,-0.11260689765542609,0.0,1.0,0.38461538,94.6,0.61538462,85.75,,,-1.4231178760528564,-0.05027667060494423,,-28.46235752105713,-0.6284583825618029,,0.44444444,0.75,0.53846154,0.5,1.0,0.71428571,0.30769231,0.66666667,0.15384615,1.0,0.0,1.0,0.0,1.0,1.0,2.0,0.5,0.0,0.5,0.0,0.5,0.5,Justin Anderson,16201,52.97418082774225,0.38461538,,0.61538462,,94.52000122070312,,85.67500305175781,,-4.286000061035156,,3.0087499618530273,,9.423999786376953,,4.112500190734863,,-1.42311792075634,,-0.05027667060494423,,-28.462358415126797,,-0.6284583825618029,,0.44444444,0.75,0.53846154,0.5,1.0,0.71428571,0.30769231,0.38461538,,,0.61538462,94.66580200195312,,,85.75733947753906,-3.6248199462890627,,,4.080116271972656,8.264578247070313,,,2.3465750217437744,-1.42311792075634,,,-0.05027667060494423,-28.462358415126797,,,-0.6284583825618029,0.44444444,0.75,0.53846154,0.5,1.0,0.71428571,0.30769231,2.0,87.25,11.0,1.0,0.5,105.6,1.0,0.5,2019-09-09,0
8,@BOS,1,2019,LAA,A,26,0.0,0.0,81.0000844896721,1.0,0.0,0.0,0.0,0.0,0.0,0.0,0.1,4.0,2.0,3.0,3.0,0.0,1.0,0.0,0.0,0.0,0.0,0.0,0.0,27.000028163224034,54.00005632644807,0.0,0.0,1.0,0.0,2.0,0.0,1.0,0.0,1.0,1.0,0.0,0.25,-0.25,12.03782593488693,0.0,0.6666666666666666,9.000009387741345,0.6666666666666666,0.0,12.214019340286512,68.78606514938559,24.14927986664912,1765.2204087423752,262.7178320661677,523.9536264326861,0.0,0.0,0.0,1.0,0.5,0.0,0.0,0.0,6.0,9.0,15.0,-0.05433199927210808,-0.0879879966378212,0.03365600109100342,-1.0809999704360962,-0.09686379879713058,0.7797999978065491,0.5852000117301941,0.5852000117301941,1.3976000547409058,1.0,1.0,-0.08516409993171692,0.01548982521392367,0.0,0.0,0.33333333,94.8,0.66666667,85.8,,,-1.286275863647461,0.03030739724636078,,-25.725517272949215,0.3030739724636078,,0.4,0.8,0.53333333,0.5,1.0,0.75,0.33333333,1.0,0.13333333,0.0,0.0,3.0,1.0,0.0,2.0,3.0,0.0,0.0,1.0,0.33333333,0.0,0.66666667,Justin Anderson,16201,2.3560139629404153,0.33333333,,0.66666667,,94.82000122070312,,85.64000244140625,,-3.8400001525878906,,4.913000106811523,,8.504000091552735,,1.7719999313354493,,-1.2862759120762348,,0.014499440789222717,,-25.725518241524696,,0.14499440789222717,,0.4,0.8,0.53333333,0.5,1.0,0.75,0.33333333,0.33333333,,,0.66666667,94.79124145507812,,,85.5921630859375,-3.1220239639282226,,,5.779447174072265,7.731855773925782,,,0.22087466716766357,-1.2862759120762348,,,0.014499440789222717,-25.725518241524696,,,0.14499440789222717,0.4,0.8,0.53333333,0.5,1.0,0.75,0.33333333,3.0,88.9000015258789,49.5,0.0,0.0,97.8,1.0,0.33333333,2019-08-09,0
9,@CIN,1,2019,LAA,A,26,0.0,0.0,9.0,1.0,0.0,0.0,0.0,0.0,0.0,0.0,1.0,4.0,1.0,1.0,1.0,1.0,0.0,0.0,0.0,0.0,0.0,1.0,9.0,0.0,9.0,1.0,0.0,0.0,2.0,1.0,0.0,0.0,0.0,0.0,0.0,0.25,0.0,0.25,2.6178884348869325,9.0,0.25,1.0,0.0,1.0,14.214009952545165,-5.214009952545165,3.2032179653644564,196.1353963860006,305.59282269664374,70.26842964483266,2.0,0.0,0.66666667,0.33333333,0.0,1.0,0.0,0.0,8.0,14.0,22.0,-0.046852000057697296,-0.07266400009393692,0.025812000036239624,-0.4490000009536743,-0.04300770163536072,0.34929999709129333,0.5460000038146973,0.5460000038146973,0.23759999871253967,1.0,1.0,-0.09588749706745148,-0.03824362359629138,0.0,0.0,0.27272727,95.0,0.72727273,85.125,,,-0.04842660576105118,-0.5837718844413757,,-0.8071100960175196,-3.6485742777585983,,0.33333333,0.75,0.40909091,0.83333333,1.0,0.88888889,0.18181818,0.75,0.04545455,2.0,1.0,0.0,0.0,2.0,1.0,3.0,0.66666667,0.33333333,0.0,0.0,0.66666667,0.33333333,Justin Anderson,16201,12.97045099422516,0.27272727,,0.72727273,,94.96666463216145,,85.20625305175781,,-4.548333485921224,,2.710624933242798,,9.106666564941406,,2.8556249141693115,,-0.04842660576105118,,-0.5837718769907951,,-0.8071100960175196,,-3.6485742311924696,,0.28571429,0.625,0.40909091,0.75,1.0,0.88888889,0.36363636,0.27272727,,,0.72727273,95.10137939453125,,,85.29815673828125,-3.7376184463500977,,,3.661963939666748,8.309544881184896,,,1.4236623048782349,-0.04842660576105118,,,-0.5837718769907951,-0.8071100960175196,,,-3.6485742311924696,0.33333333,0.57142857,0.40909091,0.8,1.0,0.88888889,0.31818182,3.0,81.66666666666667,2.6666666666666665,0.0,0.0,96.7,1.0,0.33333333,2019-08-06,0
10,@CLE,1,2019,LAA,A,26,0.0,0.0,27.000028163224034,1.0,0.0,0.0,0.0,0.0,0.0,0.0,0.2,5.0,2.0,2.0,2.0,1.0,1.0,0.0,0.0,0.0,0.0,0.0,0.0,13.500014081612017,27.000028163224034,0.0,0.0,0.0,3.0,1.0,0.0,0.0,0.0,0.0,0.0,0.0,0.2,-0.2,7.883335934886933,13.500014081612017,0.5,4.500004693870673,0.3333333333333333,0.625,27.214034986522083,-0.21400682329804965,10.697829778006492,588.4068029141249,584.2821065919576,232.59939434319114,3.0,0.0,0.75,0.25,0.0,1.0,1.0,13.500014081612017,10.0,13.0,23.0,-0.1426600068807602,-0.15136000514030457,0.008700000122189522,-2.3919999599456787,-0.2154950052499771,0.5055999755859375,0.41999998688697815,0.8399999737739563,0.21400000154972076,1.0,1.0,-0.09610690176486969,-0.1860529355955498,0.0,1.0,0.30434783,94.28571429,0.69565217,85.0,,,-1.40130615234375,-0.1846655160188675,,-20.018659319196427,-1.1541594751179218,,0.3125,1.0,0.52173913,0.4,1.0,0.75,0.30434783,0.4,0.13043478,3.0,1.0,0.0,0.0,2.0,2.0,4.0,0.75,0.25,0.0,0.0,0.5,0.5,Justin Anderson,16201,19.0178026667152,0.30434783,,0.69565217,,94.24285888671875,,84.96875,,-4.174285616193499,,2.922499895095825,,8.705714089529854,,2.9225001335144043,,-1.4013061113655567,,-0.1846655160188675,,-20.018658733793668,,-1.1541594751179218,,0.33333333,0.875,0.52173913,0.4,1.0,0.75,0.34782609,0.30434783,,,0.69565217,94.48115757533482,,,85.13948059082031,-3.488609858921596,,,3.763312816619873,7.923989977155413,,,1.4854077100753784,-1.4013061113655567,,,-0.1846655160188675,-20.018658733793668,,,-1.1541594751179218,0.375,0.85714286,0.52173913,0.5,1.0,0.75,0.30434783,4.0,85.2249984741211,0.75,1.0,0.25,102.4,2.0,0.5,2019-08-03,0
11,DET,1,2019,LAA,H,26,0.0,0.0,0.0,1.0,0.0,0.0,0.0,0.0,0.0,0.0,1.0,3.0,0.0,0.0,0.0,0.0,0.0,0.0,0.0,0.0,0.0,2.0,18.0,0.0,0.0,2.0,0.0,0.0,1.0,0.0,0.0,0.0,0.0,0.0,0.0,0.66666667,0.0,0.66666667,0.03802038111915462,0.0,0.0,0.0,0.0,1.0,-0.7859900474548338,0.7859900474548338,-0.7859900474548338,0.0,-15.971116411469833,-16.136577217703145,1.0,0.0,1.0,0.0,0.0,0.0,1.0,9.0,6.0,11.0,17.0,0.040150001645088196,0.0,0.040150001645088196,0.527999997138977,0.05214809998869896,0.5166670083999634,0.6850000023841858,0.6850000023841858,1.0049999952316284,1.0,1.0,0.07785090059041977,-0.0001412713856705633,0.0,0.0,0.35294118,94.33333333,0.64705882,84.45454545,,,0.04924126714468002,0.7530445456504822,,0.820687785744667,6.845859505913475,,0.46153846,0.5,0.47058824,0.33333333,1.0,0.5,0.23529412,1.0,0.23529412,0.0,1.0,0.0,0.0,1.0,0.0,1.0,0.0,1.0,0.0,0.0,1.0,0.0,Justin Anderson,16201,-1.5896333252957513,0.35294118,,0.64705882,,94.40000406901042,,84.33636474609375,,-4.25166670481364,,4.255454670299184,,9.50333340962728,,3.323636141690341,,0.04924126714468002,,0.7530445717275143,,0.820687785744667,,6.845859742977402,,0.5,0.4,0.47058824,0.33333333,1.0,0.5,0.29411765,0.35294118,,,0.64705882,94.5304463704427,,,84.35396506569602,-3.3662948608398438,,,5.2039618058638135,8.489086786905924,,,1.9073951027610085,0.04924126714468002,,,0.7530445717275143,0.820687785744667,,,6.845859742977402,0.5,0.4,0.47058824,0.33333333,1.0,0.5,0.29411765,1.0,93.0,-27.0,0.0,0.0,93.0,0.0,0.0,2019-07-29,0
12,BAL,1,2019,LAA,H,26,0.0,0.0,0.0,1.0,0.0,0.0,0.0,0.0,0.0,0.0,2.0,7.0,1.0,0.0,0.0,0.0,0.0,0.0,0.0,0.0,0.0,2.0,9.0,0.0,4.5,2.0,0.0,0.0,1.0,3.0,1.0,0.0,0.0,0.0,0.0,0.28571429,0.0,0.28571429,3.435861614338361,0.0,0.14285714285714285,0.5,0.2,1.0,1.2140099525451662,-1.2140099525451662,4.197821971774101,0.0,26.904075469611982,91.81124358764221,0.33333333,0.2,0.2,0.6,0.0,0.0,0.0,0.0,9.0,17.0,26.0,0.01730000041425228,-0.0044999998062849045,0.021800000220537186,1.055999994277954,0.1042959988117218,0.13785700500011444,0.14000000059604645,0.16500000655651093,0.07000000029802322,1.0,1.0,0.11591999977827072,0.009572356698195006,0.0,0.0,0.42307692,93.0,0.57692308,84.33333333,,,1.042258620262146,0.19797755777835846,,9.475078366019508,1.3198503851890564,,0.35294118,0.66666667,0.46153846,0.66666667,0.83333333,0.75,0.34615385,0.71428571,0.11538462,3.0,1.0,1.0,0.0,3.0,2.0,5.0,0.6,0.2,0.2,0.0,0.6,0.4,Justin Anderson,16201,1.274683934921006,0.42307692,,0.57692308,,92.87272505326705,,84.34666341145834,,-4.179091020063921,,3.0699999491373697,,9.396363691850143,,3.8226666768391926,,1.0422586128115654,,0.19797755405306816,,9.475078298286958,,1.3198503603537879,,0.4,0.54545455,0.46153846,0.66666667,0.83333333,0.75,0.42307692,0.42307692,,,0.57692308,93.12568803267045,,,84.52941080729167,-3.465420809659091,,,3.8277661641438803,8.24539600719105,,,2.3832000732421874,1.0422586128115654,,,0.19797755405306816,9.475078298286958,,,1.3198503603537879,0.4,0.54545455,0.46153846,0.66666667,0.83333333,0.75,0.42307692,5.0,93.25999755859375,22.4,0.0,0.0,101.2,2.0,0.4,2019-07-26,0
13,BAL,1,2019,LAA,H,26,0.0,0.0,0.0,1.0,0.0,0.0,0.0,0.0,0.0,0.0,1.0,4.0,0.0,0.0,0.0,0.0,1.0,0.0,0.0,0.0,0.0,2.0,18.0,9.0,0.0,2.0,0.0,0.0,0.0,1.0,0.0,0.0,0.0,0.0,0.0,0.5,0.25,0.25,4.203575934886931,0.0,0.0,1.0,0.0,1.0,2.214009952545166,-2.214009952545166,4.203217965364456,0.0,48.341671410152884,91.928119133291,0.0,0.0,0.0,1.0,0.0,0.0,0.0,0.0,5.0,8.0,13.0,0.05739999935030937,-0.013949999585747719,0.07135000079870224,0.527999997138977,0.05214809998869896,0.7925000190734863,0.9900000095367432,0.9900000095367432,1.0049999952316284,1.0,1.0,0.051988400518894196,0.02044061900014109,0.0,0.0,0.46153846,93.66666667,0.53846154,85.14285714,,,0.41944271326065063,0.09932893514633179,,6.99071188767751,1.41898478780474,,0.375,0.4,0.38461538,0.0,1.0,0.4,0.38461538,0.75,0.23076923,0.0,0.0,1.0,0.0,0.0,1.0,1.0,0.0,0.0,1.0,0.0,0.0,1.0,Justin Anderson,16201,1.3434605452499389,0.46153846,,0.53846154,,93.41666666666667,,84.95714460100446,,-5.011666615804036,,2.0171428407941545,,10.098333358764648,,4.730000087193081,,0.41944270581007004,,0.08659330382943153,,6.990711763501167,,1.2370471975633077,,0.42857143,0.33333333,0.38461538,0.0,1.0,0.4,0.46153846,0.46153846,,,0.53846154,93.5891825358073,,,85.05552455357143,-4.459060033162435,,,2.7056061880929128,8.861485163370768,,,3.182354245867048,0.41944270581007004,,,0.08659330382943153,6.990711763501167,,,1.2370471975633077,0.42857143,0.33333333,0.38461538,0.0,1.0,0.4,0.46153846,1.0,94.0,35.0,0.0,0.0,94.0,0.0,0.0,2019-07-25,0
14,@LAD,1,2019,LAA,A,26,0.0,0.0,54.00005632644807,1.0,0.0,0.0,0.0,0.0,1.0,0.0,0.1,5.0,2.0,2.0,2.0,0.0,2.0,0.0,0.0,0.0,0.0,1.0,27.000028163224034,54.00005632644807,54.00005632644807,0.5,1.0,0.0,1.0,0.0,1.0,0.0,1.0,0.0,0.0,0.2,0.4,-0.2,10.841135934886935,0.0,0.6666666666666666,12.000012516988459,1.0,0.5,15.214022469533626,38.78603385691444,15.214022469533626,1176.8136058282498,327.0306869713257,330.4187257117138,1.0,0.5,0.5,0.0,0.0,0.0,0.0,0.0,11.0,8.0,19.0,-0.26003599166870117,-0.3020719885826111,0.04203600063920021,-2.055999994277954,-0.2168779969215393,1.9659199714660645,1.0247999429702759,1.0247999429702759,4.478400230407715,1.0,1.0,-0.1421310007572174,0.009859089670835791,0.0,1.0,0.26315789,94.6,0.73684211,84.92857143,,,-0.3197806775569916,-0.968986451625824,,-6.395613551139831,-6.921331797327314,,0.21428571,0.6,0.31578947,0.33333333,1.0,0.66666667,0.26315789,0.4,0.10526316,2.0,0.0,0.0,0.0,0.0,2.0,2.0,1.0,0.0,0.0,0.0,0.0,1.0,Justin Anderson,16201,12.036240820344487,0.26315789,,0.73684211,,94.34000244140626,,84.89285714285714,,-4.661999893188477,,2.817142759050642,,9.718000030517578,,3.8871427263532365,,-0.3197806850075722,,-0.9689864255487919,,-6.3956137001514435,,-6.921331611062799,,0.23076923,0.5,0.31578947,0.0,1.0,0.5,0.31578947,0.26315789,,,0.73684211,94.46673583984375,,,84.94194684709821,-3.9167659759521483,,,3.6595633370535716,8.449784088134766,,,2.5597656794956754,-0.3197806850075722,,,-0.9689864255487919,-6.3956137001514435,,,-6.921331611062799,0.23076923,0.5,0.31578947,0.0,1.0,0.5,0.31578947,2.0,104.14999389648438,11.0,1.0,0.5,109.6,2.0,1.0,2019-07-23,0
15,@SEA,1,2019,LAA,A,26,0.0,0.0,0.0,1.0,0.0,0.0,0.0,0.0,0.0,0.0,1.0,3.0,0.0,0.0,0.0,0.0,1.0,0.0,0.0,0.0,0.0,0.0,0.0,9.0,0.0,0.0,0.0,0.0,1.0,0.0,0.0,0.0,0.0,1.0,0.0,0.0,0.33333333,-0.33333333,11.36868696950249,0.0,0.0,1.0,0.0,1.0,6.214009952545166,-6.214009952545166,6.214009952545166,0.0,134.09205517231652,135.4812492015053,1.0,0.0,1.0,0.0,0.0,0.0,0.0,0.0,8.0,7.0,15.0,0.08860000222921371,-0.05609999969601631,0.14470000565052032,0.5109999775886536,0.05161619931459427,1.8569999933242798,1.5119999647140503,1.5119999647140503,1.812000036239624,1.0,1.0,0.03885649889707565,0.008854864887373151,1.0,0.0,0.33333333,95.0,0.66666667,84.8,,,0.17346349358558655,0.06911450624465942,,3.469269871711731,0.6911450624465942,,0.2,0.6,0.33333333,1.0,1.0,1.0,0.33333333,1.0,0.0,0.0,1.0,1.0,1.0,1.0,0.0,2.0,0.0,0.5,0.5,0.5,0.5,0.0,Justin Anderson,16201,6.7065363082911755,0.33333333,,0.66666667,,95.02000122070312,,84.65999755859374,,-4.606000137329102,,2.8700000762939455,,9.226000213623047,,3.345999908447266,,0.17346349731087685,,0.06911450251936913,,3.469269946217537,,0.6911450251936913,,0.22222222,0.5,0.33333333,1.0,1.0,1.0,0.4,0.33333333,,,0.66666667,95.20670166015626,,,84.77626953125,-3.9072639465332033,,,3.5881881713867188,8.398086547851562,,,2.0744436264038084,0.17346349731087685,,,0.06911450251936913,3.469269946217537,,,0.6911450251936913,0.3,0.4,0.33333333,1.0,1.0,1.0,0.33333333,2.0,70.5,-5.0,0.0,0.0,70.5,0.0,0.0,2019-07-20,0
16,HOU,1,2019,LAA,H,26,0.0,0.0,0.0,1.0,0.0,0.0,0.0,0.0,1.0,0.0,0.2,2.0,0.0,0.0,0.0,0.0,0.0,0.0,0.0,0.0,0.0,0.0,0.0,0.0,0.0,0.0,0.0,0.0,0.0,2.0,0.0,0.0,0.0,0.0,0.0,0.0,0.0,0.0,13.703575934886931,0.0,0.0,0.0,0.0,1.0,3.2140099525451666,-3.2140099525451666,9.181640215726471,0.0,69.7792673506938,199.75919921856433,0.0,0.0,0.0,1.0,0.0,0.0,1.0,13.500014081612017,2.0,3.0,5.0,0.04255000129342079,0.0,0.04255000129342079,0.7649999856948853,0.07555560022592545,0.7649999856948853,0.6349999904632568,1.1549999713897705,0.22499999403953552,1.0,1.0,0.054398298263549805,0.001222619499959221,0.0,0.0,0.6,93.66666667,0.4,84.0,,,0.5391252636909485,0.006662242114543915,,17.970842123031616,0.33311210572719574,,0.0,1.0,0.6,,1.0,1.0,0.6,0.5,0.0,0.0,1.0,1.0,0.0,2.0,0.0,2.0,0.0,0.5,0.5,0.0,1.0,0.0,Justin Anderson,16201,0.7953616369971132,0.6,,0.4,,93.66666666666667,,84.05000305175781,,-4.403333028157552,,1.9450000524520874,,9.473333358764648,,4.019999980926514,,0.5391252562403679,,0.006662242114543915,,17.970841874678932,,0.33311210572719574,,0.33333333,1.0,0.6,1.0,1.0,1.0,0.4,0.6,,,0.4,93.9669698079427,,,84.25129699707031,-3.8645734786987305,,,2.574207067489624,8.507983525594076,,,2.3386600017547607,0.5391252562403679,,,0.006662242114543915,17.970841874678932,,,0.33311210572719574,0.33333333,1.0,0.6,1.0,1.0,1.0,0.4,2.0,80.6500015258789,54.5,0.0,0.0,81.3,0.0,0.0,2019-07-16,0
17,HOU,1,2019,LAA,H,26,1.0,0.0,18.0,1.0,0.0,0.0,0.0,0.0,0.0,0.0,1.0,6.0,1.0,2.0,2.0,1.0,2.0,0.0,0.0,0.0,0.0,0.0,0.0,18.0,9.0,0.0,0.0,0.0,2.0,1.0,1.0,0.0,0.0,0.0,0.0,0.0,0.33333333,-0.33333333,11.90913139485471,9.0,0.25,3.0,0.0,0.625,22.214009952545165,-4.214009952545165,11.203217965364455,392.2707927720012,477.093590220971,243.54594555249943,2.0,0.25,0.5,0.25,0.0,1.0,4.0,36.0,12.0,11.0,23.0,-0.034299999475479126,-0.1554500013589859,0.12115000188350677,-1.2070000171661377,-0.11920999735593796,1.36667001247406,1.0566699504852295,1.840000033378601,0.5049999952316284,1.0,1.0,-0.06550709903240204,0.040409599883074535,0.0,0.0,0.47826087,94.09090909,0.47826087,84.81818182,0.04347826,86.0,-1.1893507242202759,0.10862406343221664,-0.050806157290935516,-10.812279311093418,0.9874914857474241,-5.080615729093552,0.33333333,0.36363636,0.34782609,0.75,0.75,0.75,0.47826087,0.66666667,0.08695652,1.0,1.0,2.0,0.0,1.0,3.0,4.0,0.25,0.25,0.5,0.0,0.25,0.75,Justin Anderson,16201,32.986688119343,0.47826087,,0.47826087,0.04347826,93.9181795987216,,84.81818181818181,86.4000015258789,-4.457272616299716,,4.0227272727272725,-6.590000152587891,9.94999972256747,,2.5799999237060547,9.199999809265137,-1.1893506795167923,,0.10862406343221664,-0.050806157290935516,-10.812278904698113,,0.9874914857474241,-5.080615729093552,0.23076923,0.5,0.34782609,0.66666667,0.8,0.75,0.43478261,0.47826087,0.04347826,,0.47826087,94.13060413707386,86.5186996459961,,84.97831032492898,-3.835420781915838,-5.676660060882568,,4.992402857000178,8.872489235617898,7.406149864196777,,1.189550139687278,-1.1893506795167923,-0.050806157290935516,,0.10862406343221664,-10.812278904698113,-5.080615729093552,,0.9874914857474241,0.23076923,0.5,0.34782609,0.66666667,0.8,0.75,0.43478261,4.0,89.125,5.75,1.0,0.25,103.7,1.0,0.25,2019-07-15,0
18,SEA,1,2019,LAA,H,26,0.0,0.0,27.000028163224034,1.0,0.0,0.0,0.0,0.0,0.0,0.0,0.1,2.0,0.0,1.0,1.0,0.0,0.0,0.0,0.0,1.0,0.0,2.0,54.00005632644807,0.0,0.0,2.0,0.0,0.0,0.0,0.0,0.0,0.0,0.0,0.0,0.0,1.0,0.0,1.0,0.11357593488693318,0.0,0.0,0.0,0.0,1.0,-8.786002564443292,35.786030727667324,-8.786002564443292,588.4068029141249,-187.47215226993805,-189.4143642394533,0.0,0.0,0.0,0.0,0.0,0.0,0.0,0.0,4.0,9.0,13.0,-0.008049990050494671,-0.017100000753998756,0.009050009772181511,-0.15000000596046448,-0.014814799651503563,0.3400000035762787,0.35166698694229126,0.3050000071525574,0.7049999833106995,1.0,1.0,-0.01592780090868473,-0.007748640167259738,0.0,0.0,0.53846154,94.57142857,0.46153846,84.66666667,,,0.34383583068847656,-0.3039305508136749,,4.911940438406808,-5.065509180227915,,0.375,0.8,0.53846154,0.66666667,0.75,0.71428571,0.38461538,0.5,0.15384615,0.0,0.0,0.0,0.0,0.0,0.0,0.0,,,,,,,Justin Anderson,16201,-2.78977252781868,0.53846154,,0.46153846,,94.5142822265625,,84.51666768391927,,-3.4928572518484935,,2.818333307902018,,9.885713849748884,,3.9450000127156577,,0.34383584558963776,,0.22574035078287125,,4.911940651280539,,3.762339179714521,,0.33333333,0.71428571,0.53846154,0.5,0.8,0.71428571,0.53846154,0.53846154,,,0.46153846,94.72061593191964,,,84.62174987792969,-2.9030214037214006,,,3.5227553049723306,8.807999747140068,,,2.3927733103434243,0.34383584558963776,,,0.22574035078287125,4.911940651280539,,,3.762339179714521,0.33333333,0.71428571,0.53846154,0.5,0.8,0.71428571,0.53846154,0.0,,,0.0,,,0.0,,2019-07-13,0
19,@HOU,1,2019,LAA,A,26,0.0,0.0,0.0,1.0,0.0,0.0,0.0,0.0,0.0,0.0,0.2,3.0,0.0,0.0,0.0,0.0,1.0,0.0,0.0,0.0,0.0,2.0,27.000028163224034,13.500014081612017,0.0,2.0,0.0,0.0,0.0,0.0,0.0,0.0,0.0,0.0,0.0,0.66666667,0.33333333,0.33333334,4.998909176640265,0.0,0.0,1.5000015646235574,0.0,1.0,1.7140083879216093,-1.7140083879216093,1.7140083879216093,0.0,37.62283989811481,38.01261261418231,0.0,0.0,0.0,0.0,0.0,0.0,1.0,13.500014081612017,7.0,6.0,13.0,0.15500999987125397,-0.021719999611377716,0.17673000693321228,1.4249999523162842,0.14285700023174286,2.578670024871826,1.0175000429153442,2.0350000858306885,0.7609999775886536,1.0,1.0,0.05909780040383339,0.0010145824819756608,1.0,0.0,0.53846154,94.42857143,0.46153846,85.0,,,0.2854253947734833,-0.03954751044511795,,4.077505639621189,-0.6591251740852992,,0.14285714,0.83333333,0.46153846,0.0,0.8,0.66666667,0.46153846,0.33333333,0.15384615,0.0,0.0,0.0,0.0,0.0,0.0,0.0,,,,,,,Justin Anderson,16201,1.5797541845585494,0.53846154,,0.46153846,,94.41428920200893,,85.08333333333333,,-4.652857099260602,,3.668333371480306,,10.11857169015067,,1.8666666348775227,,0.2854253835976124,,-0.0522831454873085,,4.077505479965891,,-0.8713857581218084,,0.14285714,0.83333333,0.46153846,0.0,0.8,0.66666667,0.46153846,0.53846154,,,0.46153846,94.59525844029018,,,85.20001729329427,-4.1158855983189175,,,4.581851641337077,8.870617457798549,,,0.16849380731582642,0.2854253835976124,,,-0.0522831454873085,4.077505479965891,,,-0.8713857581218084,0.14285714,0.83333333,0.46153846,0.0,0.8,0.66666667,0.46153846,0.0,,,0.0,,,0.0,,2019-07-07,0
20,@HOU,1,2019,LAA,A,26,0.0,0.0,0.0,1.0,0.0,0.0,0.0,0.0,1.0,0.0,0.2,4.0,1.0,0.0,0.0,0.0,1.0,0.0,0.0,0.0,0.0,1.0,13.500014081612017,13.500014081612017,13.500014081612017,1.0,0.0,0.0,0.0,1.0,1.0,0.0,0.0,0.0,0.0,0.25,0.25,0.0,6.942638434886932,0.0,0.3333333333333333,3.0000031292471148,0.5,1.0,4.714011517168724,-4.714011517168724,7.697826648759376,0.0,101.93569480327278,167.62025809929523,0.0,0.5,0.0,0.5,0.0,0.0,0.0,0.0,7.0,13.0,20.0,-0.019689999520778656,-0.22583000361919403,0.20613999664783478,-0.09700000286102295,-0.009724309667944908,2.224250078201294,1.3890000581741333,1.3890000581741333,3.171999931335449,1.0,1.0,-0.03387080132961273,0.02501837969152896,0.0,0.0,0.4,94.375,0.6,84.75,,,-0.20854917168617249,-0.29539310932159424,,-2.606864646077156,-2.4616092443466187,,0.3,0.8,0.55,0.66666667,1.0,0.90909091,0.5,0.75,0.05,1.0,0.0,1.0,1.0,0.0,1.0,2.0,0.5,0.0,0.5,0.5,0.0,0.5,Justin Anderson,16201,7.551901831417014,0.35,0.05,0.6,,94.32856968470982,94.69999694824219,84.6749979654948,,-4.847142900739398,-8.420000076293945,3.0949999491373696,,9.744285583496094,7.090000152587891,3.626666704813639,,-0.22851601988077164,0.0,-0.29539310187101364,,-3.264514569725309,0.0,-2.4616091822584467,,0.3,0.8,0.55,0.66666667,1.0,0.90909091,0.5,0.35,,0.05,0.6,94.50958251953125,,94.92489624023438,84.82725016276042,-4.144682747977121,,-7.8391499519348145,4.194724082946777,8.714895520891462,,5.471909999847412,2.004947821299235,-0.22851601988077164,,0.0,-0.29539310187101364,-3.264514569725309,,0.0,-2.4616091822584467,0.3,0.8,0.55,0.66666667,1.0,0.90909091,0.5,2.0,91.19999694824219,43.5,0.0,0.0,102.4,1.0,0.5,2019-07-05,0
21,@TEX,1,2019,LAA,A,26,0.0,0.0,0.0,1.0,0.0,0.0,0.0,0.0,0.0,0.0,1.0,4.0,0.0,0.0,0.0,0.0,0.0,0.0,0.0,0.0,0.0,3.0,27.0,0.0,0.0,3.0,0.0,0.0,1.0,0.0,0.0,0.0,0.0,0.0,0.0,0.75,0.0,0.75,0.07626343488693288,0.0,0.0,0.0,0.0,1.0,-2.785990047454834,2.785990047454834,-2.785990047454834,0.0,-58.846308292551655,-59.455956194619844,1.0,0.0,1.0,0.0,0.0,0.0,0.0,0.0,8.0,12.0,20.0,0.05245999991893768,-0.012040000408887863,0.06449999660253525,0.656000018119812,0.05535859987139702,0.6480000019073486,0.9179999828338623,0.9179999828338623,0.8960000276565552,1.0,1.0,0.052380599081516266,0.028576190678552965,0.0,0.0,0.3,95.16666667,0.7,84.64285714,,,-0.24604563415050507,0.6213553547859192,,-4.100760569175085,4.438252534185137,,0.27272727,0.55555556,0.4,0.33333333,0.6,0.5,0.45,0.75,0.2,1.0,0.0,0.0,0.0,1.0,0.0,1.0,1.0,0.0,0.0,0.0,1.0,0.0,Justin Anderson,16201,-1.9045418776712386,0.3,,0.7,,95.01666259765625,,84.49285888671875,,-3.081666628519694,,4.9178570338657925,,8.946666717529297,,1.9964286259242467,,-0.24604563042521477,,0.6307278461754322,,-4.100760507086912,,4.505198901253087,,0.375,0.41666667,0.4,0.33333333,0.6,0.5,0.6,0.3,,,0.7,95.14573160807292,,,84.53514753069196,-2.6360983848571777,,,5.393405914306641,7.878068288167317,,,0.7797081811087472,-0.24604563042521477,,,0.6307278461754322,-4.100760507086912,,,4.505198901253087,0.375,0.41666667,0.4,0.33333333,0.6,0.5,0.6,1.0,83.5999984741211,-12.0,0.0,0.0,83.6,0.0,0.0,2019-07-03,0
22,@TEX,1,2019,LAA,A,26,0.0,0.0,0.0,1.0,0.0,0.0,0.0,0.0,1.0,0.0,1.0,4.0,1.0,0.0,0.0,0.0,0.0,0.0,0.0,0.0,0.0,2.0,18.0,0.0,9.0,2.0,0.0,0.0,1.0,0.0,1.0,0.0,0.0,0.0,0.0,0.5,0.0,0.5,0.7754509348869325,0.0,0.25,1.0,0.5,1.0,-0.7859900474548338,0.7859900474548338,-0.7859900474548338,0.0,-15.971116411469833,-16.136577217703145,1.0,0.5,0.5,0.0,0.0,0.0,2.0,18.0,1.0,9.0,10.0,0.07357999682426453,-0.017319999635219574,0.0908999964594841,0.656000018119812,0.05535859987139702,0.9160000085830688,1.2760000228881836,1.2760000228881836,0.4779999852180481,1.0,1.0,0.051848798990249634,0.02847870770713902,1.0,0.0,0.6,96.0,0.4,87.0,,,0.3521001935005188,-0.012893550097942352,,5.86833655834198,-0.3223387524485588,,0.33333333,0.85714286,0.7,0.0,0.5,0.42857143,0.7,0.75,0.4,2.0,0.0,0.0,0.0,1.0,1.0,2.0,1.0,0.0,0.0,0.0,0.5,0.5,Justin Anderson,16201,1.6795556555749434,0.6,,0.4,,95.98333740234375,,87.17500305175781,,-3.2800000508626304,,2.992500066757202,,9.861666361490885,,2.737499952316284,,0.3521001823246479,,-0.012893550097942352,,5.868336372077465,,-0.3223387524485588,,0.5,0.75,0.7,0.0,0.5,0.42857143,0.8,0.6,,,0.4,96.08251953125,,,87.16169738769531,-2.5334650675455728,,,3.76601243019104,8.721266428629557,,,1.3839117288589478,0.3521001823246479,,,-0.012893550097942352,5.868336372077465,,,-0.3223387524485588,0.5,0.75,0.7,0.0,0.5,0.42857143,0.8,2.0,92.25,4.5,0.0,0.0,93.2,0.0,0.0,2019-07-02,0
23,OAK,1,2019,LAA,H,26,0.0,0.0,0.0,1.0,0.0,0.0,0.0,0.0,0.0,0.0,0.0,3.0,1.0,2.0,0.0,0.0,1.0,0.0,0.0,0.0,0.0,0.0,0.0,9.0,9.0,0.0,0.0,0.0,0.0,1.0,1.0,0.0,0.0,0.0,0.0,0.0,0.33333333,-0.33333333,,0.0,0.5,2.0,0.5,0.0,6.214009952545166,-6.214009952545166,8.203217965364455,0.0,134.09205517231652,178.5668770871244,0.0,0.5,0.0,0.5,0.0,0.0,0.0,0.0,6.0,9.0,15.0,-0.016699999570846558,-0.016699999570846558,0.0,-4.541999816894531,-0.44859299063682556,0.1033329963684082,0.10999999940395355,0.2199999988079071,0.0,1.0,1.0,-0.12775999307632446,-0.033853433009829514,0.0,0.0,0.66666667,95.6,0.33333333,87.8,,,-0.319650262594223,-1.2061514854431152,,-3.1965026259422302,-24.123029708862305,,0.25,1.0,0.6,0.5,0.85714286,0.77777778,0.46666667,0.33333333,0.13333333,1.0,0.0,1.0,0.0,1.0,1.0,2.0,0.5,0.0,0.5,0.0,0.5,0.5,Justin Anderson,16201,16.460195912341188,0.66666667,,0.33333333,,95.50999755859375,,87.65999755859374,,-4.659000015258789,,2.484000015258789,,10.580999755859375,,2.328000068664551,,-0.3196502514183521,,-1.2061515338718891,,-3.1965025141835213,,-24.123030677437782,,0.25,1.0,0.6,0.5,0.85714286,0.77777778,0.46666667,0.66666667,,,0.33333333,95.64993896484376,,,87.69857788085938,-3.932051086425781,,,3.449285888671875,9.338745880126954,,,1.095986557006836,-0.3196502514183521,,,-1.2061515338718891,-3.1965025141835213,,,-24.123030677437782,0.25,1.0,0.6,0.5,0.85714286,0.77777778,0.46666667,2.0,100.60000610351562,24.0,0.0,0.0,109.8,1.0,0.5,2019-06-30,0
24,OAK,1,2019,LAA,H,26,0.0,0.0,0.0,1.0,0.0,0.0,0.0,0.0,0.0,0.0,1.0,4.0,0.0,0.0,0.0,0.0,1.0,0.0,0.0,0.0,0.0,0.0,0.0,9.0,0.0,0.0,0.0,0.0,0.0,3.0,0.0,0.0,0.0,0.0,0.0,0.0,0.25,-0.25,13.865700934886931,0.0,0.0,1.0,0.0,1.0,6.214009952545166,-6.214009952545166,12.181633991003036,0.0,134.09205517231652,264.73813285836263,0.0,0.0,0.0,1.0,0.0,0.0,1.0,9.0,6.0,8.0,14.0,0.000699999975040555,-9.999990288633853e-05,0.0007999999797903001,0.527999997138977,0.05214809998869896,0.009999999776482582,0.009999999776482582,0.009999999776482582,,0.0,1.0,0.07000000029802322,-1.2293458195866691e-09,0.0,0.0,0.42857143,95.66666667,0.57142857,84.875,,,-0.0038489997386932373,0.49883192777633667,,-0.0641499956448873,6.235399097204208,,0.25,1.0,0.57142857,0.5,1.0,0.875,0.42857143,0.75,0.07142857,0.0,1.0,2.0,0.0,3.0,0.0,3.0,0.0,0.33333333,0.66666667,0.0,1.0,0.0,Justin Anderson,16201,4.1313596596279,0.42857143,,0.57142857,,95.66666666666667,,84.7874984741211,,-3.5333334604899087,,5.34375,,10.051666895548502,,1.5512499809265137,,-0.0038489997386932373,,0.49883193522691727,,-0.0641499956448873,,6.235399190336466,,0.25,1.0,0.57142857,0.5,1.0,0.875,0.42857143,0.42857143,,,0.57142857,95.77864583333333,,,84.82430267333984,-2.8424498240152993,,,6.239593505859375,8.800604502360025,,,-0.054067645221948624,-0.0038489997386932373,,,0.49883193522691727,-0.0641499956448873,,,6.235399190336466,0.14285714,1.0,0.57142857,0.0,1.0,0.875,0.5,3.0,75.59999593098958,38.666666666666664,0.0,0.0,80.6,0.0,0.0,2019-06-28,0
25,@STL,1,2019,LAA,A,26,0.0,0.0,0.0,1.0,0.0,0.0,0.0,0.0,1.0,0.0,1.0,3.0,0.0,0.0,0.0,0.0,0.0,0.0,0.0,0.0,0.0,2.0,18.0,0.0,0.0,2.0,0.0,0.0,0.0,1.0,0.0,0.0,0.0,0.0,0.0,0.66666667,0.0,0.66666667,0.37224257761026613,0.0,0.0,0.0,0.0,1.0,-0.7859900474548338,0.7859900474548338,1.2032179653644564,0.0,-15.971116411469833,26.94905066791596,0.0,0.0,0.0,1.0,0.0,0.0,0.0,0.0,5.0,8.0,13.0,0.07255999743938446,0.0,0.07255999743938446,0.48899999260902405,0.05093749985098839,0.964667022228241,1.371999979019165,1.371999979019165,1.5260000228881836,1.0,1.0,0.07526739686727524,-4.9735469686063016e-05,1.0,0.0,0.53846154,95.28571429,0.46153846,85.5,,,0.2626749873161316,0.567059338092804,,3.75249981880188,9.450988968213398,,0.33333333,0.5,0.38461538,0.33333333,1.0,0.6,0.30769231,0.66666667,0.15384615,0.0,1.0,0.0,0.0,1.0,0.0,1.0,0.0,1.0,0.0,0.0,1.0,0.0,Justin Anderson,16201,-1.7037490203915746,0.53846154,,0.46153846,,95.14285714285714,,85.5,,-4.0085713522774835,,4.548333485921224,,10.094286237444196,,1.121666669845581,,0.2626749761402607,,0.5670593455433846,,3.752499659146581,,9.450989092389744,,0.16666667,0.57142857,0.38461538,0.0,0.75,0.6,0.53846154,0.53846154,,,0.46153846,95.38501848493304,,,85.66945393880208,-3.2782486506870816,,,5.322473208109538,9.22102791922433,,,-0.19015433390935263,0.2626749761402607,,,0.5670593455433846,3.752499659146581,,,9.450989092389744,0.16666667,0.57142857,0.38461538,0.0,0.75,0.6,0.53846154,1.0,93.69999694824219,56.0,0.0,0.0,93.7,0.0,0.0,2019-06-23,0
26,@STL,1,2019,LAA,A,26,0.0,0.0,0.0,1.0,0.0,0.0,0.0,0.0,0.0,0.0,0.2,4.0,1.0,0.0,0.0,0.0,1.0,0.0,0.0,0.0,0.0,0.0,0.0,13.500014081612017,13.500014081612017,0.0,0.0,0.0,1.0,0.0,2.0,0.0,0.0,0.0,0.0,0.0,0.25,-0.25,9.629200934886931,0.0,0.3333333333333333,3.0000031292471148,0.3333333333333333,1.0,7.714014646415839,-7.714014646415839,7.714014646415839,0.0,166.24854970843074,167.9708851019741,1.0,0.66666667,0.33333333,0.0,0.0,0.0,0.0,0.0,9.0,13.0,22.0,0.04774000123143196,-0.05503999814391136,0.10277999937534332,0.5139999985694885,0.053541701287031174,1.7300000190734863,0.5389999747276306,1.0779999494552612,0.7379999756813049,1.0,1.0,0.0033530299551784992,0.024242346174932445,0.0,0.0,0.45454545,95.1,0.54545455,83.75,,,-0.47580841183662415,0.23679842054843903,,-4.7580841183662415,1.9733201712369919,,0.18181818,0.81818182,0.5,1.0,0.77777778,0.81818182,0.5,0.75,0.09090909,0.0,2.0,1.0,0.0,1.0,2.0,3.0,0.0,0.66666667,0.33333333,0.0,0.33333333,0.66666667,Justin Anderson,16201,21.16713085276386,0.45454545,,0.54545455,,94.92000122070313,,83.65833536783855,,-4.472999954223633,,3.864166577657064,,10.049000549316407,,2.759166717529297,,-0.47580841556191444,,0.23679841682314873,,-4.758084155619144,,1.9733201401929061,,0.2,0.75,0.5,1.0,0.77777778,0.81818182,0.54545455,0.40909091,,0.04545455,0.54545455,95.29847547743056,,94.18479919433594,83.8360595703125,-3.7000634935167103,,-5.888289928436279,4.722052574157715,9.10854763454861,,7.443759918212891,1.3269291718800862,-0.5351211242377758,,0.05931270867586136,0.23679841682314873,-5.9457902693086195,,5.931270867586136,1.9733201401929061,0.2,0.75,0.5,1.0,0.77777778,0.81818182,0.54545455,3.0,90.66666666666667,11.333333333333334,0.0,0.0,101.8,2.0,0.66666667,2019-06-21,0
27,@TOR,1,2019,LAA,A,26,0.0,0.0,0.0,1.0,0.0,0.0,0.0,0.0,0.0,0.0,1.0,4.0,0.0,0.0,0.0,0.0,1.0,0.0,0.0,0.0,0.0,2.0,18.0,9.0,0.0,2.0,0.0,0.0,1.0,0.0,0.0,0.0,0.0,0.0,0.0,0.5,0.25,0.25,4.296575934886932,0.0,0.0,1.0,0.0,1.0,2.214009952545166,-2.214009952545166,2.214009952545166,0.0,48.341671410152884,48.84249124767191,1.0,0.0,1.0,0.0,0.0,0.0,0.0,0.0,12.0,16.0,28.0,0.009163999930024147,-0.005435959901660681,0.014600000344216824,0.5509999990463257,0.05277780070900917,0.15569999814033508,0.22759999334812164,0.22759999334812164,,0.0,1.0,0.03350890055298805,0.02534787555155934,0.0,0.0,0.53571429,95.06666667,0.42857143,82.33333333,0.03571429,86.0,0.5553240180015564,-0.0475674532353878,-0.04190467298030853,3.702160120010376,-0.3963954436282317,-4.190467298030853,0.36363636,1.0,0.5,0.75,0.83333333,0.78571429,0.21428571,1.0,0.10714286,0.0,1.0,0.0,0.0,0.0,1.0,1.0,0.0,1.0,0.0,0.0,0.0,1.0,Justin Anderson,16201,1.519507082872879,0.53571429,,0.42857143,0.03571429,95.04666341145834,,82.26666768391927,86.0999984741211,-3.9459999084472654,,6.247500101725261,-6.130000114440918,9.142666625976563,,0.21083335081736246,8.239999771118164,0.5553239919245243,,-0.0475674532353878,-0.04190467298030853,3.7021599461634955,,-0.3963954436282317,-4.190467298030853,0.3,1.0,0.5,0.66666667,0.875,0.78571429,0.28571429,0.53571429,0.03571429,,0.42857143,95.31514485677083,86.29989624023438,,82.46394348144531,-3.2729787190755206,-5.826819896697998,,7.031070073445638,8.316983032226563,6.397299766540527,,-1.2379921277364094,0.5553239919245243,-0.04190467298030853,,-0.0475674532353878,3.7021599461634955,-4.190467298030853,,-0.3963954436282317,0.3,1.0,0.5,0.66666667,0.875,0.78571429,0.28571429,1.0,94.30000305175781,2.0,0.0,0.0,94.3,0.0,0.0,2019-06-19,0
28,@TOR,1,2019,LAA,A,26,0.0,0.0,0.0,1.0,0.0,0.0,0.0,0.0,0.0,0.0,1.0,3.0,0.0,0.0,0.0,0.0,0.0,0.0,0.0,0.0,0.0,0.0,0.0,0.0,0.0,0.0,0.0,0.0,1.0,2.0,0.0,0.0,0.0,0.0,0.0,0.0,0.0,0.0,7.798242582960266,0.0,0.0,0.0,0.0,1.0,3.214009952545166,-3.214009952545166,7.1924259781837465,0.0,69.7792673506938,156.67343650736848,0.5,0.0,0.33333333,0.66666667,0.0,0.0,0.0,0.0,3.0,4.0,7.0,0.009163989685475826,0.0,0.009163989685475826,0.5509999990463257,0.05277780070900917,0.11533299833536148,0.22759999334812164,0.22759999334812164,,0.0,1.0,0.08313810080289841,-0.0036813120456246212,0.0,0.0,0.85714286,96.0,0.14285714,83.0,,,0.8083223700523376,-0.02982518821954727,,13.472039500872294,-2.982518821954727,,0.4,1.0,0.57142857,1.0,1.0,1.0,0.28571429,0.66666667,0.0,1.0,1.0,1.0,0.0,3.0,0.0,3.0,0.33333333,0.33333333,0.33333333,0.0,1.0,0.0,Justin Anderson,16201,0.9781061885920365,0.42857143,0.42857143,0.14285714,,95.7999979654948,95.66666666666667,83.0,,-5.4433333079020185,-7.626667022705078,6.190000057220459,,9.876666386922201,8.086666742960611,2.2300000190734863,,0.18317687138915062,0.625145498663187,-0.02982518821954727,,6.105895712971687,20.838183288772903,-2.982518821954727,,0.33333333,0.75,0.57142857,1.0,1.0,1.0,0.57142857,0.28571429,,0.57142857,0.14285714,96.54850006103516,,95.59967041015625,83.1063003540039,-4.942564964294434,,-6.925604820251465,6.84404993057251,9.471124649047852,,6.971650123596191,0.7700520157814026,0.23398302868008614,,0.5743393413722515,-0.02982518821954727,11.699151434004307,,14.358483534306288,-2.982518821954727,0.33333333,0.75,0.57142857,1.0,1.0,1.0,0.57142857,3.0,80.43333435058594,47.333333333333336,0.0,0.0,81.3,0.0,0.0,2019-06-17,0
29,@TBR,1,2019,LAA,A,26,0.0,0.0,0.0,1.0,0.0,0.0,0.0,0.0,0.0,0.0,0.1,1.0,0.0,0.0,0.0,0.0,0.0,0.0,0.0,0.0,0.0,0.0,0.0,0.0,0.0,0.0,0.0,0.0,1.0,0.0,0.0,0.0,0.0,0.0,0.0,0.0,0.0,0.0,-0.7324240651130678,0.0,0.0,0.0,0.0,1.0,3.2140099525451666,-3.2140099525451666,3.2140099525451666,0.0,69.7792673506938,70.50218073613026,1.0,0.0,1.0,0.0,0.0,0.0,0.0,0.0,2.0,4.0,6.0,0.003633999964222312,0.0,0.003633999964222312,0.6140000224113464,0.06173960119485855,0.11779999732971191,0.05889999866485596,0.11779999732971191,0.022600000724196434,1.0,1.0,0.030848899856209755,-3.026008110751377e-09,0.0,0.0,0.66666667,94.75,0.33333333,84.5,,,0.08105181157588959,0.151657834649086,,2.0262952893972397,7.5828917324543,,0.66666667,,0.66666667,0.75,,0.75,,1.0,0.16666667,0.0,0.0,1.0,0.0,1.0,0.0,1.0,0.0,0.0,1.0,0.0,1.0,0.0,Justin Anderson,16201,1.3697567671375137,0.66666667,,0.33333333,,94.60000610351562,,84.6500015258789,,-5.257500171661377,,5.235000133514404,,10.387499809265137,,1.4100000858306885,,0.08105180785059929,,0.151657834649086,,2.0262951962649822,,7.5828917324543,,0.6,1.0,0.66666667,0.66666667,1.0,0.75,0.16666667,0.66666667,,,0.33333333,94.9959716796875,,,84.97770690917969,-4.7738752365112305,,,5.615524768829346,9.48631763458252,,,-0.05256250500679016,0.08105180785059929,,,0.151657834649086,2.0262951962649822,,,7.5828917324543,0.6,1.0,0.66666667,0.66666667,1.0,0.75,0.16666667,1.0,69.30000305175781,-6.0,0.0,0.0,69.3,0.0,0.0,2019-06-14,0
30,@TBR,1,2019,LAA,A,26,0.0,0.0,0.0,1.0,0.0,0.0,0.0,0.0,1.0,0.0,0.1,1.0,0.0,0.0,0.0,0.0,0.0,0.0,0.0,0.0,0.0,1.0,27.000028163224034,0.0,0.0,1.0,0.0,0.0,0.0,0.0,0.0,0.0,0.0,0.0,0.0,1.0,0.0,1.0,0.11357593488693318,0.0,0.0,0.0,0.0,1.0,-2.785996305949063,2.785996305949063,-2.785996305949063,0.0,-58.846442459622125,-59.456091751661525,0.0,0.0,0.0,0.0,0.0,0.0,0.0,0.0,2.0,4.0,6.0,0.04356199875473976,0.0,0.04356199875473976,0.23600000143051147,0.023730499669909477,1.5182000398635864,0.7591000199317932,1.5182000398635864,1.86899995803833,1.0,1.0,0.028693199157714844,-1.1428215179742907e-08,0.0,0.0,0.33333333,94.5,0.66666667,83.75,,,-0.04190467298030853,0.32669275999069214,,-2.0952336490154266,8.167318999767303,,0.5,1.0,0.66666667,0.5,0.5,0.5,0.33333333,1.0,0.33333333,0.0,0.0,0.0,0.0,0.0,0.0,0.0,,,,,,,Justin Anderson,16201,-2.78977252781868,0.33333333,,0.66666667,,94.75,,83.95000457763672,,-4.550000190734863,,4.992499828338623,,10.854999542236328,,2.130000114440918,,-0.04190467298030853,,0.3139571361243725,,-2.0952336490154266,,7.848928403109312,,0.5,1.0,0.66666667,0.5,0.5,0.5,0.33333333,0.33333333,,,0.66666667,95.13545227050781,,,84.19557189941406,-3.5961151123046875,,,5.514337539672852,9.728705406188965,,,0.5444334745407104,-0.04190467298030853,,,0.3139571361243725,-2.0952336490154266,,,7.848928403109312,0.5,1.0,0.66666667,0.5,0.5,0.5,0.33333333,0.0,,,0.0,,,0.0,,2019-06-13,0
31,LAD,1,2019,LAA,H,26,0.0,0.0,0.0,1.0,0.0,0.0,0.0,0.0,0.0,0.0,1.1,6.0,0.0,0.0,0.0,0.0,2.0,0.0,0.0,0.0,0.0,0.0,0.0,13.500033393584838,0.0,0.0,0.0,0.0,2.0,2.0,0.0,0.0,0.0,0.0,0.0,0.0,0.33333333,-0.33333333,12.176242516566932,0.0,0.0,1.5000037103983153,0.0,1.0,7.714021083740112,-7.714021083740112,10.697840483723107,0.0,166.24868770918746,232.59962622568878,1.0,0.0,0.5,0.5,0.0,0.0,0.0,0.0,14.0,16.0,30.0,0.07180000096559525,-0.03384999930858612,0.10565000027418137,0.7689999938011169,0.07595060020685196,0.8450000286102295,0.8816670179367065,0.7549999952316284,0.949999988079071,1.0,1.0,0.0432174988090992,0.04175291365785021,1.0,0.0,0.53333333,94.25,0.43333333,84.38461538,0.03333333,86.0,0.8222712874412537,-0.3534192442893982,-0.08923399448394775,5.139195546507835,-2.718609571456909,-8.923399448394775,0.16666667,0.91666667,0.46666667,1.0,1.0,1.0,0.4,0.33333333,0.0,1.0,0.0,3.0,0.0,3.0,1.0,4.0,0.25,0.0,0.75,0.0,0.75,0.25,Justin Anderson,16201,6.2295554311396835,0.43333333,0.1,0.43333333,0.03333333,94.10769418569711,94.7000020345052,84.3230731670673,86.30000305175781,-5.0838458721454325,-8.329999923706055,3.8823077862079325,-5.28000020980835,10.383846576397236,8.333333333333334,3.233846224271334,10.819999694824219,0.8180926330387592,-0.01162927970290184,-0.3534192554652691,-0.08923399448394775,6.293020254144302,-0.3876426567633947,-2.718609657425147,-8.923399448394775,0.21052632,0.90909091,0.46666667,1.0,1.0,1.0,0.36666667,0.43333333,,0.13333333,0.43333333,93.65457857572116,,94.45365142822266,84.33597506009616,-4.350472376896785,,-7.481302738189697,4.650525900033804,9.432606036846455,,7.281160354614258,1.7535240466778095,0.3951965756714344,,0.32203278318047523,-0.3534192554652691,3.039973659011034,,8.05081957951188,-2.718609657425147,0.21052632,0.90909091,0.46666667,1.0,1.0,1.0,0.36666667,4.0,84.5250015258789,21.5,0.0,0.0,99.2,1.0,0.25,2019-06-11,0
32,SEA,1,2019,LAA,H,26,0.0,0.0,0.0,1.0,0.0,0.0,0.0,0.0,0.0,0.0,1.0,3.0,0.0,0.0,0.0,0.0,0.0,0.0,0.0,0.0,0.0,1.0,9.0,0.0,0.0,1.0,0.0,0.0,0.0,1.0,1.0,0.0,0.0,0.0,0.0,0.33333333,0.0,0.33333333,3.0690204035958213,0.0,0.0,0.0,0.0,1.0,1.2140099525451662,-1.2140099525451662,3.2032179653644564,0.0,26.904075469611982,70.26842964483266,0.0,0.5,0.0,0.5,0.0,0.0,0.0,0.0,4.0,6.0,10.0,0.00019997400522697717,0.0,0.00019997400522697717,0.527999997138977,0.05214809998869896,0.0,0.0,0.0,,0.0,1.0,0.0,,0.0,0.0,0.5,95.2,0.4,84.5,0.1,87.0,0.29629310965538025,0.2886415123939514,0.22353282570838928,5.925862193107605,7.216037809848785,22.353282570838928,0.2,0.8,0.5,0.0,1.0,0.8,0.5,0.33333333,0.1,0.0,2.0,0.0,0.0,1.0,1.0,2.0,0.0,1.0,0.0,0.0,0.5,0.5,Justin Anderson,16201,3.5221181679933045,0.5,,0.4,0.1,95.2,,84.3499984741211,87.0999984741211,-4.288000106811523,,5.222499847412109,-6.130000114440918,9.916000366210938,,2.262500047683716,8.75,0.33845731243491173,,0.2886415272951126,0.2329053282737732,6.7691462486982354,,7.216038182377815,23.29053282737732,0.28571429,1.0,0.5,0.5,1.0,0.8,0.3,0.4,0.1,0.1,0.4,95.3322982788086,87.13099670410156,95.17520141601562,84.33387756347656,-3.222407579421997,-5.568630218505859,-5.920810222625732,6.010692596435547,9.408174514770508,6.988110065460205,7.004940032958984,0.6045782566070557,0.039147134870290756,0.2329053282737732,0.29931017756462097,0.2886415272951126,0.9786783717572689,23.29053282737732,29.931017756462097,7.216038182377815,0.33333333,0.75,0.5,0.5,1.0,0.8,0.4,2.0,86.75,35.5,0.0,0.0,93.2,0.0,0.0,2019-06-08,0
33,OAK,1,2019,LAA,H,26,0.0,0.0,0.0,1.0,0.0,0.0,0.0,0.0,1.0,0.0,1.0,4.0,2.0,0.0,0.0,0.0,0.0,0.0,0.0,0.0,0.0,1.0,9.0,0.0,18.0,1.0,0.0,0.0,2.0,1.0,0.0,1.0,0.0,0.0,0.0,0.25,0.0,0.25,2.6178884348869325,0.0,0.5,2.0,0.6666666666666666,1.0,1.2140099525451662,-1.2140099525451662,3.2032179653644564,0.0,26.904075469611982,70.26842964483266,2.0,0.0,0.66666667,0.33333333,1.0,0.0,0.0,0.0,5.0,8.0,13.0,0.08160000294446945,-0.09430000185966492,0.17589999735355377,0.527999997138977,0.05214809998869896,1.6490000486373901,1.4450000524520874,1.4450000524520874,1.725000023841858,1.0,1.0,-0.0061095100827515125,0.05559404649128441,1.0,0.0,0.23076923,95.0,0.76923077,84.4,,,0.1916126012802124,-0.8950867652893066,,6.387086709340413,-8.950867652893066,,0.11111111,0.75,0.30769231,0.0,1.0,0.75,0.30769231,0.5,0.07692308,2.0,1.0,0.0,1.0,1.0,1.0,3.0,0.66666667,0.33333333,0.0,0.33333333,0.33333333,0.33333333,Justin Anderson,16201,-0.7625751031523943,0.15384615,0.07692308,0.76923077,,94.5,96.0,84.25999755859375,,-5.625,-7.190000057220459,4.0279998779296875,,10.46500015258789,8.600000381469727,2.7709999084472656,,-0.03891072794795036,-0.10435162484645844,-0.8950867541134357,,-1.9455363973975182,-10.435162484645844,-8.950867541134357,,0.14285714,0.5,0.30769231,0.0,1.0,0.75,0.46153846,0.07692308,,0.15384615,0.76923077,94.52339935302734,,95.54440307617188,84.335693359375,-3.7288498878479004,,-5.992105007171631,4.884875106811523,9.901169776916504,,7.742975234985352,1.2406538009643555,0.0,,-0.1432623527944088,-0.8950867541134357,0.0,,-7.16311763972044,-8.950867541134357,0.14285714,0.5,0.30769231,0.0,1.0,0.75,0.46153846,3.0,95.44999694824219,-3.0,0.0,0.0,100.4,1.0,0.33333333,2019-06-05,0
34,@CHC,1,2019,LAA,A,26,0.0,0.0,27.000028163224034,1.0,0.0,0.0,0.0,0.0,0.0,0.0,0.1,4.0,2.0,1.0,1.0,0.0,1.0,0.0,0.0,0.0,0.0,0.0,0.0,27.000028163224034,54.00005632644807,0.0,0.0,0.0,1.0,2.0,0.0,0.0,0.0,0.0,0.0,0.0,0.25,-0.25,10.824950934886932,0.0,0.6666666666666666,9.000009387741345,0.6666666666666666,0.66666667,12.214019340286512,14.786008822937522,24.14927986664912,588.4068029141249,262.7178320661677,523.9536264326861,0.5,0.0,0.33333333,0.66666667,0.0,0.0,0.0,0.0,7.0,9.0,16.0,-0.08938000351190567,-0.08938000351190567,0.0,-2.8489999771118164,-0.28348299860954285,0.5070000290870667,0.6809999942779541,1.3619999885559082,0.09799999743700027,1.0,1.0,-0.1358110010623932,-0.040480908965399964,0.0,1.0,0.625,94.7,0.375,83.33333333,,,-1.2557361125946045,-0.22410525381565094,,-12.557361125946045,-3.7350875635941825,,0.125,0.625,0.375,1.0,1.0,1.0,0.5,0.5,0.0,1.0,0.0,2.0,1.0,2.0,0.0,3.0,0.33333333,0.0,0.66666667,0.33333333,0.66666667,0.0,Justin Anderson,16201,4.388461481091011,0.4375,0.1875,0.375,,94.58571079799107,94.43332926432292,83.21666463216145,,-5.705714089529855,-8.446666717529297,5.185000101725261,,9.602857317243304,8.829999923706055,1.4316666920979817,,-1.3642805218696594,0.10854440554976463,-0.22410525754094124,,-19.489721740995133,3.618146851658821,-3.735087625682354,,0.0,0.66666667,0.375,,1.0,1.0,0.5625,0.375,,0.25,0.375,94.84996541341145,,94.41864776611328,83.27313232421875,-4.7482115427653,,-7.693312644958496,6.0603682200113935,8.516873041788736,,7.79859733581543,0.00496181845664978,-1.302238829433918,,0.04650271311402321,-0.22410525754094124,-21.7039804905653,,1.1625678278505802,-3.735087625682354,0.0,0.66666667,0.375,,1.0,1.0,0.5625,3.0,84.63333129882812,18.333333333333332,1.0,0.33333333,100.8,1.0,0.33333333,2019-06-03,0
35,@SEA,1,2019,LAA,A,26,0.0,0.0,0.0,1.0,0.0,0.0,0.0,0.0,0.0,0.0,1.0,3.0,0.0,0.0,0.0,0.0,0.0,0.0,0.0,0.0,0.0,2.0,18.0,0.0,0.0,2.0,0.0,0.0,1.0,0.0,0.0,0.0,0.0,0.0,0.0,0.66666667,0.0,0.66666667,0.03802038111915462,0.0,0.0,0.0,0.0,1.0,-0.7859900474548338,0.7859900474548338,-0.7859900474548338,0.0,-15.971116411469833,-16.136577217703145,1.0,0.0,1.0,0.0,0.0,0.0,0.0,0.0,4.0,8.0,12.0,0.03172000125050545,0.0,0.03172000125050545,0.5109999775886536,0.05161619931459427,0.41533300280570984,0.5400000214576721,0.5400000214576721,,0.0,1.0,0.07640430331230164,-3.1847869978257615e-05,0.0,0.0,0.41666667,94.2,0.58333333,83.14285714,,,0.22747644782066345,0.5305930972099304,,4.549528956413269,7.579901388713292,,0.33333333,0.5,0.41666667,0.0,1.0,0.6,0.5,0.33333333,0.16666667,1.0,0.0,0.0,0.0,1.0,0.0,1.0,1.0,0.0,0.0,0.0,1.0,0.0,Justin Anderson,16201,-1.5896333252957513,0.25,0.16666667,0.58333333,,94.13333129882812,94.35000610351562,82.97142682756696,,-5.106666564941406,-8.505000114440918,5.75,,10.193333943684896,7.760000228881836,2.3757141658238004,,-0.03505837544798851,0.26253483071923256,0.5493381284177303,,-1.1686125149329505,13.126741535961628,7.8476875488247195,,0.33333333,0.5,0.41666667,0.0,1.0,0.6,0.5,0.33333333,,0.08333333,0.58333333,94.45169830322266,,94.70490264892578,83.16868373325893,-4.677042484283447,,-9.15388011932373,7.003054482596261,8.42968463897705,,5.724100112915039,0.8892027309962681,0.010514594614505768,,0.21696186065673828,0.5493381284177303,0.2628648653626442,,21.696186065673828,7.8476875488247195,0.4,0.42857143,0.41666667,0.0,1.0,0.6,0.58333333,1.0,84.80000305175781,-25.0,0.0,0.0,84.8,0.0,0.0,2019-05-31,0
36,@OAK,1,2019,LAA,A,26,0.0,0.0,54.00005632644807,1.0,0.0,0.0,0.0,0.0,0.0,0.0,0.1,4.0,1.0,2.0,2.0,0.0,1.0,0.0,1.0,0.0,0.0,0.0,0.0,27.000028163224034,27.000028163224034,0.0,0.0,0.0,1.0,0.0,1.0,0.0,0.0,0.0,0.0,0.0,0.25,-0.25,9.629200934886931,0.0,0.5,6.0000062584942295,0.5,0.33333333,21.214028728027856,32.78602759842021,21.214028728027856,1176.8136058282498,455.65639678164155,460.37699819950564,1.0,0.5,0.5,0.0,0.0,0.0,0.0,0.0,6.0,7.0,13.0,-0.13544000685214996,-0.18276000022888184,0.04732000082731247,-1.687000036239624,-0.16937799751758575,1.8248000144958496,0.7124000191688538,0.7124000191688538,2.535599946975708,1.0,1.0,-0.13111799955368042,0.05689616385867746,0.0,1.0,0.76923077,95.7,0.23076923,84.66666667,,,-0.7160602807998657,-0.3592110872268677,,-7.160602807998657,-11.973702907562256,,0.14285714,0.5,0.30769231,1.0,1.0,1.0,0.46153846,0.25,0.0,1.0,0.0,1.0,0.0,1.0,1.0,2.0,0.5,0.0,0.5,0.0,0.5,0.5,Justin Anderson,16201,25.287382484058565,0.69230769,0.07692308,0.23076923,,95.57777913411458,95.0999984741211,84.46666463216145,,-6.394444359673394,-8.289999961853027,4.409999847412109,,10.20111083984375,9.460000038146973,1.933333396911621,,-0.6771495379507542,-0.03891072794795036,-0.3592110946774483,,-7.52388375500838,-3.8910727947950363,-11.973703155914944,,0.0,0.5,0.30769231,,1.0,1.0,0.61538462,0.76923077,,,0.23076923,95.6913330078125,,,84.53356424967448,-5.722420120239258,,,5.399576822916667,9.050730133056641,,,0.8350699742635092,-0.7160602658987045,,,-0.3592110946774483,-7.160602658987044,,,-11.973703155914944,0.0,0.5,0.30769231,,1.0,1.0,0.61538462,2.0,84.35000610351562,12.5,0.0,0.0,99.3,1.0,0.5,2019-05-29,0
37,TEX,1,2019,LAA,H,26,0.0,0.0,9.0,1.0,0.0,0.0,0.0,1.0,0.0,0.0,1.0,6.0,1.0,1.0,1.0,0.0,1.0,0.0,0.0,1.0,0.0,2.0,18.0,9.0,9.0,2.0,0.0,0.0,1.0,1.0,1.0,0.0,0.0,0.0,0.0,0.33333333,0.16666667,0.16666666,4.248242687620266,0.0,0.2,2.0,0.3333333333333333,0.5,2.214009952545166,6.785990047454834,4.203217965364456,196.1353963860006,48.341671410152884,91.928119133291,1.0,0.33333333,0.33333333,0.33333333,0.0,0.0,0.0,0.0,12.0,17.0,29.0,0.07784999907016754,-0.32444998621940613,0.40230000019073486,-0.47200000286102295,-0.0466172993183136,3.8708300590515137,1.5499999523162842,1.5499999523162842,,0.0,1.0,-0.0479171983897686,0.06802916349351265,1.0,0.0,0.48275862,94.21428571,0.51724138,83.6,,,0.5084719657897949,-1.0445542335510254,,3.6319426127842496,-6.963694890340169,,0.29411765,0.66666667,0.44827586,0.6,0.75,0.69230769,0.4137931,0.5,0.13793103,2.0,0.0,1.0,0.0,1.0,2.0,3.0,0.66666667,0.0,0.33333333,0.0,0.33333333,0.66666667,Justin Anderson,16201,3.6858565846641076,0.44827586,0.03448276,0.51724138,,94.1999981219952,94.4000015258789,83.43333333333334,,-5.552307715782752,-7.409999847412109,4.5653330485026045,,10.871538602388823,8.069999694824219,2.3006665547688803,,0.44316796585917473,0.06530402600765228,-0.5276189483702183,,3.4089843527628823,6.530402600765228,-3.5174596558014555,,0.3125,0.61538462,0.44827586,0.6,0.75,0.69230769,0.44827586,0.44827586,,0.03448276,0.51724138,94.41241924579327,,94.6404037475586,83.5745849609375,-4.953480060283955,,-6.826749801635742,5.435783386230469,9.72981673020583,,6.7323198318481445,0.5906233469645182,0.44316796585917473,,0.06530402600765228,-0.5276189483702183,3.4089843527628823,,6.530402600765228,-3.5174596558014555,0.3125,0.61538462,0.44827586,0.6,0.75,0.69230769,0.44827586,3.0,100.76666259765625,15.0,0.0,0.0,107.8,2.0,0.66666667,2019-05-26,0
38,TEX,1,2019,LAA,H,26,0.0,0.0,9.0,1.0,0.0,0.0,0.0,0.0,1.0,0.0,1.0,6.0,2.0,1.0,1.0,0.0,1.0,0.0,0.0,0.0,0.0,3.0,27.0,9.0,18.0,3.0,0.0,0.0,0.0,1.0,1.0,0.0,0.0,0.0,0.0,0.5,0.16666667,0.33333333,2.783881540106377,0.0,0.4,3.0,1.0,0.66666667,0.2140099525451662,8.785990047454835,2.2032179653644564,196.1353963860006,5.466479529071075,48.60874015637431,0.0,0.5,0.0,0.5,0.0,0.0,0.0,0.0,10.0,17.0,27.0,-0.03714999929070473,-0.22214999794960022,0.1850000023841858,-0.47200000286102295,-0.0466172993183136,1.8816699981689453,1.2400000095367432,1.2400000095367432,1.725000023841858,1.0,1.0,-0.061074599623680115,0.04133149943775197,0.0,0.0,0.44444444,95.0,0.51851852,84.78571429,0.03703704,91.0,0.3647401034832001,-1.4240648746490479,0.07420551031827927,3.0395008623600006,-10.171891961778913,7.420551031827927,0.375,0.81818182,0.55555556,0.33333333,0.88888889,0.66666667,0.40740741,0.5,0.18518519,2.0,0.0,0.0,0.0,0.0,2.0,2.0,1.0,0.0,0.0,0.0,0.0,1.0,Justin Anderson,16201,2.5810232391917993,0.44444444,,0.51851852,0.03703704,94.86666870117188,,84.77857317243304,90.5,-4.454166730244954,,4.339999880109515,-8.319999694824219,10.289166768391928,,1.5464285441807337,7.96999979019165,0.3647400960326195,,-1.4368005208671093,0.07420551031827927,3.0395008002718287,,-10.262860863336495,7.420551031827927,0.4,0.75,0.55555556,0.33333333,0.88888889,0.66666667,0.44444444,0.44444444,0.03703704,,0.51851852,95.10744222005208,90.67070007324219,,84.92066301618304,-3.853695869445801,-7.782090187072754,,5.182734898158482,9.059458414713541,6.570819854736328,,0.01623428293636867,0.3647400960326195,0.07420551031827927,,-1.4368005208671093,3.0395008002718287,7.420551031827927,,-10.262860863336495,0.375,0.81818182,0.55555556,0.33333333,0.88888889,0.66666667,0.40740741,2.0,93.05000305175781,22.0,0.0,0.0,100.7,1.0,0.5,2019-05-24,0
39,MIN,1,2019,LAA,H,26,0.0,0.0,18.0,1.0,0.0,0.0,0.0,0.0,0.0,1.0,1.0,5.0,2.0,2.0,2.0,1.0,0.0,0.0,0.0,0.0,0.0,1.0,9.0,0.0,18.0,1.0,0.0,0.0,0.0,2.0,2.0,0.0,0.0,0.0,0.0,0.2,0.0,0.2,5.041815934886933,9.0,0.4,2.0,0.3333333333333333,0.0,14.214009952545165,3.7859900474548347,5.1924259781837465,392.2707927720012,305.59282269664374,113.35405753045175,0.0,0.5,0.0,0.5,0.0,0.5,0.0,0.0,3.0,11.0,14.0,-0.22314999997615814,-0.30000001192092896,0.07684999704360962,-1.8420000076293945,-0.18192599713802338,1.2569999694824219,0.7325000166893005,1.465000033378601,1.5449999570846558,1.0,1.0,-0.10129799693822861,-0.07622786256361502,0.0,1.0,0.5,94.42857143,0.5,84.0,,,0.45945844054222107,-1.7270170450210571,,6.563692007746015,-24.671672071729386,,0.57142857,0.57142857,0.57142857,0.75,1.0,0.875,0.5,0.8,0.07142857,3.0,0.0,1.0,0.0,2.0,2.0,4.0,0.75,0.0,0.25,0.0,0.5,0.5,Justin Anderson,16201,21.337828388525963,0.5,,0.5,,94.57142857142857,,83.79999651227679,,-5.278571537562779,,4.968571254185268,,10.03285653250558,,1.189999989100865,,0.4594584330916405,,-1.7270170897245407,,6.56369190130915,,-24.67167271035058,,0.33333333,0.75,0.57142857,0.5,1.0,0.875,0.57142857,0.5,,,0.5,94.9197998046875,,,84.03695242745536,-4.41742433820452,,,5.696771349225726,8.830104282924108,,,-0.39711427688598633,0.4594584330916405,,,-1.7270170897245407,6.56369190130915,,,-24.67167271035058,0.33333333,0.75,0.57142857,0.5,1.0,0.875,0.57142857,4.0,88.875,29.0,1.0,0.25,105.5,1.0,0.25,2019-05-21,0
40,MIN,1,2019,LAA,H,26,0.0,0.0,0.0,1.0,0.0,0.0,0.0,0.0,0.0,0.0,1.0,5.0,1.0,0.0,0.0,0.0,1.0,0.0,0.0,0.0,0.0,1.0,9.0,9.0,9.0,1.0,0.0,0.0,1.0,0.0,2.0,0.0,0.0,0.0,0.0,0.2,0.2,0.0,6.058495934886934,0.0,0.25,2.0,0.3333333333333333,1.0,4.214009952545166,-4.214009952545166,4.214009952545166,0.0,91.2168632912347,92.16187022458861,1.0,0.66666667,0.33333333,0.0,0.0,0.0,1.0,9.0,13.0,15.0,28.0,0.058400001376867294,-0.04884999990463257,0.10724999755620956,0.527999997138977,0.05214809998869896,1.184000015258789,1.0049999952316284,1.0049999952316284,1.8600000143051147,1.0,1.0,0.017397399991750717,0.0319269248598015,0.0,0.0,0.46428571,94.84615385,0.5,84.57142857,0.03571429,89.0,-0.08496610075235367,0.17781397700309753,-0.08923399448394775,-0.6535853904027205,1.270099835736411,-8.923399448394775,0.25,0.75,0.46428571,0.75,0.88888889,0.84615385,0.42857143,0.4,0.07142857,1.0,1.0,1.0,0.0,2.0,1.0,3.0,0.33333333,0.33333333,0.33333333,0.0,0.66666667,0.33333333,Justin Anderson,16201,11.095382045682031,0.39285714,0.07142857,0.5,0.03571429,94.87272505326705,94.5999984741211,84.62142508370536,88.9000015258789,-4.938181790438565,-8.114999771118164,3.2485713958740234,-9.319999694824219,10.503636446866123,8.630000114440918,2.6607142857142856,7.53000020980835,-0.03415994346141815,-0.050806157290935516,0.2199781872332096,-0.08923399448394775,-0.31054494055834686,-2.540307864546776,1.5712727659514973,-8.923399448394775,0.07692308,0.8,0.46428571,0.0,0.91666667,0.84615385,0.53571429,0.39285714,0.03571429,0.07142857,0.5,95.19486860795455,89.16799926757812,94.97660064697266,84.87339564732143,-4.177240891890093,-8.559679985046387,-7.405799865722656,4.065519877842495,9.240269747647373,5.429389953613281,7.56505012512207,0.9101940563746861,-0.03415994346141815,-0.08923399448394775,-0.050806157290935516,0.2199781872332096,-0.31054494055834686,-8.923399448394775,-2.540307864546776,1.5712727659514973,0.14285714,0.78571429,0.46428571,0.5,0.90909091,0.84615385,0.5,3.0,87.36666870117188,2.6666666666666665,0.0,0.0,102.4,1.0,0.33333333,2019-05-20,0
41,KCR,1,2019,LAA,H,26,0.0,0.0,0.0,1.0,0.0,0.0,0.0,0.0,1.0,0.0,1.0,5.0,1.0,0.0,0.0,0.0,1.0,0.0,0.0,0.0,0.0,2.0,18.0,9.0,9.0,2.0,0.0,0.0,1.0,1.0,0.0,0.0,0.0,0.0,0.0,0.4,0.2,0.2,4.159335934886933,0.0,0.25,2.0,0.5,1.0,2.214009952545166,-2.214009952545166,4.203217965364456,0.0,48.341671410152884,91.928119133291,1.0,0.0,0.5,0.5,0.0,0.0,0.0,0.0,6.0,12.0,18.0,0.00810003001242876,-0.15575000643730164,0.16384999454021454,-0.4650000035762787,-0.04592590034008026,1.5966700315475464,0.9325000047683716,1.8650000095367432,1.3600000143051147,1.0,1.0,-0.026040399447083473,0.03111347644632917,0.0,0.0,0.33333333,94.5,0.66666667,84.08333333,,,-0.45511433482170105,0.4980711042881012,,-7.585238913695018,4.150592535734177,,0.3,0.375,0.33333333,0.33333333,1.0,0.66666667,0.44444444,0.6,0.11111111,1.0,1.0,0.0,0.0,2.0,0.0,2.0,0.5,0.5,0.0,0.0,1.0,0.0,Justin Anderson,16201,1.349230830753645,0.11111111,0.22222222,0.66666667,,94.05000305175781,94.7750015258789,83.89166768391927,,-4.880000114440918,-8.247499465942383,4.727499961853027,,9.90999984741211,8.617500305175781,1.747499942779541,,-0.41932906955480576,-0.035785265266895294,0.4980711005628109,,-20.966453477740288,-0.8946316316723824,4.15059250469009,,0.3,0.375,0.33333333,0.33333333,1.0,0.66666667,0.44444444,0.11111111,,0.22222222,0.66666667,94.37120056152344,,95.09302520751953,84.12931823730469,-4.260039806365967,,-7.483222484588623,5.564178466796875,8.617990493774414,,7.247597694396973,0.2182551622390747,-0.41932906955480576,,-0.035785265266895294,0.4980711005628109,-20.966453477740288,,-0.8946316316723824,4.15059250469009,0.3,0.375,0.33333333,0.33333333,1.0,0.66666667,0.44444444,2.0,87.19999694824219,8.5,0.0,0.0,87.8,0.0,0.0,2019-05-17,0
42,@MIN,1,2019,LAA,A,26,0.0,0.0,0.0,1.0,0.0,0.0,0.0,0.0,1.0,0.0,1.0,3.0,0.0,0.0,0.0,0.0,0.0,0.0,0.0,0.0,0.0,3.0,27.0,0.0,0.0,3.0,0.0,0.0,0.0,0.0,0.0,0.0,0.0,0.0,0.0,1.0,0.0,1.0,0.11357593488693318,0.0,0.0,0.0,0.0,1.0,-2.785990047454834,2.785990047454834,-2.785990047454834,0.0,-58.846308292551655,-59.455956194619844,0.0,0.0,0.0,0.0,0.0,0.0,0.0,0.0,7.0,10.0,17.0,0.09161199629306793,0.0,0.09161199629306793,0.5640000104904175,0.05310729891061783,1.1610699892044067,1.55840003490448,1.55840003490448,1.908400058746338,1.0,1.0,0.07899659872055054,-9.352040066157308e-05,1.0,0.0,0.41176471,95.42857143,0.58823529,83.5,,,0.293773353099823,0.5478553175926208,,4.196762187140329,5.4785531759262085,,0.2,0.42857143,0.29411765,0.5,0.33333333,0.4,0.41176471,0.33333333,0.17647059,0.0,0.0,0.0,0.0,0.0,0.0,0.0,,,,,,,Justin Anderson,16201,-2.78977252781868,0.35294118,0.05882353,0.58823529,,95.5,95.19999694824219,83.57999877929687,,-4.418333371480306,-8.779999732971191,5.575,,8.65999984741211,6.639999866485596,0.2870000123977661,,0.33268408849835396,-0.03891072794795036,0.5478553138673306,,5.544734808305899,-3.8910727947950363,5.4785531386733055,,0.33333333,0.25,0.29411765,0.66666667,0.0,0.4,0.47058824,0.35294118,,0.05882353,0.58823529,95.81197102864583,,95.47229766845703,83.8211181640625,-3.939746538798014,,-7.963860034942627,6.285588073730469,7.849448521931966,,5.210820198059082,-0.9867376327514649,0.33268408849835396,,-0.03891072794795036,0.5478553138673306,5.544734808305899,,-3.8910727947950363,5.4785531386733055,0.33333333,0.25,0.29411765,0.66666667,0.0,0.4,0.47058824,0.0,,,0.0,,,0.0,,2019-05-13,0
43,@BAL,1,2019,LAA,A,26,0.0,0.0,9.0,1.0,0.0,0.0,0.0,0.0,0.0,0.0,1.0,4.0,1.0,1.0,1.0,1.0,0.0,0.0,0.0,0.0,0.0,2.0,18.0,0.0,9.0,2.0,0.0,0.0,0.0,2.0,0.0,0.0,0.0,0.0,0.0,0.5,0.0,0.5,2.103325934886932,9.0,0.25,1.0,0.0,1.0,12.214009952545165,-3.2140099525451653,3.1924259781837465,196.1353963860006,262.71763081556196,70.03467855353506,0.0,0.0,0.0,1.0,0.0,0.5,0.0,0.0,5.0,13.0,18.0,0.004080010112375021,-0.016036000102758408,0.02011599950492382,-0.4269999861717224,-0.039757899940013885,0.2345000058412552,0.3059999942779541,0.3059999942779541,0.3959999978542328,1.0,1.0,-0.009098740294575691,0.02649750366662006,0.0,0.0,0.44444444,94.375,0.55555556,84.0,,,-1.454135775566101,0.9141998291015625,,-18.176697194576263,9.141998291015625,,0.44444444,0.66666667,0.55555556,0.0,1.0,0.6,0.5,0.75,0.22222222,1.0,0.0,1.0,0.0,1.0,1.0,2.0,0.5,0.0,0.5,0.0,0.5,0.5,Justin Anderson,16201,10.36261605285144,0.38888889,0.05555556,0.55555556,,94.65713936941964,94.30000305175781,83.92999877929688,,-5.068571363176618,-9.130000114440918,4.561999893188476,,9.940000261579241,7.840000152587891,2.0139999389648438,,-1.4243105538189411,-0.02982518821954727,0.9014641977846622,,-20.34729362598487,-2.982518821954727,9.014641977846622,,0.44444444,0.66666667,0.55555556,0.0,1.0,0.6,0.5,0.38888889,,0.05555556,0.55555556,94.97005789620536,,94.56210327148438,84.16051025390625,-4.479114259992327,,-8.159680366516113,5.363257980346679,8.773067474365234,,6.33342981338501,0.41743831634521483,-1.4243105538189411,,-0.02982518821954727,0.9014641977846622,-20.34729362598487,,-2.982518821954727,9.014641977846622,0.44444444,0.66666667,0.55555556,0.0,1.0,0.6,0.5,2.0,93.6500015258789,50.5,1.0,0.5,103.0,1.0,0.5,2019-05-10,0
44,HOU,1,2019,LAA,H,26,0.0,0.0,9.0,1.0,0.0,0.0,0.0,0.0,0.0,0.0,1.0,5.0,2.0,1.0,1.0,0.0,0.0,0.0,0.0,0.0,0.0,3.0,27.0,0.0,18.0,3.0,0.0,0.0,0.0,0.0,2.0,0.0,0.0,0.0,0.0,0.6,0.0,0.6,0.4673359348869326,0.0,0.4,2.0,1.0,0.5,-2.785990047454834,11.785990047454835,-2.785990047454834,196.1353963860006,-58.846308292551655,-59.455956194619844,0.0,1.0,0.0,0.0,0.0,0.0,0.0,0.0,7.0,11.0,18.0,-0.049949999898672104,-0.09610000252723694,0.046149998903274536,-0.47200000286102295,-0.0466172993183136,0.5609999895095825,0.5199999809265137,0.5199999809265137,0.14499999582767487,1.0,1.0,-0.07209639996290207,-0.0169410346765132,0.0,0.0,0.33333333,94.83333333,0.66666667,84.91666667,,,-0.7381092309951782,0.06395265460014343,,-12.301820516586304,0.5329387883345287,,0.3,0.625,0.44444444,0.0,0.8,0.5,0.44444444,0.6,0.22222222,2.0,0.0,0.0,0.0,1.0,1.0,2.0,1.0,0.0,0.0,0.0,0.5,0.5,Justin Anderson,16201,3.079469437346706,,,,,,,,,,,,,,,,,,,,,,,,,,,,,,,,,,,,,,,,,,,,,,,,,,,,,,,,,,,,,,,2.0,,,,,,,,2019-05-05,0
45,TOR,1,2019,LAA,H,26,0.0,0.0,0.0,1.0,0.0,0.0,0.0,0.0,1.0,0.0,0.2,3.0,0.0,0.0,0.0,0.0,1.0,0.0,0.0,0.0,0.0,2.0,27.000028163224034,13.500014081612017,0.0,2.0,0.0,0.0,0.0,0.0,0.0,0.0,0.0,0.0,0.0,0.66666667,0.33333333,0.33333334,4.998909176640265,0.0,0.0,1.5000015646235574,0.0,1.0,1.7140083879216093,-1.7140083879216093,1.7140083879216093,0.0,37.62283989811481,38.01261261418231,0.0,0.0,0.0,0.0,0.0,0.0,0.0,0.0,7.0,10.0,17.0,0.06475000083446503,-0.030799999833106995,0.09555000066757202,0.703000009059906,0.0694321021437645,1.723330020904541,0.6349999904632568,1.2699999809265137,0.949999988079071,1.0,1.0,0.025185199454426765,0.01238740709743906,1.0,0.0,0.35294118,94.16666667,0.64705882,83.81818182,,,-0.31246280670166016,0.5583406686782837,,-5.20771344502767,5.07582426071167,,0.41666667,0.4,0.41176471,0.6,0.5,0.57142857,0.29411765,0.33333333,0.17647059,0.0,0.0,0.0,0.0,0.0,0.0,0.0,,,,,,,Justin Anderson,16201,1.5797541845585494,0.35294118,,0.64705882,,94.13333129882812,,83.77272727272727,,-5.364999771118164,,4.6109092018821025,,9.96500015258789,,2.370909083973278,,-0.31246280297636986,,0.5583406761288643,,-5.207713382939497,,5.075824328444221,,0.3,0.57142857,0.41176471,0.66666667,0.5,0.57142857,0.41176471,0.35294118,,,0.64705882,94.45721435546875,,,84.00310724431819,-4.602780024210612,,,5.334522594105113,8.634761810302734,,,0.9277721751819957,-0.31246280297636986,,,0.5583406761288643,-5.207713382939497,,,5.075824328444221,0.3,0.57142857,0.41176471,0.66666667,0.5,0.57142857,0.41176471,0.0,,,0.0,,,0.0,,2019-05-01,0
46,TOR,1,2019,LAA,H,26,0.0,0.0,0.0,1.0,0.0,0.0,0.0,0.0,0.0,0.0,1.0,3.0,0.0,0.0,0.0,0.0,0.0,0.0,0.0,0.0,0.0,1.0,9.0,0.0,0.0,1.0,0.0,0.0,0.0,1.0,1.0,0.0,0.0,0.0,0.0,0.33333333,0.0,0.33333333,3.0690204035958213,0.0,0.0,0.0,0.0,1.0,1.2140099525451662,-1.2140099525451662,3.2032179653644564,0.0,26.904075469611982,70.26842964483266,0.0,0.5,0.0,0.5,0.0,0.0,0.0,0.0,5.0,7.0,12.0,0.08995000272989273,0.0,0.08995000272989273,0.527999997138977,0.05214809998869896,1.1649999618530273,1.5449999570846558,1.5449999570846558,1.8600000143051147,1.0,1.0,0.0773497000336647,-0.0001393947330362577,1.0,0.0,0.5,94.66666667,0.5,83.83333333,,,0.07320323586463928,0.7573723793029785,,1.2200539310773215,12.622872988382975,,0.16666667,0.66666667,0.41666667,0.0,0.75,0.6,0.5,1.0,0.16666667,1.0,0.0,1.0,2.0,0.0,0.0,2.0,0.5,0.0,0.5,1.0,0.0,0.0,Justin Anderson,16201,3.5221181679933045,0.25,0.25,0.5,,95.06667073567708,94.23333740234375,83.75,,-4.606666564941406,-8.953333536783854,4.516666730244954,,10.376667022705078,7.549999872843425,2.5416666666666665,,0.08728063851594925,-0.014077406376600266,0.7573723867535591,,2.909354617198308,-0.46924687922000885,12.622873112559319,,0.16666667,0.66666667,0.41666667,0.0,0.75,0.6,0.5,0.25,,0.25,0.5,95.42266845703125,,94.59096272786458,83.98306783040364,-3.9044532775878906,,-8.38815943400065,5.553850173950195,9.488166809082031,,6.666433334350586,0.9764236609141032,0.08728063851594925,,-0.014077406376600266,0.7573723867535591,2.909354617198308,,-0.46924687922000885,12.622873112559319,0.16666667,0.66666667,0.41666667,0.0,0.75,0.6,0.5,2.0,57.70000076293945,47.5,0.0,0.0,58.9,0.0,0.0,2019-04-30,0
47,@KCR,1,2019,LAA,A,26,0.0,0.0,9.0,1.0,0.0,0.0,0.0,0.0,0.0,0.0,1.0,4.0,1.0,1.0,1.0,0.0,0.0,0.0,0.0,0.0,0.0,0.0,0.0,0.0,9.0,0.0,0.0,0.0,1.0,2.0,1.0,0.0,0.0,0.0,0.0,0.0,0.0,0.0,7.367575934886932,0.0,0.25,1.0,0.25,0.0,3.214009952545166,5.785990047454834,7.1924259781837465,196.1353963860006,69.7792673506938,156.67343650736848,0.5,0.25,0.25,0.5,0.0,0.0,0.0,0.0,7.0,9.0,16.0,0.00991198979318142,-0.01413199957460165,0.02404399961233139,-0.42399999499320984,-0.03936859965324402,0.2732999920845032,0.24079999327659607,0.24079999327659607,,0.0,1.0,0.025186199694871902,0.011081601550130236,0.0,0.0,0.4375,95.14285714,0.5625,83.44444444,,,-0.8918336033821106,0.4161841571331024,,-12.740480048315867,4.624268412590027,,0.25,0.5,0.375,1.0,1.0,1.0,0.5,0.5,0.0,2.0,1.0,1.0,0.0,4.0,0.0,4.0,0.5,0.25,0.25,0.0,1.0,0.0,Justin Anderson,16201,4.29953028618331,0.25,0.1875,0.5625,,95.30000305175781,94.86666870117188,83.26666937934027,,-4.845000267028809,-7.513333638509114,5.4877777099609375,,9.47249984741211,7.653333028157552,0.7877777417500814,,-0.0009096451103687286,-0.8909239806234837,0.416184164583683,,-0.022741127759218216,-29.697466020782787,4.624268495374255,,0.0,0.6,0.375,,1.0,1.0,0.625,0.25,,0.1875,0.5625,95.7155532836914,,95.29433186848958,83.58284505208333,-4.347654819488525,,-6.829943339029948,6.205710940890842,8.701069831848145,,6.736826578776042,-0.24896364741855198,-0.0009096451103687286,,-0.8909239806234837,0.416184164583683,-0.022741127759218216,,-29.697466020782787,4.624268495374255,0.0,0.6,0.375,,1.0,1.0,0.625,4.0,86.0999984741211,13.75,0.0,0.0,100.8,2.0,0.5,2019-04-26,0
48,NYY,1,2019,LAA,H,26,0.0,0.0,0.0,1.0,0.0,0.0,0.0,0.0,0.0,0.0,1.0,4.0,1.0,0.0,0.0,0.0,0.0,0.0,0.0,1.0,0.0,1.0,9.0,0.0,9.0,1.0,0.0,0.0,0.0,2.0,1.0,1.0,0.0,0.0,0.0,0.25,0.0,0.25,4.912325934886932,0.0,0.25,1.0,0.3333333333333333,1.0,1.2140099525451662,-1.2140099525451662,5.1924259781837465,0.0,26.904075469611982,113.35405753045175,0.0,0.33333333,0.0,0.66666667,0.5,0.0,4.0,36.0,6.0,15.0,21.0,-0.00865000020712614,-0.10109999775886536,0.09245000034570694,0.375,0.03703700006008148,1.0133299827575684,0.6575000286102295,1.315000057220459,1.340000033378601,1.0,1.0,0.0182499997317791,-0.02678621237160147,0.0,0.0,0.57142857,94.91666667,0.38095238,83.5,0.04761905,89.0,1.0210871696472168,-0.5485488772392273,-0.08923399448394775,8.509059747060139,-6.856860965490341,-8.923399448394775,0.14285714,1.0,0.71428571,0.0,0.92857143,0.86666667,0.66666667,1.0,0.0952381,0.0,2.0,1.0,1.0,0.0,2.0,3.0,0.0,0.66666667,0.33333333,0.33333333,0.0,0.66666667,Justin Anderson,16201,1.7270229064411617,0.38095238,0.19047619,0.38095238,0.04761905,94.875,95.0250015258789,83.36250305175781,88.69999694824219,-5.951250076293945,-7.897500038146973,5.682499885559082,-7.480000019073486,10.8774995803833,8.132499694824219,1.4387500286102295,10.25,0.6888205260038376,0.3586229011416435,-0.5485488772392273,-0.08923399448394775,8.61025657504797,8.965572528541088,-6.856860965490341,-8.923399448394775,0.14285714,1.0,0.71428571,0.0,0.92857143,0.86666667,0.66666667,0.33333333,0.04761905,0.23809524,0.38095238,95.18578229631696,88.92659759521484,95.32421875,83.61338806152344,-5.052783966064453,-6.387539863586426,-7.260710144042969,6.530491352081299,9.946032932826451,8.09862995147705,7.199934387207032,-0.23924224078655243,0.6432475559413433,-0.08923399448394775,0.4041958712041378,-0.5485488772392273,9.189250799162048,-8.923399448394775,8.083917424082756,-6.856860965490341,0.14285714,1.0,0.71428571,0.0,0.92857143,0.86666667,0.66666667,3.0,93.5,34.0,0.0,0.0,101.7,2.0,0.66666667,2019-04-25,0
49,NYY,1,2019,LAA,H,26,0.0,0.0,18.0,1.0,0.0,0.0,0.0,0.0,0.0,0.0,1.0,6.0,2.0,2.0,2.0,0.0,1.0,0.0,0.0,0.0,0.0,3.0,27.0,9.0,18.0,3.0,0.0,0.0,1.0,1.0,0.0,0.0,0.0,0.0,0.0,0.5,0.16666667,0.33333333,2.8200759850669326,0.0,0.4,3.0,1.0,0.33333333,0.2140099525451662,17.785990047454835,2.2032179653644564,392.2707927720012,5.466479529071075,48.60874015637431,1.0,0.0,0.5,0.5,0.0,0.0,0.0,0.0,11.0,15.0,26.0,-0.05079999938607216,-0.07724999636411667,0.02645000070333481,-1.8220000267028809,-0.1799509972333908,0.4083330035209656,0.41499999165534973,0.45500001311302185,0.27000001072883606,1.0,1.0,-0.07906190305948257,-0.04534635918734771,0.0,0.0,0.5,94.84615385,0.5,84.23076923,,,-0.4255872666835785,-0.27745431661605835,,-3.2737482052582965,-2.13426397396968,,0.3125,0.7,0.46153846,0.0,0.71428571,0.41666667,0.38461538,0.66666667,0.26923077,1.0,0.0,1.0,0.0,0.0,2.0,2.0,0.5,0.0,0.5,0.0,0.0,1.0,Justin Anderson,16201,0.4678792712807581,0.15384615,0.34615385,0.5,,94.8499984741211,94.63333468967014,84.15384615384616,,-5.887499809265137,-7.844444274902344,3.6692308279184194,,9.925000190734863,7.99111090766059,1.3430768526517427,,0.14036451652646065,-0.5659517720341682,-0.27745431289076805,,3.509112913161516,-6.28835302260187,-2.1342639453136005,,0.3125,0.7,0.46153846,0.0,0.71428571,0.41666667,0.38461538,0.11538462,,0.38461538,0.5,95.05623372395833,,94.92894287109375,84.30443396935097,-5.031933466593425,,-7.129789733886719,4.512785398043119,9.071666717529297,,7.166011047363281,-0.15705215013944185,0.07506049051880836,,-0.500647746026516,-0.27745431289076805,2.5020163506269455,,-5.00647746026516,-2.1342639453136005,0.3125,0.7,0.46153846,0.0,0.71428571,0.41666667,0.38461538,2.0,100.19999694824219,11.0,0.0,0.0,103.0,2.0,1.0,2019-04-23,0
50,TEX,1,2019,LAA,H,26,1.0,0.0,0.0,1.0,0.0,0.0,0.0,0.0,0.0,0.0,1.0,3.0,0.0,0.0,0.0,0.0,0.0,0.0,0.0,0.0,0.0,2.0,18.0,0.0,0.0,2.0,0.0,0.0,0.0,0.0,1.0,0.0,0.0,0.0,0.0,0.66666667,0.0,0.66666667,0.20513147936471032,0.0,0.0,0.0,0.0,1.0,-0.7859900474548338,0.7859900474548338,-0.7859900474548338,0.0,-15.971116411469833,-16.136577217703145,0.0,1.0,0.0,0.0,0.0,0.0,0.0,0.0,6.0,8.0,14.0,0.28540000319480896,0.0,0.28540000319480896,2.375,0.23456799983978271,3.4883298873901367,1.5800000429153442,3.1600000858306885,1.2400000095367432,1.0,1.0,0.08207889646291733,-0.0002632389970070037,1.0,0.0,0.57142857,94.5,0.42857143,84.83333333,,,1.110103726387024,-0.22546961903572083,,13.876296579837799,-3.7578269839286804,,0.25,0.66666667,0.42857143,1.0,0.5,0.66666667,0.42857143,0.33333333,0.14285714,1.0,0.0,0.0,0.0,0.0,1.0,1.0,1.0,0.0,0.0,0.0,0.0,1.0,Justin Anderson,16201,1.7899659361344389,0.42857143,0.14285714,0.42857143,,94.28333536783855,94.5999984741211,84.71666463216145,,-5.253333409627278,-9.635000228881836,3.5833333333333335,,10.386666615804037,7.494999885559082,2.4666666984558105,,0.7561350874602795,0.35396868735551834,-0.22546961903572083,,12.602251457671324,17.698434367775917,-3.7578269839286804,,0.16666667,0.625,0.42857143,1.0,0.6,0.66666667,0.57142857,0.42857143,,0.14285714,0.42857143,94.56197102864583,,94.872802734375,84.95659891764323,-4.390549977620442,,-9.002605438232422,4.5306399663289385,9.265000025431315,,6.288800239562988,0.6666703224182129,0.7561350874602795,,0.35396868735551834,-0.22546961903572083,12.602251457671324,,17.698434367775917,-3.7578269839286804,0.16666667,0.625,0.42857143,1.0,0.6,0.66666667,0.57142857,1.0,83.5,9.0,0.0,0.0,83.5,0.0,0.0,2019-04-07,0
51,TEX,1,2019,LAA,H,26,1.0,0.0,0.0,1.0,0.0,0.0,0.0,0.0,0.0,0.0,1.1,5.0,0.0,0.0,0.0,0.0,1.0,0.0,0.0,1.0,0.0,1.0,6.750016696792419,6.750016696792419,0.0,1.0,0.0,0.0,1.0,2.0,0.0,0.0,0.0,0.0,0.0,0.2,0.2,0.0,6.595215934886933,0.0,0.0,0.7500018551991576,0.0,1.0,3.964011807744324,-3.964011807744324,6.947831207727319,0.0,85.8575040771094,151.37558972878148,0.5,0.0,0.33333333,0.66666667,0.0,0.0,1.0,6.750016696792419,14.0,12.0,26.0,0.10859999805688858,-0.03240000084042549,0.14100000262260437,0.7689999938011169,0.07595060020685196,1.1566699743270874,1.2633299827575684,1.1100000143051147,1.725000023841858,1.0,1.0,0.06798219680786133,0.025908022932707706,1.0,0.0,0.53846154,93.92857143,0.46153846,84.66666667,,,0.7245951294898987,0.014991793781518936,,5.175679496356419,0.12493161484599113,,0.17647059,0.77777778,0.38461538,0.66666667,0.85714286,0.8,0.34615385,,0.07692308,1.0,0.0,2.0,1.0,2.0,0.0,3.0,0.33333333,0.0,0.66666667,0.33333333,0.66666667,0.0,Justin Anderson,16201,2.375116844148541,0.53846154,,0.46153846,,94.07856968470982,,84.53333028157552,,-5.835000174386161,,2.9608332316080728,,10.485714503696986,,3.0933332443237305,,0.7245951145887375,,0.014991793781518936,,5.175679389919553,,0.12493161484599113,,0.1875,0.7,0.38461538,0.66666667,0.85714286,0.8,0.38461538,0.53846154,,,0.46153846,94.3438720703125,,,84.71507263183594,-5.064429146902902,,,3.878581682840983,9.322586059570312,,,1.3995372454325359,0.7245951145887375,,,0.014991793781518936,5.175679389919553,,,0.12493161484599113,0.1875,0.7,0.38461538,0.66666667,0.85714286,0.8,0.38461538,3.0,85.86666870117188,27.0,0.0,0.0,91.6,0.0,0.0,2019-04-05,0
52,@SEA,1,2019,LAA,A,26,0.0,0.0,0.0,1.0,0.0,0.0,0.0,0.0,0.0,0.0,1.0,3.0,0.0,0.0,0.0,0.0,0.0,0.0,0.0,0.0,0.0,1.0,9.0,0.0,0.0,1.0,0.0,0.0,1.0,0.0,1.0,0.0,0.0,0.0,0.0,0.33333333,0.0,0.33333333,1.5892426400935993,0.0,0.0,0.0,0.0,1.0,1.2140099525451662,-1.2140099525451662,1.2140099525451662,0.0,26.904075469611982,27.18280175921356,1.0,0.5,0.5,0.0,0.0,0.0,0.0,0.0,5.0,7.0,12.0,0.08860000222921371,0.0,0.08860000222921371,0.5109999775886536,0.05161619931459427,1.1606700420379639,1.5119999647140503,1.5119999647140503,1.812000036239624,1.0,1.0,0.07635889947414398,-2.3680143725751668e-05,1.0,0.0,0.5,94.5,0.41666667,85.4,0.08333333,90.0,0.7168947458267212,0.07522254437208176,-0.023833870887756348,11.948245763778687,1.5044508874416351,-2.3833870887756348,0.25,1.0,0.5,0.5,0.75,0.66666667,0.33333333,0.66666667,0.16666667,0.0,2.0,0.0,0.0,1.0,1.0,2.0,0.0,1.0,0.0,0.0,0.5,0.5,Justin Anderson,16201,3.821220157521665,0.41666667,0.08333333,0.41666667,0.08333333,94.47999877929688,94.4000015258789,85.1,89.69999694824219,-5.45,-7.949999809265137,4.5540000915527346,-7.230000019073486,9.329999542236328,7.590000152587891,1.86200008392334,8.539999961853027,0.48743853345513344,0.27162039279937744,0.08459504693746567,-0.023833870887756348,9.748770669102669,27.162039279937744,1.6919009387493134,-2.3833870887756348,0.28571429,0.8,0.5,0.5,0.75,0.66666667,0.41666667,0.5,0.08333333,,0.41666667,94.7180684407552,89.90489959716797,,85.29627685546875,-5.140258153279622,-6.5612101554870605,,5.4457038879394535,7.996591567993164,6.493859767913818,,0.08538898229598998,0.7590589262545109,-0.023833870887756348,,0.08459504693746567,12.650982104241848,-2.3833870887756348,,1.6919009387493134,0.28571429,0.8,0.5,0.5,0.75,0.66666667,0.41666667,2.0,86.94999694824219,-5.5,0.0,0.0,89.1,0.0,0.0,2019-04-02,0
53,@SEA,1,2019,LAA,A,26,0.0,0.0,0.0,1.0,0.0,0.0,0.0,0.0,0.0,0.0,1.0,6.0,1.0,0.0,0.0,0.0,2.0,0.0,0.0,0.0,0.0,1.0,9.0,18.0,9.0,0.5,0.0,0.0,1.0,1.0,1.0,1.0,0.0,0.0,0.0,0.16666667,0.33333333,-0.16666666,9.619742472760265,0.0,0.25,3.0,0.3333333333333333,1.0,7.214009952545166,-7.214009952545166,9.203217965364455,0.0,155.5296511128574,200.22656657558278,1.0,0.33333333,0.33333333,0.33333333,1.0,0.0,0.0,0.0,12.0,8.0,20.0,0.019060000777244568,-0.11964000016450882,0.1386999934911728,0.2370000034570694,0.023939400911331177,1.5473300218582153,1.156000018119812,1.7920000553131104,1.7619999647140503,1.0,1.0,-0.038664400577545166,0.05098239383560597,0.0,0.0,0.7,94.5,0.3,82.83333333,,,-0.28375715017318726,0.08146524429321289,,-2.0268367869513377,1.3577540715535483,,0.15384615,0.71428571,0.35,1.0,0.8,0.85714286,0.35,0.66666667,0.05,2.0,0.0,1.0,1.0,1.0,1.0,3.0,0.66666667,0.0,0.33333333,0.33333333,0.33333333,0.33333333,Justin Anderson,16201,7.549528325286262,0.45,0.25,0.3,,94.56667073567708,94.6,82.78333028157552,,-5.416666666666667,-8.420000457763672,7.283333460489909,,10.496666802300346,8.902000427246094,0.7266666889190674,,-0.8710842281579971,0.6294912993907928,0.08146524801850319,,-9.678713646199968,12.589825987815855,1.3577541336417198,,0.15384615,0.71428571,0.35,1.0,0.8,0.85714286,0.35,0.7,,,0.3,94.78639439174107,,,82.93888346354167,-5.78167724609375,,,8.340585072835287,8.760828835623604,,,-0.8783612251281738,-0.24159292876720428,,,0.08146524801850319,-1.7256637769086018,,,1.3577541336417198,0.15384615,0.71428571,0.35,1.0,0.8,0.85714286,0.35,3.0,88.23333740234375,27.666666666666668,0.0,0.0,96.6,1.0,0.33333333,2019-04-01,0
54,@OAK,1,2019,LAA,A,26,0.0,0.0,0.0,1.0,0.0,0.0,0.0,0.0,0.0,0.0,1.1,5.0,1.0,0.0,0.0,0.0,0.0,0.0,0.0,0.0,0.0,0.0,0.0,0.0,6.750016696792419,0.0,0.0,0.0,3.0,0.0,2.0,0.0,0.0,0.0,0.0,0.0,0.0,0.0,3.3355759348869323,0.0,0.2,0.7500018551991576,0.2,1.0,3.214009952545166,-3.214009952545166,3.214009952545166,0.0,69.7792673506938,70.50218073613026,3.0,0.4,0.6,0.0,0.0,0.0,2.0,13.500033393584838,6.0,9.0,15.0,0.015395999886095524,-0.0016120000509545207,0.017007999122142792,0.9620000123977661,0.09658630192279816,0.14271999895572662,0.188400000333786,0.33399999141693115,0.24120000004768372,1.0,1.0,0.07933279871940613,0.028542761809931733,0.0,0.0,0.66666667,94.8,0.33333333,85.6,,,0.290584534406662,0.2575429677963257,,2.90584534406662,5.150859355926514,,0.28571429,0.75,0.53333333,1.0,1.0,1.0,0.53333333,0.6,0.0,2.0,2.0,1.0,1.0,1.0,3.0,5.0,0.4,0.4,0.2,0.2,0.2,0.6,Justin Anderson,16201,7.584886833586692,0.4,0.26666667,0.33333333,,94.7000020345052,94.67500305175781,85.77999877929688,,-6.700000127156575,-9.0625,3.1720001220703127,,9.656667073567709,7.517499923706055,0.8039999961853027,,0.276147224009037,0.09876573458313942,0.2575429640710354,,4.60245373348395,2.4691433645784855,5.150859281420708,,0.25,0.85714286,0.53333333,1.0,1.0,1.0,0.46666667,0.53333333,,0.13333333,0.33333333,95.02666473388672,,94.60325622558594,85.94827880859376,-6.290343761444092,,-9.962175369262695,3.935955810546875,8.21933364868164,,5.350409984588623,-0.5226549625396728,0.11237812787294388,,0.26253483071923256,0.2575429640710354,1.4047265984117985,,13.126741535961628,5.150859281420708,0.25,0.85714286,0.53333333,1.0,1.0,1.0,0.46666667,5.0,89.55999755859375,-2.6,0.0,0.0,105.3,3.0,0.6,2019-03-30,0
