,Opp,teamid,season,Team,HomeAway,Age,W,L,ERA,G,GS,CG,ShO,SV,HLD,BS,IP,TBF,H,R,ER,HR,BB,IBB,HBP,WP,BK,SO,K/9,BB/9,H/9,K/BB,IFH%,BUH%,GB,FB,LD,IFFB,IFH,BU,BUH,K%,BB%,K-BB%,SIERA,HR/9,AVG,WHIP,BABIP,LOB%,FIP,E-F,xFIP,ERA-,FIP-,xFIP-,GB/FB,LD%,GB%,FB%,IFFB%,HR/FB,RS,RS/9,Balls,Strikes,Pitches,WPA,-WPA,+WPA,RE24,REW,pLI,inLI,gmLI,exLI,Pulls,Games,WPA/LI,Clutch,SD,MD,FB%1,FBv,SL%,SLv,CH%,CHv,wFB,wSL,wCH,wFB/C,wSL/C,wCH/C,O-Swing%,Z-Swing%,Swing%,O-Contact%,Z-Contact%,Contact%,Zone%,F-Strike%,SwStr%,Pull,Cent,Oppo,Soft,Med,Hard,bipCount,Pull%,Cent%,Oppo%,Soft%,Med%,Hard%,PlayerName,playerid,tERA,GSv2,pfxFA%,pfxFT%,pfxSL%,pfxCH%,pfxvFA,pfxvFT,pfxvSL,pfxvCH,pfxFA-X,pfxFT-X,pfxSL-X,pfxCH-X,pfxFA-Z,pfxFT-Z,pfxSL-Z,pfxCH-Z,pfxwFA,pfxwFT,pfxwSL,pfxwCH,pfxwFA/C,pfxwFT/C,pfxwSL/C,pfxwCH/C,pfxO-Swing%,pfxZ-Swing%,pfxSwing%,pfxO-Contact%,pfxZ-Contact%,pfxContact%,pfxZone%,piCH%,piCU%,piFA%,piSI%,piSL%,pivCH,pivCU,pivFA,pivSI,pivSL,piCH-X,piCU-X,piFA-X,piSI-X,piSL-X,piCH-Z,piCU-Z,piFA-Z,piSI-Z,piSL-Z,piwCH,piwCU,piwFA,piwSI,piwSL,piwCH/C,piwCU/C,piwFA/C,piwSI/C,piwSL/C,piO-Swing%,piZ-Swing%,piSwing%,piO-Contact%,piZ-Contact%,piContact%,piZone%,Events,EV,LA,Barrels,Barrel%,maxEV,HardHit,HardHit%,gamedate,dh
0,- - -,18,2019,- - -,H,26,15.0,8.0,3.3986011634474065,32.0,32.0,0.0,0.0,0.0,0.0,0.0,190.2,781.0,139.0,76.0,72.0,22.0,79.0,0.0,7.0,5.0,3.0,226.0,10.667831429709913,3.729020721004793,6.561188357210965,2.86075949,0.07086614,0.11111111,254.0,123.0,83.0,11.0,18.0,9.0,1.0,0.2893726,0.10115237,0.18822023,3.9466203825769286,1.0384614666089298,0.2,1.1433565642461954,0.26174496644295303,0.76725026,3.6965274016765877,-0.2979262382291812,3.4797752431255793,75.5402016060926,80.86513221353874,78.25818955913506,2.06504065,0.18043478,0.55217391,0.2673913,0.08943089,0.17886179,100.0,4.720279393676953,1216.0,1942.0,3158.0,2.5210359804332256,-12.560055948793888,15.08109200000763,26.142999731004238,2.529727427754551,1.0160230292511938,0.9426721447344982,0.8748125061392784,1.2729187636286952,32.0,32.0,2.9722435576841235,-0.49096517338291124,0.0,0.0,0.50601647,96.46401515,0.16877771,85.92870544,0.32520583,87.21547502,3.910615887492895,-0.6429102122783661,29.446925409138203,0.24471939220856664,-0.12062105296029382,2.867276086576261,0.3366435,0.69493007,0.46643445,0.5,0.79371069,0.65852003,0.36225459,0.56338028,0.15927802,178.0,189.0,102.0,79.0,215.0,175.0,469.0,0.37953092,0.40298507,0.21748401,0.1684435,0.45842217,0.37313433,Luis Castillo,15689,3.8220599566720987,58.0,0.29703293,0.20834692,0.16922074,0.32539941,96.36344727098484,96.48826271976476,85.86204237744987,87.16483027089335,-8.169945073049233,-10.903677622477213,-1.1136801550613433,-9.972013974237537,6.737310625195634,2.8441157990218326,0.30169557009129166,1.7186472879383035,-3.4554415345191956,9.450448177754879,-0.16168593242764473,27.730822011828423,-0.37930203452460987,1.4789433768004505,-0.031153358849257174,2.7786394801431284,0.32823995,0.65615385,0.46723182,0.47241379,0.7866354,0.65945569,0.42386697,0.3141046,0.00031696,0.29064976,0.20031696,0.16418384,87.14030005400164,95.10299682617188,96.31243517094636,96.41452943826023,85.7912340201006,-9.377875735131811,-6.206170082092285,-7.3503471882028695,-10.379498065272465,-0.19032816859285803,0.417112138148634,3.9602699279785156,5.7635941749830675,1.7238270587558988,-0.9347364611377127,27.084466822445393,0.0,-3.4983085356652737,8.957541510462761,-0.4574913755059242,2.733044078955136,0.0,-0.38149493300602766,1.417332517478285,-0.08831879836021703,0.33426652,0.653125,0.46738421,0.47738693,0.78947368,0.65945569,0.41748206,469.0,87.20155902004454,5.8084632516703785,22.0,0.04690832,112.8,154.0,0.32835821,2050-01-01,0
1,MIL,18,2019,CIN,H,26,0.0,1.0,9.0,1.0,1.0,0.0,0.0,0.0,0.0,0.0,5.0,23.0,5.0,5.0,5.0,0.0,4.0,0.0,0.0,0.0,0.0,8.0,14.4,7.2,9.0,2.0,0.0,0.0,4.0,3.0,4.0,0.0,0.0,0.0,0.0,0.34782609,0.17391304,0.17391305,4.588866964544154,0.0,0.2631578947368421,1.8,0.45454545454545453,0.44444444,2.4140099525451664,6.585990047454834,3.6075347602367405,200.0416588350745,52.4948609434032,81.16560785382691,1.33333333,0.36363636,0.36363636,0.27272727,0.0,0.0,1.0,1.8,33.0,54.0,87.0,-0.2670480012893677,-0.6372600197792053,0.37021198868751526,-2.2448999881744385,-0.21502900123596191,1.2418800592422485,0.9015200138092041,0.8700000047683716,0.29679998755455017,1.0,1.0,-0.03236129879951477,-0.1826739610888765,0.0,0.0,0.52873563,96.625,0.16091954,86.0,0.31034483,87.34782609,-1.641922950744629,-0.48054081201553345,1.5280059576034546,-3.569397719010063,-3.4324343715395242,5.659281324457239,0.25531915,0.7,0.45977011,0.5,0.67857143,0.625,0.45977011,0.60869565,0.17241379,3.0,6.0,2.0,0.0,5.0,6.0,11.0,0.27272727,0.54545455,0.18181818,0.0,0.45454545,0.54545455,Luis Castillo,15689,3.9692729646617644,45.0,,,,,,,,,,,,,,,,,,,,,,,,,,,,,,,,,,,,,,,,,,,,,,,,,,,,,,,,,,,,,,,,,,,,,11.0,,,,,,,,2019-09-26,0
2,NYM,18,2019,CIN,H,26,0.0,1.0,3.857142857142857,1.0,1.0,0.0,0.0,0.0,0.0,0.0,7.0,27.0,3.0,3.0,3.0,2.0,3.0,0.0,0.0,0.0,0.0,7.0,9.0,3.857142857142857,3.857142857142857,2.33333333,0.0,0.0,11.0,4.0,2.0,0.0,0.0,0.0,0.0,0.25925926,0.11111111,0.14814815,4.151740518392694,2.5714285714285716,0.125,0.8571428571428571,0.06666666666666667,0.9375,6.214009952545166,-2.356867095402309,3.6364145312990463,85.73213950074621,136.55378029730895,81.82282366546781,2.75,0.11764706,0.64705882,0.23529412,0.0,0.5,0.0,0.0,31.0,72.0,103.0,0.02064800076186657,-0.477539986371994,0.49818798899650574,0.8571000099182129,0.08209770172834396,0.8867999911308289,1.06086003780365,0.8700000047683716,0.29679998755455017,1.0,1.0,0.03677560016512871,-0.013491882338816295,0.0,0.0,0.52427184,97.57407407,0.19417476,88.05,0.2815534,88.4137931,2.069532632827759,-0.18762026727199554,-0.4793247580528259,3.8324678385699236,-0.9381013363599777,-1.6528439932856065,0.45901639,0.76190476,0.58252427,0.39285714,0.8125,0.61666667,0.40776699,0.7037037,0.22330097,7.0,8.0,2.0,2.0,11.0,4.0,17.0,0.41176471,0.47058824,0.11764706,0.11764706,0.64705882,0.23529412,Luis Castillo,15689,6.152469827639905,56.0,0.27184466,0.25242718,0.19417476,0.2815534,97.50357491629464,97.6769268329327,87.85,88.43792935075432,-9.138928549630302,-10.561922513521635,-1.577000045776367,-10.476896088698815,6.07249995640346,3.8034615149864783,1.234500026702881,2.3848277124865302,0.7913770973682404,1.3203197084367275,-0.18762026727199554,-0.4793247617781162,2.826346776315144,5.078152724756644,-0.9381013363599777,-1.6528440061314351,0.46296296,0.71428571,0.58252427,0.28,0.85714286,0.61666667,0.47572816,0.2815534,,0.30097087,0.22330097,0.19417476,88.44010977909483,,97.5532935357863,97.58296535326087,87.815966796875,-9.887600602774784,,-8.384362005418346,-10.193743498429008,-0.5864917755126953,1.1781418899009968,,5.152317170173891,2.6954281019127886,0.055263012647628784,-0.4793247617781162,,0.7021431028842926,1.4095537029206753,-0.18762026727199554,-1.6528440061314351,,2.2649777512396536,6.128494360524675,-0.9381013363599777,0.46296296,0.71428571,0.58252427,0.24,0.88571429,0.61666667,0.47572816,17.0,88.78823673023896,1.2941176470588236,1.0,0.05882353,104.8,6.0,0.35294118,2019-09-20,0
3,@ARI,18,2019,CIN,A,26,1.0,0.0,3.6,1.0,1.0,0.0,0.0,0.0,0.0,0.0,5.0,22.0,4.0,2.0,2.0,0.0,3.0,0.0,0.0,0.0,0.0,3.0,5.4,5.4,7.2,1.0,0.0,0.0,7.0,5.0,4.0,0.0,0.0,0.0,0.0,0.13636364,0.13636364,0.0,6.351402391223669,0.0,0.21052631578947367,1.4,0.25,0.71428571,3.8140099525451663,-0.2140099525451662,5.803217965364457,80.0166635340298,83.46393649484214,131.1326840003468,1.4,0.25,0.4375,0.3125,0.0,0.0,4.0,7.2,33.0,51.0,84.0,0.08240800350904465,-0.382999986410141,0.46540799736976624,0.6549999713897705,0.06440509855747223,1.204200029373169,1.003600001335144,0.8700000047683716,1.3968000411987305,1.0,1.0,0.10046900063753128,-0.03203518441188222,0.0,0.0,0.5,97.19047619,0.21428571,87.05555556,0.28571429,87.83333333,1.404523491859436,0.34957563877105713,-0.5295698046684265,3.3441035520462763,1.9420868820614285,-2.2065408527851105,0.31481481,0.9,0.52380952,0.64705882,0.77777778,0.72727273,0.35714286,0.31818182,0.14285714,7.0,6.0,3.0,2.0,6.0,8.0,16.0,0.4375,0.375,0.1875,0.125,0.375,0.5,Luis Castillo,15689,4.925272154220941,53.0,0.38095238,0.11904762,0.21428571,0.28571429,97.109375,97.40999755859374,87.07777913411458,87.77083333333333,-8.365625381469727,-11.037000274658203,-0.7250000105963813,-9.919583638509115,6.531562328338623,2.602000045776367,0.3627777894337972,2.2758332888285318,0.9754186980426311,0.5134332403540611,0.34957562386989594,-0.5295697785913944,3.0481834313832223,5.134332403540611,1.9420867992771997,-2.20654074413081,0.30434783,0.78947368,0.52380952,0.71428571,0.73333333,0.72727273,0.45238095,0.28571429,,0.4047619,0.0952381,0.21428571,87.74159749348958,,97.09154555376838,97.25761413574219,87.0074462890625,-9.344714482625326,,-7.65584519330193,-10.587955474853516,0.12141886022355822,0.9918408393859863,,5.538371366613052,0.88117915391922,-0.8234345648023818,-0.5295697785913944,,1.3042164035141468,0.18463553488254547,0.34957562386989594,-2.20654074413081,,3.8359305985710197,2.3079441860318184,1.9420867992771997,0.30434783,0.78947368,0.52380952,0.71428571,0.73333333,0.72727273,0.45238095,16.0,92.96875,11.4375,0.0,0.0,110.6,9.0,0.5625,2019-09-13,0
4,ARI,18,2019,CIN,H,26,0.0,1.0,2.347825113451952,1.0,1.0,0.0,0.0,0.0,0.0,0.0,7.2,30.0,3.0,2.0,2.0,0.0,3.0,0.0,0.0,0.0,0.0,10.0,11.73912556725976,3.521737670177928,3.521737670177928,3.33333333,0.1,0.0,10.0,4.0,3.0,1.0,1.0,0.0,0.0,0.33333333,0.1,0.23333333,3.4573048530867108,0.0,0.1111111111111111,0.7826083711506507,0.17647058823529413,0.66666667,1.7792279387689733,0.5685971746829788,2.8170751672971917,52.1847589277306,38.45299512673927,63.17715005676501,2.5,0.17647059,0.58823529,0.23529412,0.25,0.0,0.0,0.0,42.0,69.0,111.0,0.11281199753284454,-0.3165439963340759,0.42935600876808167,1.944100022315979,0.18621599674224854,0.792568027973175,0.8129000067710876,0.8700000047683716,1.031999945640564,1.0,1.0,0.2843329906463623,-0.14199568513917785,0.0,0.0,0.51351351,96.49122807,0.12612613,86.64285714,0.36036036,87.15,0.9324536919593811,-0.3098324239253998,2.3863165378570557,1.6358836701041775,-2.213088742324284,5.965791344642639,0.25757576,0.6,0.3963964,0.70588235,0.74074074,0.72727273,0.40540541,0.63333333,0.10810811,3.0,10.0,4.0,3.0,8.0,6.0,17.0,0.17647059,0.58823529,0.23529412,0.17647059,0.47058824,0.35294118,Luis Castillo,15689,1.751481676098495,78.0,0.14414414,0.36936937,0.12612613,0.36036036,96.40625,96.45609637004573,86.54285539899554,87.06749877929687,-8.971250534057617,-10.856829387385671,-1.4707142966134208,-10.560749816894532,6.148749828338623,2.588292749916635,1.1678571701049805,2.0297500610351564,1.1765128150582314,-0.20189491286873817,-0.3098324202001095,2.386316493153572,7.353205094113946,-0.4924266167530199,-2.2130887157150676,5.96579123288393,0.25454545,0.53571429,0.3963964,0.71428571,0.73333333,0.72727273,0.5045045,0.36036036,,0.16216216,0.35135135,0.12612613,87.04877319335938,,96.40513102213542,96.39258438501602,86.46657017299107,-9.893756103515624,,-8.356046040852865,-10.418198805588942,-0.6167584827968052,0.7835788249969482,,5.086341010199653,1.4501002385066106,0.06606607351984296,2.386316493153572,,1.2658359557390213,-0.2912180535495281,-0.3098324202001095,5.96579123288393,,7.032421976327896,-0.7467129578193028,-2.2130887157150676,0.24137931,0.56603774,0.3963964,0.71428571,0.73333333,0.72727273,0.47747748,17.0,92.38823385799633,9.235294117647058,0.0,0.0,109.8,7.0,0.41176471,2019-09-07,0
5,@STL,18,2019,CIN,A,26,1.0,0.0,4.5,1.0,1.0,0.0,0.0,0.0,0.0,0.0,6.0,25.0,5.0,3.0,3.0,1.0,3.0,0.0,0.0,0.0,0.0,8.0,12.0,4.5,7.5,2.66666667,0.09090909,0.0,11.0,1.0,2.0,0.0,1.0,0.0,0.0,0.32,0.12,0.2,3.2417087348869327,1.5,0.22727272727272727,1.3333333333333333,0.3076923076923077,0.75757576,4.214009952545167,0.2859900474548329,2.378877954681715,100.02082941753724,92.31224379525328,53.205113362757174,11.0,0.14285714,0.78571429,0.07142857,0.0,1.0,5.0,7.5,41.0,66.0,107.0,-0.01372000016272068,-0.621399998664856,0.6076800227165222,-0.06600009649991989,-0.006875019986182451,1.1750799417495728,1.0776699781417847,0.8700000047683716,1.5260000228881836,1.0,1.0,0.02645610086619854,-0.038131902380002795,0.0,0.0,0.51401869,96.67272727,0.14953271,86.25,0.3364486,87.11111111,0.0042901597917079926,-1.6758997440338135,1.9145317077636719,0.007800290530378168,-10.474373400211334,5.3181436326768665,0.32352941,0.66666667,0.44859813,0.59090909,0.76923077,0.6875,0.36448598,0.6,0.14018692,6.0,6.0,2.0,4.0,6.0,4.0,14.0,0.42857143,0.42857143,0.14285714,0.28571429,0.42857143,0.28571429,Luis Castillo,15689,4.128683104026107,53.0,0.14018692,0.37383178,0.14953271,0.3364486,96.46666666666667,96.65999755859374,86.17500305175781,87.14999728732639,-8.983999633789063,-10.589749908447265,-1.0537500381469727,-9.717222425672743,6.1,2.06924991607666,0.10875000059604645,1.6855555640326605,-1.1988143250346184,1.2031044848263264,-1.6758997328579426,1.8890604749321938,-7.992095500230789,3.007761212065816,-10.474373330362141,5.247390208144983,0.33846154,0.61904762,0.44859813,0.59090909,0.76923077,0.6875,0.39252336,0.3364486,,0.14953271,0.36448598,0.14953271,87.25052218967014,,96.6055679321289,96.73555188301282,86.25875091552734,-9.102380540635851,,-8.352956771850586,-10.008445544120592,-0.08358536660671234,0.44223615858289933,,5.115070819854736,0.8424719786032652,-1.05429208278656,1.8890604749321938,,-1.2608560174703598,1.2651461772620678,-1.6758997328579426,5.247390208144983,,-7.880350109189749,3.2439645570822253,-10.474373330362141,0.33846154,0.61904762,0.44859813,0.59090909,0.76923077,0.6875,0.39252336,14.0,81.28571428571429,-7.5,0.0,0.0,106.3,4.0,0.28571429,2019-09-01,2
6,@MIA,18,2019,CIN,A,26,1.0,0.0,7.5,1.0,1.0,0.0,0.0,0.0,0.0,0.0,6.0,26.0,7.0,5.0,5.0,1.0,2.0,0.0,0.0,0.0,0.0,11.0,16.5,3.0,10.5,5.5,0.0,0.0,8.0,4.0,1.0,0.0,0.0,0.0,0.0,0.42307692,0.07692308,0.34615384,2.5271115006941223,1.5,0.2916666666666667,1.5,0.5,0.52631579,2.7140099525451666,4.785990047454833,1.87348196109136,166.7013823625621,59.13109141871153,41.70383665904141,2.0,0.07692308,0.61538462,0.30769231,0.0,0.25,8.0,12.0,35.0,74.0,109.0,-0.14475999772548676,-0.6014800071716309,0.4567199945449829,-2.131999969482422,-0.2256080061197281,1.1180000305175781,0.9396669864654541,0.9100000262260437,1.034000039100647,1.0,1.0,-0.08250430226325989,-0.04697690862585799,0.0,0.0,0.41284404,96.42222222,0.22018349,85.95833333,0.36697248,87.1,-0.4072262644767761,-0.7424741387367249,0.3610907793045044,-0.9049472543928359,-3.093642244736354,0.9027269482612611,0.44117647,0.68292683,0.53211009,0.6,0.82142857,0.70689655,0.37614679,0.57692308,0.1559633,6.0,4.0,3.0,0.0,8.0,5.0,13.0,0.46153846,0.30769231,0.23076923,0.0,0.61538462,0.38461538,Luis Castillo,15689,2.1310213657827717,48.0,0.18348624,0.2293578,0.22018349,0.36697248,96.54500122070313,96.327998046875,85.79583740234375,87.07249755859375,-9.016500091552734,-11.67800048828125,-1.0924999713897705,-10.459750366210937,6.770500183105469,2.9295999145507814,0.5929166873296102,2.359250068664551,-0.3967505916953087,0.031688518822193146,-0.7552097514271736,0.34835515916347504,-1.9837529584765434,0.12675407528877258,-3.1467072976132235,0.8708878979086876,0.42857143,0.67391304,0.53211009,0.51851852,0.87096774,0.70689655,0.42201835,0.36697248,,0.18348624,0.2293578,0.22018349,86.95702514648437,,96.42574462890624,96.20171875,85.6565450032552,-9.807471466064452,,-8.199124145507813,-11.082550048828125,-0.33806224664052326,0.7962984085083008,,5.777431869506836,1.660244140625,-0.7022862434387207,0.34835515916347504,,-0.3967505916953087,0.031688518822193146,-0.9462104216217995,0.8708878979086876,,-1.9837529584765434,0.12675407528877258,-3.9425434234241643,0.45,0.63265306,0.53211009,0.51851852,0.87096774,0.70689655,0.44954128,13.0,92.38461538461539,5.615384615384615,1.0,0.07692308,110.7,4.0,0.30769231,2019-08-27,0
7,SDP,18,2019,CIN,H,26,1.0,0.0,1.5,1.0,1.0,0.0,0.0,0.0,0.0,0.0,6.0,22.0,5.0,1.0,1.0,0.0,0.0,0.0,0.0,0.0,0.0,4.0,6.0,0.0,7.5,4.0,0.0,0.0,10.0,3.0,4.0,1.0,0.0,1.0,0.0,0.18181818,0.0,0.18181818,3.4024106566494945,0.0,0.22727272727272727,0.8333333333333334,0.2777777777777778,0.8,1.8806766192118334,-0.3806766192118334,2.8752806256214782,33.340276472512414,40.697117876188344,64.50172937742504,3.33333333,0.23529412,0.58823529,0.17647059,0.33333333,0.0,4.0,6.0,39.0,61.0,100.0,0.20829999446868896,-0.21446800231933594,0.4227679967880249,2.3060998916625977,0.22089099884033203,0.8573819994926453,0.9570000171661377,0.8700000047683716,0.9751999974250793,1.0,1.0,0.22881099581718445,0.01413788180323472,0.0,0.0,0.55,96.30909091,0.16,86.1875,0.29,86.86206897,1.8834511041641235,-0.7635391354560852,1.1282565593719482,3.4244565530256796,-4.7721195966005325,3.89053985990327,0.21052632,0.79069767,0.46,0.58333333,0.88235294,0.80434783,0.43,0.54545455,0.09,10.0,7.0,1.0,2.0,7.0,9.0,18.0,0.55555556,0.38888889,0.05555556,0.11111111,0.38888889,0.5,Luis Castillo,15689,2.5189127710492656,67.0,0.33,0.22,0.16,0.29,96.23636511600378,96.30454323508523,86.1500015258789,86.75172582165948,-8.733333703243371,-10.0522724498402,-1.453125,-9.783103153623383,5.858182040127841,2.399545496160334,0.5131250023841858,1.4648275704219424,1.493103001266718,0.3903481028974056,-0.7635391317307949,1.1282565668225288,4.524554549293085,1.774309558624571,-4.772119573317468,3.890539885594927,0.28,0.64,0.46,0.57142857,0.90625,0.80434783,0.5,0.29,,0.33,0.22,0.16,86.69052229256465,,96.19338896780303,96.11295942826705,86.03892517089844,-9.188320817618534,,-7.840746330492424,-9.40286601673473,-0.34937724471092224,0.39028624830574826,,4.959854588364109,1.3518036929043857,-0.5507910847663879,1.1282565668225288,,1.3799867630004883,0.5034643411636353,-0.7635391317307949,3.890539885594927,,4.181778069698449,2.288474278016524,-4.772119573317468,0.28,0.64,0.46,0.57142857,0.90625,0.80434783,0.5,18.0,89.65882065716912,5.529411764705882,0.0,0.0,106.4,7.0,0.38888889,2019-08-21,0
8,STL,18,2019,CIN,H,26,0.0,1.0,16.61539680436707,1.0,1.0,0.0,0.0,0.0,0.0,0.0,4.1,22.0,9.0,8.0,8.0,3.0,0.0,0.0,0.0,0.0,0.0,3.0,6.230773801637651,0.0,18.692321404912953,3.0,0.125,0.0,8.0,6.0,5.0,1.0,1.0,0.0,0.0,0.13636364,0.0,0.13636364,4.7208899410824285,6.230773801637651,0.4090909090909091,2.0769246005458837,0.375,0.20833333,10.82940015454674,5.78599664982033,4.58368359046616,369.30794877206495,238.6497573438503,103.37978830413131,1.33333333,0.26315789,0.42105263,0.31578947,0.16666667,0.5,0.0,0.0,32.0,61.0,93.0,-0.3421440124511719,-0.49581998586654663,0.15367600321769714,-5.537899971008301,-0.5304499864578247,0.5050179958343506,0.4844000041484833,0.8700000047683716,0.03920000046491623,1.0,1.0,-0.34711799025535583,-0.33037076316205205,0.0,0.0,0.51612903,96.41666667,0.20430108,86.15789474,0.27956989,87.07692308,-2.359178304672241,-1.8462897539138794,0.3851308226585388,-4.914954801400503,-9.717314494283576,1.4812723948405337,0.4,0.78787879,0.53763441,0.70833333,0.80769231,0.76,0.35483871,0.59090909,0.12903226,6.0,6.0,7.0,4.0,6.0,9.0,19.0,0.31578947,0.31578947,0.36842105,0.21052632,0.31578947,0.47368421,Luis Castillo,15689,11.518643460968812,9.0,0.35483871,0.16129032,0.20430108,0.27956989,96.62727124763258,95.65333658854166,86.03157766241776,86.98076923076923,-8.805757464784564,-11.042666625976562,-1.3115789513838918,-10.463077251727764,6.524848706794508,2.2286666870117187,0.45736839896754217,1.9976922548734224,-1.7869952954351902,-0.5879910588264465,-1.8462897576391697,0.3851308263838291,-5.415137258894516,-3.9199403921763105,-9.717314513890367,1.4812724091685734,0.41666667,0.66666667,0.53763441,0.7,0.8,0.76,0.48387097,0.27956989,,0.35483871,0.16129032,0.20430108,86.95062725360577,,96.57939009232955,95.6099365234375,85.96124588815789,-9.699147737943209,,-7.890857118548769,-10.524346923828125,-0.3783314102574399,0.6783588849581205,,5.472648851799242,1.1969718933105469,-0.6767326154206929,0.3851308263838291,,-1.7869952954351902,-0.5879910588264465,-1.8462897576391697,1.4812724091685734,,-5.415137258894516,-3.9199403921763105,-9.717314513890367,0.44897959,0.63636364,0.53763441,0.68181818,0.82142857,0.76,0.47311828,19.0,80.51052374588816,11.263157894736842,2.0,0.10526316,107.1,6.0,0.31578947,2019-08-16,0
9,CHC,18,2019,CIN,H,26,0.0,0.0,4.04999806881043,1.0,1.0,0.0,0.0,0.0,0.0,0.0,6.2,28.0,7.0,3.0,3.0,0.0,1.0,0.0,0.0,0.0,0.0,8.0,10.799994850161147,1.3499993562701433,9.449995493891004,8.0,0.125,0.0,8.0,5.0,6.0,1.0,1.0,0.0,0.0,0.28571429,0.03571429,0.25,3.3378897050778007,0.0,0.25925925925925924,1.199999427795683,0.3684210526315789,0.625,1.2640108823771814,2.7859871864332484,2.7559161805957664,90.01870355152073,27.0559980233197,61.785357407252825,1.6,0.31578947,0.42105263,0.26315789,0.2,0.0,3.0,4.04999806881043,33.0,67.0,100.0,0.19779600203037262,-0.3838439881801605,0.5816400051116943,1.6081000566482544,0.15403300523757935,1.1609100103378296,1.045889973640442,0.8700000047683716,1.6008000373840332,1.0,1.0,0.14586299657821655,0.02451713648034254,0.0,0.0,0.54,96.74074074,0.13,87.76923077,0.33,87.72727273,-0.07140298187732697,-0.11741463840007782,1.5865005254745483,-0.13222774421727215,-0.9031895261544447,4.807577349922874,0.31666667,0.825,0.52,0.57894737,0.72727273,0.67307692,0.4,0.64285714,0.17,8.0,7.0,4.0,3.0,7.0,9.0,19.0,0.42105263,0.36842105,0.21052632,0.15789474,0.36842105,0.47368421,Luis Castillo,15689,2.6916861453722887,63.0,0.31,0.23,0.13,0.33,96.78709362399194,96.58695652173913,87.7076885516827,87.65454841382575,-8.295161093434979,-10.992608775263248,-1.6899999471811147,-10.128182151100852,6.414516325919859,2.550869485606318,1.5876922607421875,1.7054545084635417,-0.0020234473049640656,-0.043023284524679184,-0.11741463840007782,1.5737649351358414,-0.006527249370851825,-0.18705775880295297,-0.9031895261544447,4.768984651926792,0.30769231,0.75,0.52,0.5,0.75,0.67307692,0.48,0.33,,0.34,0.2,0.13,87.6264130563447,,96.67316032858456,96.59607543945313,87.6319110576923,-9.459837942412406,,-7.517741932588465,-10.660082244873047,-0.7096904607919546,0.4068808411106919,,5.265848496380975,1.151566505432129,0.43317545377291167,1.5737649351358414,,0.006483104079961777,-0.051529835909605026,-0.11741463840007782,4.768984651926792,,0.019067953176358166,-0.25764917954802513,-0.9031895261544447,0.30769231,0.75,0.52,0.5,0.75,0.67307692,0.48,19.0,87.55789345189145,10.68421052631579,2.0,0.10526316,110.6,6.0,0.31578947,2019-08-11,0
10,LAA,18,2019,CIN,H,26,1.0,0.0,2.5714285714285716,1.0,1.0,0.0,0.0,0.0,0.0,0.0,7.0,25.0,3.0,2.0,2.0,2.0,1.0,0.0,0.0,0.0,0.0,13.0,16.714285714285715,1.2857142857142858,3.857142857142857,13.0,0.0,0.0,5.0,5.0,1.0,2.0,0.0,0.0,0.0,0.52,0.04,0.48,1.5587007348869328,2.5714285714285716,0.125,0.5714285714285714,0.1111111111111111,1.0,3.6425813811165946,-1.071152809688023,1.3491585331303735,57.154759667164136,79.67180479466593,29.7718290774618,1.0,0.09090909,0.45454545,0.45454545,0.4,0.4,7.0,9.0,39.0,80.0,119.0,0.16098399460315704,-0.10588400065898895,0.266867995262146,1.857100009918213,0.17788299918174744,0.47455400228500366,0.5666859745979309,0.8700000047683716,0.3068000078201294,1.0,1.0,0.2845959961414337,0.05463619624975935,0.0,0.0,0.41176471,96.71428571,0.15966387,86.36842105,0.42857143,87.39215686,-0.2745009958744049,-0.6541845798492432,3.067715644836426,-0.5602061140293978,-3.4430767360486483,6.015128715365541,0.41975309,0.63157895,0.48739496,0.47058824,0.70833333,0.56896552,0.31932773,0.76,0.21008403,5.0,3.0,3.0,5.0,2.0,4.0,11.0,0.45454545,0.27272727,0.27272727,0.45454545,0.18181818,0.36363636,Luis Castillo,15689,2.735809029832271,69.0,0.24369748,0.16806723,0.15966387,0.42857143,96.70689655172414,96.62999877929687,86.3210513466283,87.43529794730392,-8.11310340618265,-10.071500396728515,-0.9863157774272718,-9.76705872778799,6.218275925208783,1.859000015258789,-0.111052626057675,1.4696077832988663,-0.2557351626455784,-0.03457378223538399,-0.6541845686733723,3.0519076995551586,-0.881845388433029,-0.17286891117691994,-3.4430766772282753,5.984132744225802,0.3880597,0.61538462,0.48739496,0.53846154,0.59375,0.56896552,0.43697479,0.42857143,,0.25210084,0.15966387,0.15966387,87.41858149509804,,96.69955240885416,96.53081311677632,86.2679443359375,-9.225980870863971,,-7.448758443196614,-9.60041728772615,-0.07106557645295795,0.22073586781819662,,5.2635035196940105,0.6695927569740697,-1.3037124433015521,3.0519076995551586,,0.01203286275267601,-0.3023418076336384,-0.6541845686733723,5.984132744225802,,0.040109542508920036,-1.5912726717559917,-3.4430766772282753,0.37837838,0.66666667,0.48739496,0.53571429,0.6,0.56896552,0.37815126,11.0,84.86363636363636,10.727272727272727,2.0,0.18181818,109.9,3.0,0.27272727,2019-08-05,0
11,PIT,18,2019,CIN,H,26,1.0,0.0,1.2857142857142858,1.0,1.0,0.0,0.0,0.0,0.0,0.0,7.0,27.0,6.0,1.0,1.0,0.0,0.0,0.0,0.0,0.0,0.0,7.0,9.0,0.0,7.714285714285714,7.0,0.0,0.0,13.0,5.0,2.0,0.0,0.0,0.0,0.0,0.25925926,0.0,0.25925926,2.72731391093338,0.0,0.2222222222222222,0.8571428571428571,0.3,0.83333333,1.2140099525451662,0.07170433316911962,2.6348728188446593,28.577379833582068,25.949939042169785,59.0307783953427,2.6,0.1,0.65,0.25,0.0,0.0,4.0,5.142857142857143,36.0,65.0,101.0,0.26981601119041443,-0.19245600700378418,0.4622719883918762,2.357100009918213,0.22577600181102753,0.8043709993362427,0.8978000283241272,0.8700000047683716,1.715999960899353,1.0,1.0,0.28517499566078186,0.05026227322765814,0.0,0.0,0.38613861,96.43589744,0.25742574,86.15384615,0.35643564,87.11111111,-0.6309623718261719,0.8221640586853027,2.2280657291412354,-1.6178522354517229,3.1621694564819336,6.189071469836764,0.44444444,0.73684211,0.55445545,0.32142857,0.85714286,0.58928571,0.37623762,0.59259259,0.22772277,6.0,7.0,7.0,1.0,11.0,8.0,20.0,0.3,0.35,0.35,0.05,0.55,0.4,Luis Castillo,15689,0.8114396926368285,74.0,0.28712871,0.0990099,0.25742574,0.35643564,96.35517409752156,96.44000244140625,86.16922701322116,87.06944444444444,-8.365517451845367,-10.587999725341797,-1.375,-9.949444240993923,6.765172497979526,2.9619998931884766,0.3473076820373535,1.6158332824707031,-0.12079775705933571,-0.5101645961403847,0.8221640810370445,2.270229957997799,-0.4165439898597783,-5.101645961403847,3.162169542450171,6.306194327771664,0.44067797,0.71428571,0.55445545,0.26923077,0.86666667,0.58928571,0.41584158,0.35643564,,0.32673267,0.05940594,0.25742574,87.03605143229167,,96.28444602272727,96.34363810221355,86.0895526592548,-9.470063951280382,,-7.8680808327414775,-10.333141962687174,-0.4445661764878493,0.31287455558776855,,5.4550494569720644,0.7201103369394938,-0.8589781981248122,2.270229957997799,,-0.5782233811914921,-0.0527389720082283,0.8221640810370445,6.306194327771664,,-1.7521920642166426,-0.878982866803805,3.162169542450171,0.46031746,0.71052632,0.55445545,0.31034483,0.88888889,0.58928571,0.37623762,20.0,85.55,7.2,0.0,0.0,111.0,5.0,0.25,2019-07-31,0
12,COL,18,2019,CIN,H,26,0.0,1.0,10.8,1.0,1.0,0.0,0.0,0.0,0.0,0.0,5.0,25.0,8.0,6.0,6.0,2.0,2.0,0.0,0.0,0.0,0.0,6.0,10.8,3.6,14.4,3.0,0.28571429,0.0,7.0,4.0,4.0,1.0,2.0,2.0,0.0,0.24,0.08,0.16,4.276652734886933,3.6,0.34782608695652173,2.0,0.4,0.55555556,7.214009952545166,3.5859900474548345,3.605376362800598,240.04999060208942,158.67454854833676,81.11648928845541,1.75,0.26666667,0.46666667,0.26666667,0.25,0.5,2.0,3.6,36.0,61.0,97.0,-0.33606401085853577,-0.6079239845275879,0.2718600034713745,-3.2448999881744385,-0.3108139932155609,0.8095229864120483,0.7444000244140625,0.8700000047683716,0.29679998755455017,1.0,1.0,-0.19557499885559082,-0.2195633190172987,0.0,0.0,0.40206186,96.30769231,0.22680412,85.54545455,0.37113402,86.88888889,-3.496074676513672,0.5301294326782227,0.3545570373535156,-8.964294042342749,2.4096792394464663,0.9848806593153212,0.41269841,0.79411765,0.54639175,0.42307692,0.77777778,0.60377358,0.35051546,0.64,0.21649485,6.0,7.0,4.0,5.0,7.0,5.0,17.0,0.35294118,0.41176471,0.23529412,0.29411765,0.41176471,0.29411765,Luis Castillo,15689,8.48970225314614,26.0,0.37113402,0.03092784,0.22680412,0.37113402,96.21111382378473,97.0,85.5409102006392,86.73055691189236,-8.080833435058594,-10.34000015258789,-0.9840908917513761,-10.308055453830296,6.780555725097656,3.4200000762939453,0.2690909125588157,1.875277837117513,-2.2048147842288017,-1.2912599369883537,0.5301294066011906,0.36817766726017,-6.124485511746672,-43.041997899611786,2.4096791209145025,1.022715742389361,0.38596491,0.775,0.54639175,0.27272727,0.83870968,0.60377358,0.41237113,0.375,,0.33333333,0.0625,0.22916667,86.75436062282986,,96.24467468261719,96.25836181640625,85.50472190163352,-9.717300415039062,,-7.0075602531433105,-9.896965026855469,-0.19342283769087357,0.60857269499037,,5.949215888977051,3.676698366800944,-0.8839832652698864,0.36817766726017,,-2.3590320460498333,-1.1132088042795658,0.5301294066011906,1.022715742389361,,-7.371975143905729,-18.5534800713261,2.4096791209145025,0.39285714,0.775,0.55208333,0.27272727,0.83870968,0.60377358,0.41666667,17.0,82.26000162760417,9.133333333333333,2.0,0.11764706,103.2,4.0,0.23529412,2019-07-26,0
13,STL,18,2019,CIN,H,26,0.0,0.0,1.5,1.0,1.0,0.0,0.0,0.0,0.0,0.0,6.0,22.0,5.0,1.0,1.0,1.0,1.0,0.0,0.0,0.0,0.0,4.0,6.0,1.5,7.5,4.0,0.0,0.0,10.0,5.0,2.0,0.0,0.0,0.0,0.0,0.18181818,0.04545455,0.13636363,4.228993352495941,1.5,0.23809523809523808,1.0,0.25,1.0,4.5473432858785,-3.0473432858785,4.038349963227908,33.340276472512414,99.68583321226255,90.9696524458089,2.0,0.11764706,0.58823529,0.29411765,0.0,0.2,0.0,0.0,29.0,59.0,88.0,0.19869600236415863,-0.377344012260437,0.5760400295257568,2.3060998916625977,0.22089099884033203,1.1779299974441528,1.0666699409484863,0.8700000047683716,1.0260000228881836,1.0,1.0,0.13161200284957886,0.03707034906885853,0.0,0.0,0.59090909,96.30769231,0.17045455,85.93333333,0.23863636,86.66666667,1.7967458963394165,0.7663368582725525,-1.402424931526184,3.4552805698834934,5.108912388483684,-6.678213959648496,0.43859649,0.77419355,0.55681818,0.56,0.79166667,0.67346939,0.35227273,0.77272727,0.18181818,4.0,9.0,4.0,1.0,11.0,5.0,17.0,0.23529412,0.52941176,0.23529412,0.05882353,0.64705882,0.29411765,Luis Castillo,15689,4.1771966048387625,59.0,0.38636364,0.20454545,0.17045455,0.23863636,96.36470301011029,96.10555691189236,85.9933349609375,86.60952613467262,-7.552940817440257,-10.423333062065971,-1.3580000559488932,-8.966190156482515,6.520588145536535,1.9077777862548828,0.5206666628519694,1.6704762776692708,-0.7660163380205631,2.562762178480625,0.7663368321955204,-1.4024249352514744,-2.2529892294722442,14.237567658225695,5.108912214636803,-6.678213977387973,0.3877551,0.76923077,0.55681818,0.57894737,0.73333333,0.67346939,0.44318182,0.23863636,,0.38636364,0.20454545,0.17045455,86.38033621651786,,96.14816463694854,95.87598334418402,85.73154296875,-8.374800909133185,,-6.670977872960708,-9.868572658962673,-0.36399501164754233,0.4578714824858166,,5.588947071748621,0.6912841267055936,-0.7693728764851888,-1.4024249352514744,,-0.7660163380205631,2.562762178480625,0.7663368321955204,-6.678213977387973,,-2.2529892294722442,14.237567658225695,5.108912214636803,0.38888889,0.82352941,0.55681818,0.61904762,0.71428571,0.67346939,0.38636364,17.0,83.52353084788604,5.117647058823529,1.0,0.05882353,104.4,6.0,0.35294118,2019-07-20,0
14,@CHC,18,2019,CIN,A,26,1.0,0.0,4.5,1.0,1.0,0.0,0.0,0.0,0.0,0.0,6.0,27.0,7.0,3.0,3.0,1.0,3.0,0.0,0.0,1.0,0.0,10.0,15.0,4.5,10.5,3.33333333,0.14285714,0.0,7.0,3.0,4.0,1.0,1.0,0.0,0.0,0.37037037,0.11111111,0.25925926,3.375818718941912,1.5,0.2916666666666667,1.6666666666666667,0.46153846153846156,0.81395349,3.5473432858785,0.9526567141214999,2.3752806256214782,100.02082941753724,77.56506496123473,53.123249087138014,2.33333333,0.28571429,0.5,0.21428571,0.33333333,0.33333333,4.0,6.0,42.0,63.0,105.0,-0.06066000089049339,-0.6023600101470947,0.541700005531311,0.13199999928474426,0.013134299777448177,1.1167099475860596,0.914667010307312,0.9200000166893005,1.909999966621399,1.0,1.0,-0.20149900019168854,0.14717871673615085,0.0,0.0,0.5047619,96.43396226,0.16190476,86.64705882,0.33333333,87.17142857,-1.4042060375213623,0.8336045742034912,-0.11449634283781052,-2.649445353813891,4.903556318844066,-0.32713240810803,0.38235294,0.7027027,0.4952381,0.26923077,0.76923077,0.51923077,0.35238095,0.55555556,0.23809524,4.0,3.0,7.0,3.0,5.0,6.0,14.0,0.28571429,0.21428571,0.5,0.21428571,0.35714286,0.42857143,Luis Castillo,15689,4.30516052817421,51.0,0.20952381,0.2952381,0.16190476,0.33333333,96.6681795987216,96.24193548387096,86.69412051930146,87.09142717633928,-7.806363886052912,-10.814516129032258,-1.745294122134938,-9.592286028180803,6.565454656427557,2.0248387244439896,1.0200000089757584,1.708857182094029,-0.13901619240641594,-1.2851566933095455,0.8208689652383327,-0.13996761292219162,-0.631891783665527,-4.145666752611437,4.828640971990192,-0.3999074654919761,0.3968254,0.66666667,0.5047619,0.28,0.75,0.52830189,0.4,0.33333333,,0.20952381,0.2952381,0.16190476,87.065625,,96.62727494673295,96.20611769153226,86.61103372012867,-9.089180210658482,,-6.930218783291903,-10.384913290700604,-0.8243858113008387,0.405683353969029,,5.589353388006037,0.8456756837906376,-0.29186220730052276,-0.13996761292219162,,-0.13901619240641594,-1.2851566933095455,0.8208689652383327,-0.3999074654919761,,-0.631891783665527,-4.145666752611437,4.828640971990192,0.3968254,0.66666667,0.5047619,0.28,0.75,0.52830189,0.4,14.0,89.55714634486607,8.214285714285714,1.0,0.07142857,110.1,4.0,0.28571429,2019-07-15,0
15,MIL,18,2019,CIN,H,26,1.0,0.0,0.0,1.0,1.0,0.0,0.0,0.0,0.0,0.0,7.2,27.0,1.0,0.0,0.0,0.0,1.0,0.0,2.0,0.0,0.0,9.0,10.565213010533785,1.173912556725976,1.173912556725976,9.0,0.0,0.0,8.0,6.0,1.0,0.0,0.0,0.0,0.0,0.33333333,0.03703704,0.29629629,2.9438050792745187,0.0,0.041666666666666664,0.2608694570502169,0.06666666666666667,1.0,2.04009739581919,-2.04009739581919,3.5968682386115174,0.0,44.22362792991857,80.92287024166987,1.33333333,0.06666667,0.53333333,0.4,0.0,0.0,1.0,1.173912556725976,35.0,62.0,97.0,0.5477520227432251,-0.13011600077152252,0.6778680086135864,4.15910005569458,0.39838099479675293,1.0701600313186646,1.3229000568389893,0.8700000047683716,2.0592000484466553,1.0,1.0,0.45831000804901123,0.05353121822840656,0.0,0.0,0.42268041,96.51219512,0.16494845,85.75,0.41237113,86.85,0.6464444398880005,0.7055982351303101,3.4449574947357178,1.5766937558243914,4.409988969564438,8.612393736839294,0.27272727,0.69047619,0.45360825,0.46666667,0.79310345,0.68181818,0.43298969,0.66666667,0.1443299,7.0,7.0,1.0,5.0,4.0,6.0,15.0,0.46666667,0.46666667,0.06666667,0.33333333,0.26666667,0.4,Luis Castillo,15689,1.1695925764666297,91.0,0.17894737,0.23157895,0.16842105,0.42105263,96.35882209329044,96.48182262073864,85.57499694824219,86.84249877929688,-8.007647346047793,-10.789545232599432,-1.466249942779541,-9.808499908447265,6.259411980124081,2.8127273212779653,0.328125,1.5260000228881836,0.05928852781653404,0.7302725240588188,0.7055982388556004,3.4449574425816536,0.348756045979612,3.3194205639037215,4.409988992847502,8.612393606454134,0.25,0.64705882,0.46315789,0.36363636,0.78787879,0.68181818,0.53684211,0.42105263,,0.17894737,0.23157895,0.16842105,86.65950927734374,,96.16159237132354,96.26935369318181,85.34139251708984,-9.20719223022461,,-7.039058460908778,-10.169429432262074,-0.45099321007728577,0.3090837001800537,,5.423756318933823,1.7170406688343396,-0.8709242939949036,3.4449574425816536,,0.05928852781653404,0.7302725240588188,0.7055982388556004,8.612393606454134,,0.348756045979612,3.3194205639037215,4.409988992847502,0.25,0.64705882,0.46315789,0.36363636,0.78787879,0.68181818,0.53684211,15.0,91.6066650390625,5.0,0.0,0.0,107.6,4.0,0.26666667,2019-07-04,0
16,CHC,18,2019,CIN,H,26,0.0,1.0,1.2857142857142858,1.0,1.0,0.0,0.0,0.0,0.0,0.0,7.0,26.0,3.0,1.0,1.0,1.0,3.0,0.0,0.0,0.0,0.0,6.0,7.714285714285714,3.857142857142857,3.857142857142857,2.0,0.16666667,0.0,12.0,4.0,1.0,0.0,2.0,0.0,0.0,0.23076923,0.11538462,0.11538461,4.3399606187530875,1.2857142857142858,0.13043478260869565,0.8571428571428571,0.125,1.0,4.642581381116595,-3.3568670954023094,3.922128817013332,28.577379833582068,101.79257304569379,88.32481240277468,3.0,0.05882353,0.70588235,0.23529412,0.0,0.25,0.0,0.0,39.0,62.0,101.0,0.28088799118995667,-0.37749600410461426,0.6583840250968933,2.857100009918213,0.2736690044403076,1.0466599464416504,0.9425709843635559,0.8700000047683716,0.9643999934196472,1.0,1.0,0.09950319677591324,0.16886284908730803,0.0,0.0,0.44554455,96.33333333,0.15841584,85.375,0.3960396,86.775,1.9193719625473022,-1.2973750829696655,1.5104951858520508,4.265271027882894,-8.10859426856041,3.776237964630127,0.38095238,0.65789474,0.48514851,0.375,0.8,0.59183673,0.37623762,0.65384615,0.1980198,6.0,10.0,1.0,3.0,8.0,6.0,17.0,0.35294118,0.58823529,0.05882353,0.17647059,0.47058824,0.35294118,Luis Castillo,15689,3.8271134484732507,67.0,0.13861386,0.30693069,0.15841584,0.3960396,96.32142857142857,96.26451455393145,85.3812484741211,86.79000244140624,-7.728571210588727,-9.993870888986896,-1.2112500667572021,-9.606749725341796,6.078571319580078,2.60741941390499,-0.1887499988079071,1.88799991607666,-0.8411130383610725,2.760484989732504,-1.2973750345408916,1.510495200753212,-6.007950274007661,8.90479028945969,-8.108593965880573,3.7762380018830295,0.32758621,0.69767442,0.48514851,0.26315789,0.8,0.59183673,0.42574257,0.3960396,,0.13861386,0.30693069,0.15841584,86.676904296875,,96.1942138671875,96.14088489163306,85.23065185546875,-9.021021270751953,,-6.987384796142578,-9.412008962323588,-0.29179051518440247,0.6193197250366211,,5.3372361319405695,1.5260682875110256,-1.3782567977905273,1.510495200753212,,-0.8411130383610725,2.760484989732504,-1.2973750345408916,3.7762380018830295,,-6.007950274007661,8.90479028945969,-8.108593965880573,0.33898305,0.69047619,0.48514851,0.3,0.79310345,0.59183673,0.41584158,17.0,87.54706169577206,-1.1176470588235294,1.0,0.05882353,109.1,7.0,0.41176471,2019-06-29,0
17,@MIL,18,2019,CIN,A,26,0.0,1.0,9.818172667645873,1.0,1.0,0.0,0.0,0.0,0.0,0.0,3.2,22.0,5.0,6.0,4.0,1.0,5.0,0.0,0.0,1.0,0.0,6.0,14.72725900146881,12.27271583455734,12.27271583455734,1.2,0.33333333,0.0,3.0,4.0,4.0,1.0,1.0,0.0,0.0,0.27272727,0.22727273,0.04545454,6.325088416178627,2.4545431669114683,0.29411764705882354,2.727270185457187,0.4,0.46511628,7.577642249276665,2.2405304183692083,6.202234090596157,218.2270607961188,166.71837431292323,140.21307823325802,0.75,0.36363636,0.27272727,0.36363636,0.25,0.25,4.0,9.818172667645873,46.0,50.0,96.0,-0.42603200674057007,-0.7906540036201477,0.36462199687957764,-4.0970001220703125,-0.39990198612213135,1.2594300508499146,0.9215999841690063,0.8432000279426575,0.5997999906539917,1.0,1.0,-0.3105059862136841,-0.027767668963168624,0.0,0.0,0.53125,96.0,0.19791667,84.42105263,0.27083333,86.53846154,-3.1045520305633545,-0.7385901808738708,0.9361836910247803,-6.087356922673244,-3.8873167414414254,3.600706503941463,0.25396825,0.72727273,0.41666667,0.375,0.75,0.6,0.34375,0.40909091,0.16666667,5.0,3.0,3.0,2.0,2.0,7.0,11.0,0.45454545,0.27272727,0.27272727,0.18181818,0.18181818,0.63636364,Luis Castillo,15689,8.599027767009735,24.0,0.42708333,0.10416667,0.19791667,0.27083333,95.78780606897865,96.3,84.30526572779605,86.49615009014423,-8.50585342035061,-11.676000213623047,-1.5347368340743215,-10.42153813288762,6.470243872665778,2.821000099182129,-0.5494736621254369,1.076538452735314,-0.29278261587023735,-2.811769489198923,-0.738590195775032,0.9234480299055576,-0.7141039411469203,-28.11769489198923,-3.8873168198685892,3.5517231919444523,0.26229508,0.68571429,0.41666667,0.3125,0.79166667,0.6,0.36458333,0.27083333,,0.42708333,0.10416667,0.19791667,86.41238168569711,,95.76463652820122,95.989697265625,84.17792711759868,-9.806726895845854,,-7.750444365710747,-11.397450256347657,-0.4618606065448962,-0.18463562085078314,,5.674284400009528,1.8671266555786132,-1.7684253893400494,0.9234480299055576,,-0.28369707614183426,-2.820855028927326,-0.738590195775032,3.5517231919444523,,-0.6919440881508153,-28.20855028927326,-3.8873168198685892,0.25,0.69444444,0.41666667,0.33333333,0.76,0.6,0.375,11.0,95.40000221946023,17.818181818181817,2.0,0.18181818,111.3,6.0,0.54545455,2019-06-22,0
18,HOU,18,2019,CIN,H,26,1.0,0.0,3.0,1.0,1.0,0.0,0.0,0.0,0.0,0.0,6.0,25.0,2.0,2.0,2.0,0.0,6.0,0.0,0.0,1.0,0.0,7.0,10.5,9.0,3.0,1.16666667,0.0,0.0,7.0,2.0,3.0,0.0,0.0,0.0,0.0,0.28,0.24,0.04,6.335038334886933,0.0,0.10526315789473684,1.3333333333333333,0.16666666666666666,0.75,3.880676619211833,-0.8806766192118332,4.543745956818263,66.68055294502483,84.938654378244,102.4709291495247,3.5,0.25,0.58333333,0.16666667,0.0,0.0,3.0,4.5,48.0,54.0,102.0,0.22750400006771088,-0.2946839928627014,0.5221880078315735,2.292099952697754,0.2195499986410141,1.0005700588226318,1.0001699924468994,0.8700000047683716,2.6031999588012695,1.0,1.0,0.2066809982061386,0.020693385088334765,0.0,0.0,0.56862745,96.62068966,0.15686275,85.4375,0.2745098,87.46428571,1.2801647186279297,0.6942338347434998,0.2929137349128723,2.2071805493584997,4.3389614671468735,1.046120481831687,0.23076923,0.59459459,0.3627451,0.4,0.81818182,0.64864865,0.3627451,0.56,0.12745098,4.0,6.0,2.0,0.0,7.0,5.0,12.0,0.33333333,0.5,0.16666667,0.0,0.58333333,0.41666667,Luis Castillo,15689,4.780056325752202,61.0,0.24509804,0.32352941,0.15686275,0.2745098,96.98400390625,96.21212121212122,85.2874984741211,87.44642857142857,-8.479600219726562,-10.680605801669033,-1.4199999570846558,-10.238571166992188,6.375599975585938,2.736666592684659,-0.0806250125169754,2.5557141985212053,0.0559857040643692,1.2241789661347866,0.73639802262187,0.28017809614539146,0.22394281625747683,3.7096332307114745,4.602487641386688,1.0006360576621123,0.24193548,0.55,0.3627451,0.4,0.81818182,0.64864865,0.39215686,0.2745098,,0.24509804,0.32352941,0.15686275,87.46140834263393,,96.959892578125,96.2022372159091,85.24272155761719,-9.612494332449776,,-7.689730834960938,-10.240242697975852,-0.5166076421737671,1.3010692596435547,,5.5871923828125,1.6582138755104758,-1.2726950645446777,0.28017809614539146,,0.0559857040643692,1.2241789661347866,0.73639802262187,1.0006360576621123,,0.22394281625747683,3.7096332307114745,4.602487641386688,0.25396825,0.53846154,0.3627451,0.375,0.85714286,0.64864865,0.38235294,12.0,88.11666870117188,3.4166666666666665,0.0,0.0,103.2,3.0,0.25,2019-06-17,0
19,@CLE,18,2019,CIN,A,26,0.0,0.0,1.5,1.0,1.0,0.0,0.0,0.0,0.0,0.0,6.0,24.0,4.0,1.0,1.0,1.0,2.0,0.0,0.0,1.0,0.0,6.0,9.0,3.0,6.0,3.0,0.0,0.0,4.0,8.0,4.0,0.0,0.0,0.0,0.0,0.25,0.08333333,0.16666667,4.598520349921655,1.5,0.18181818181818182,1.0,0.2,1.0,4.380676619211833,-2.880676619211833,4.866287302970887,33.340276472512414,95.99903850375792,109.81098984952523,0.5,0.25,0.25,0.5,0.0,0.125,1.0,1.5,45.0,64.0,109.0,0.2590399980545044,-0.4239799976348877,0.6830199956893921,2.5999999046325684,0.2342340052127838,1.2710399627685547,1.0566699504852295,0.8700000047683716,1.5199999809265137,1.0,1.0,0.13559700548648834,0.06820461023161109,0.0,0.0,0.4587156,97.24,0.1559633,85.64705882,0.3853211,87.95238095,-0.8161424994468689,0.35504403710365295,1.0097639560699463,-1.6322849988937378,2.088494335903841,2.404199895404634,0.33333333,0.73529412,0.4587156,0.6,0.76,0.68,0.31192661,0.45833333,0.14678899,6.0,6.0,4.0,0.0,11.0,5.0,16.0,0.375,0.375,0.25,0.0,0.6875,0.3125,Luis Castillo,15689,5.2178865846744955,61.0,0.33027523,0.12844037,0.1559633,0.3853211,97.09444173177083,97.46428571428571,85.62352797564338,87.91904994419643,-7.886110941569011,-11.09500013078962,-1.0547059003044577,-10.148571196056547,7.097499847412109,3.062857219151088,-0.6276470633114085,2.151190439860026,0.03647879883646965,-0.8526213243603706,0.35504402592778206,1.0391925275325775,0.10132999676797125,-6.090152316859791,2.088494270163424,2.474267922696613,0.265625,0.73333333,0.4587156,0.47058824,0.78787879,0.68,0.41284404,0.3853211,,0.33944954,0.11926606,0.1559633,87.70643252418155,,96.92316168707771,97.15506685697116,85.37235753676471,-9.689942859468006,,-7.287920977618243,-10.734207153320312,-0.211321985020357,0.9747606004987445,,6.290417645428632,2.063092305110051,-1.736886978149414,1.0391925275325775,,-0.052755195647478104,-0.7633873298764229,0.35504402592778206,2.474267922696613,,-0.14258160985804894,-5.872210229818638,2.088494270163424,0.265625,0.73333333,0.4587156,0.47058824,0.78787879,0.68,0.41284404,16.0,87.4937515258789,17.25,1.0,0.0625,105.4,4.0,0.25,2019-06-11,0
20,@STL,18,2019,CIN,A,26,1.0,0.0,1.5,1.0,1.0,0.0,0.0,0.0,0.0,0.0,6.0,24.0,2.0,1.0,1.0,1.0,4.0,0.0,0.0,0.0,0.0,8.0,12.0,6.0,3.0,2.0,0.2,0.0,5.0,6.0,1.0,0.0,1.0,0.0,0.0,0.33333333,0.16666667,0.16666666,4.616367688478182,1.5,0.1,1.0,0.09090909090909091,1.0,4.714009952545167,-3.214009952545167,4.53655129869779,33.340276472512414,103.37262792076717,102.30720059828634,0.83333333,0.08333333,0.41666667,0.5,0.0,0.16666667,4.0,6.0,43.0,68.0,111.0,0.19845999777317047,-0.21729999780654907,0.41576001048088074,1.934000015258789,0.20145800709724426,0.925000011920929,0.9446669816970825,0.8700000047683716,1.0520000457763672,1.0,1.0,0.1632709950208664,0.051280351158073195,0.0,0.0,0.44144144,97.10204082,0.22522523,85.76,0.33333333,87.51351351,-0.7327697277069092,0.4082385003566742,2.1907155513763428,-1.4954484238916514,1.6329540014266966,5.920852841557683,0.39240506,0.46875,0.41441441,0.64516129,0.66666667,0.65217391,0.28828829,0.5,0.14414414,6.0,2.0,4.0,1.0,6.0,5.0,12.0,0.5,0.16666667,0.33333333,0.08333333,0.5,0.41666667,Luis Castillo,15689,4.069061660265506,63.0,0.22522523,0.21621622,0.22522523,0.33333333,96.927998046875,97.1124979654948,85.73599609375,87.43243243243244,-8.256799926757813,-10.6875,-0.8968000030517578,-9.474054284997889,7.053200073242188,3.8854166666666665,-0.18920000076293944,3.063783800279772,-0.04032215476036072,-0.7051832228899002,0.4082384891808033,2.1907155215740204,-0.16128861904144287,-2.9382634287079172,1.6329539567232134,5.920852761010866,0.37333333,0.5,0.41441441,0.60714286,0.72222222,0.65217391,0.32432432,0.33333333,,0.22522523,0.21621622,0.22522523,87.43933435388513,,96.9090625,97.10477701822917,85.7030859375,-8.976518785631335,,-7.501971435546875,-10.08273696899414,0.06364877223968506,1.725638724662162,,6.076696166992187,2.6693054835001626,-1.5951748657226563,2.1907155215740204,,-0.04032215476036072,-0.8723500221967697,0.4082384891808033,5.920852761010866,,-0.16128861904144287,-3.6347917591532073,1.6329539567232134,0.38157895,0.48571429,0.41441441,0.62068966,0.70588235,0.65217391,0.31531532,12.0,84.30833435058594,15.5,1.0,0.08333333,106.9,4.0,0.33333333,2019-06-04,0
21,PIT,18,2019,CIN,H,26,0.0,0.0,1.68750100582898,1.0,1.0,0.0,0.0,0.0,0.0,0.0,5.1,26.0,6.0,3.0,1.0,0.0,4.0,0.0,1.0,0.0,1.0,4.0,6.75000402331592,6.75000402331592,10.12500603497388,1.0,0.16666667,0.0,12.0,1.0,4.0,0.0,2.0,0.0,0.0,0.15384615,0.15384615,0.0,5.293297818348501,0.0,0.2857142857142857,1.8750011175877557,0.35294117647058826,0.72727273,4.526510734856595,-2.839009729027615,4.899487459571665,37.50783338798732,99.22500117902929,110.56652450455799,12.0,0.23529412,0.70588235,0.05882353,0.0,0.0,3.0,5.06250301748694,44.0,57.0,101.0,-0.024507999420166016,-0.5417119860649109,0.5172039866447449,0.34209999442100525,0.03276820108294487,1.3273299932479858,1.0143300294876099,0.8700000047683716,3.1012001037597656,1.0,1.0,-0.07460670173168182,0.05614256730781127,0.0,0.0,0.54455446,96.50909091,0.21782178,85.5,0.23762376,87.16666667,0.54712975025177,0.31633466482162476,-0.8670558929443359,0.9947813640941274,1.4378848400982942,-3.6127328872680664,0.30555556,0.72413793,0.42574257,0.5,0.95238095,0.72093023,0.28712871,0.53846154,0.11881188,6.0,9.0,2.0,2.0,6.0,9.0,17.0,0.35294118,0.52941176,0.11764706,0.11764706,0.35294118,0.52941176,Luis Castillo,15689,5.566583643523097,47.0,0.32673267,0.21782178,0.21782178,0.23762376,96.23939098011364,96.79090465198864,85.49545565518466,87.12917073567708,-7.859393495501894,-10.289090936834162,-1.0736364017833362,-9.507499694824219,6.738484700520833,2.8190909298983486,0.09727273204109886,2.324999968210856,-0.2556576654314995,0.8027874417603016,0.3035990260541439,-0.8670558631420135,-0.7747201982772711,3.649033826183189,1.3799955729733815,-3.612732763091723,0.25396825,0.71052632,0.42574257,0.375,0.92592593,0.72093023,0.37623762,0.21782178,,0.31683168,0.21782178,0.21782178,87.0835293856534,,96.16445922851562,96.71230246803977,85.38489324396306,-8.901274941184305,,-6.879148960113525,-9.70447470925071,-0.07067316770553589,1.0607985583218662,,5.84207820892334,1.7104294516823508,-1.295878063548695,-1.1869023367762566,,-0.32155171036720276,0.8027874417603016,0.3035990260541439,-5.395010621710257,,-1.0048490948975086,3.649033826183189,1.3799955729733815,0.25396825,0.71052632,0.42574257,0.375,0.92592593,0.72093023,0.37623762,17.0,91.0,-1.8235294117647058,0.0,0.0,107.9,9.0,0.52941176,2019-05-27,1
22,@MIL,18,2019,CIN,A,26,0.0,0.0,13.499982699774025,1.0,1.0,0.0,0.0,0.0,0.0,0.0,2.2,17.0,5.0,4.0,4.0,2.0,3.0,0.0,1.0,0.0,0.0,2.0,6.749991349887012,10.124987024830519,16.87497837471753,0.66666667,0.0,0.0,4.0,3.0,3.0,0.0,0.0,1.0,0.0,0.11764706,0.17647059,-0.05882353,7.313524045338765,6.749991349887012,0.38461538461538464,2.9999961555053387,0.3333333333333333,0.80645161,15.963993613442856,-2.4640109136688313,8.451862254659861,300.062103723067,352.23090931133464,191.4077776838049,1.33333333,0.3,0.4,0.3,0.0,0.66666667,6.0,20.249974049661038,31.0,44.0,75.0,-0.19557400047779083,-0.4753200113773346,0.27974599599838257,-3.0179998874664307,-0.2945829927921295,1.055400013923645,0.6931329965591431,0.8700000047683716,2.293800115585327,1.0,1.0,-0.2357739955186844,0.05046605739320695,0.0,0.0,0.54666667,96.7804878,0.2,86.06666667,0.25333333,87.21052632,-1.3196089267730713,0.9534672498703003,-3.156395673751831,-3.2185583579831007,6.356448332468669,-16.612608809220163,0.17073171,0.82352941,0.46666667,0.71428571,0.82142857,0.8,0.45333333,0.58823529,0.09333333,6.0,5.0,0.0,1.0,5.0,5.0,11.0,0.54545455,0.45454545,0.0,0.09090909,0.45454545,0.45454545,Luis Castillo,15689,19.622488688748003,18.0,0.38666667,0.16,0.2,0.25333333,96.57586038523706,96.91666666666667,85.93333333333334,87.07368549547698,-8.189999810580549,-11.109166463216146,-1.1006666819254558,-10.158947593287417,6.9765514505320585,3.0791667302449546,0.2326666831970215,1.5221052671733655,-1.2902152612805367,-0.029393721371889114,0.9534672796726227,-3.1563955806195736,-4.449018142346678,-0.24494767809907594,6.356448531150819,-16.612608319050388,0.13888889,0.76923077,0.46666667,0.6,0.8,0.77142857,0.52,0.25333333,,0.4,0.14666667,0.2,87.14456337376645,,96.6560546875,96.88331187855114,85.93097330729167,-9.545453523334704,,-7.39082997639974,-10.722318475896662,-0.22042539914449055,0.42340675153230367,,5.971647644042969,1.7145071896639736,-0.9275660832722982,-3.1563955806195736,,-1.352256953716278,0.03264797106385231,0.9534672796726227,-16.612608319050388,,-4.50752317905426,0.29679973694411194,6.356448531150819,0.13888889,0.76923077,0.46666667,0.6,0.8,0.77142857,0.52,11.0,89.25,6.9,2.0,0.18181818,104.9,5.0,0.45454545,2019-05-22,0
23,CHC,18,2019,CIN,H,26,1.0,0.0,3.37500201165796,1.0,1.0,0.0,0.0,0.0,0.0,0.0,5.1,19.0,2.0,2.0,2.0,0.0,1.0,0.0,0.0,0.0,0.0,6.0,10.12500603497388,1.68750100582898,3.37500201165796,6.0,0.1,0.0,10.0,1.0,1.0,0.0,1.0,0.0,0.0,0.31578947,0.05263158,0.26315789,2.014287889429066,0.0,0.1111111111111111,0.5625003352763267,0.16666666666666666,0.33333333,1.5265089467161865,1.8484930649417737,1.8994856714312554,75.01566677597464,32.862656870906214,42.29560207019507,10.0,0.08333333,0.83333333,0.08333333,0.0,0.0,3.0,5.06250301748694,29.0,47.0,76.0,0.06833600252866745,-0.21614399552345276,0.2844800055027008,1.013100028038025,0.09704019874334335,0.7439579963684082,0.8649330139160156,0.8700000047683716,1.0492000579833984,1.0,1.0,0.25493499636650085,-0.16308034481057154,0.0,0.0,0.57894737,96.68181818,0.15789474,85.66666667,0.26315789,87.85,3.1234915256500244,0.21152713894844055,-1.0288803577423096,7.098844376477328,1.7627261579036713,-5.144401788711548,0.29545455,0.8125,0.51315789,0.61538462,0.88461538,0.79487179,0.42105263,0.36842105,0.10526316,5.0,4.0,3.0,5.0,5.0,2.0,12.0,0.41666667,0.33333333,0.25,0.41666667,0.41666667,0.16666667,Luis Castillo,15689,0.9092751739777539,66.0,0.31578947,0.26315789,0.15789474,0.26315789,96.59583536783855,96.84000244140626,85.7000020345052,87.74000244140625,-8.009583155314127,-10.666500091552734,-0.7550000349680582,-9.502999877929687,7.091250101725261,3.264500045776367,0.38999998569488525,1.6950000762939452,0.46803687512874603,2.6554547026753426,0.21152713522315025,-1.0288803987205029,1.950153646369775,13.277273513376715,1.7627261268595855,-5.144401993602514,0.37209302,0.6969697,0.51315789,0.625,0.91304348,0.79487179,0.43421053,0.26315789,,0.31578947,0.26315789,0.15789474,87.76884155273437,,96.58413696289062,96.84841918945312,85.6847432454427,-8.896952056884766,,-7.236565272013347,-10.170332336425782,0.15605878829956055,0.41190309524536134,,6.246029535929362,2.156479072570801,-0.912726879119873,-1.0288803987205029,,0.46803687512874603,2.6554547026753426,0.21152713522315025,-5.144401993602514,,1.950153646369775,13.277273513376715,1.7627261268595855,0.4,0.67741935,0.51315789,0.66666667,0.9047619,0.79487179,0.40789474,12.0,79.98333231608073,-11.833333333333334,0.0,0.0,100.4,4.0,0.33333333,2019-05-16,0
24,@SFG,18,2019,CIN,A,26,1.0,0.0,0.0,1.0,1.0,0.0,0.0,0.0,0.0,0.0,6.0,25.0,2.0,0.0,0.0,0.0,5.0,0.0,0.0,0.0,1.0,11.0,16.5,7.5,3.0,2.2,0.14285714,0.0,7.0,2.0,0.0,0.0,1.0,0.0,0.0,0.44,0.2,0.24,4.159713534886933,0.0,0.1,1.1666666666666667,0.2222222222222222,1.0,2.0473432858785,-2.0473432858785,2.71041262348493,0.0,44.38391258469297,60.7498347518056,3.5,0.0,0.77777778,0.22222222,0.0,0.0,4.0,6.0,41.0,62.0,103.0,0.231687992811203,-0.21089999377727509,0.4425880014896393,2.885999917984009,0.3039489984512329,0.8865540027618408,0.7524330019950867,0.8700000047683716,0.6628000140190125,1.0,1.0,0.15437699854373932,0.10695845546068239,0.0,0.0,0.45631068,96.82978723,0.15533981,86.0,0.38834951,87.6,0.9102159142494202,0.4761207401752472,0.7988700270652771,1.9366296047860003,2.975754626095295,1.9971750676631927,0.36486486,0.5862069,0.42718447,0.40740741,0.64705882,0.5,0.2815534,0.64,0.21359223,2.0,3.0,4.0,4.0,3.0,2.0,9.0,0.22222222,0.33333333,0.44444444,0.44444444,0.33333333,0.22222222,Luis Castillo,15689,1.241662257067117,73.0,0.2815534,0.17475728,0.15533981,0.38834951,96.68276030441811,96.99444580078125,85.7874984741211,87.55250244140625,-7.970344806539601,-11.292778015136719,-0.675000011920929,-10.251750183105468,7.017586017477101,3.481111102634006,-0.10125000029802322,1.7052499771118164,0.5219493173062801,0.3882666118443012,0.4761207401752472,0.7988700196146965,1.7998252320906212,2.1570367324683404,2.975754626095295,1.9971750490367413,0.37313433,0.52777778,0.42718447,0.44,0.57894737,0.5,0.34951456,0.37864078,,0.2815534,0.18446602,0.15533981,87.66319235777243,,96.50009260506465,97.03120502672698,85.85481262207031,-9.622664231520433,,-7.164952245251886,-10.893759476511102,0.21000395715236664,0.2918280087984525,,5.899846044080011,2.4487965232447575,-1.3556238412857056,0.7532970495522022,,0.6641118600964546,0.291677039116621,0.4761207401752472,1.931530896287698,,2.290040896884326,1.5351423111401106,2.975754626095295,0.36923077,0.52631579,0.42718447,0.41666667,0.6,0.5,0.36893204,9.0,76.81110975477431,3.6666666666666665,0.0,0.0,102.0,1.0,0.11111111,2019-05-10,0
25,SFG,18,2019,CIN,H,26,0.0,0.0,5.142857142857143,1.0,1.0,0.0,0.0,0.0,0.0,0.0,7.0,25.0,4.0,4.0,4.0,1.0,2.0,0.0,0.0,0.0,0.0,9.0,11.571428571428571,2.5714285714285716,5.142857142857143,4.5,0.0,0.0,11.0,3.0,0.0,0.0,0.0,0.0,0.0,0.36,0.08,0.28,2.6598271348869322,1.2857142857142858,0.17391304347826086,0.8571428571428571,0.23076923076923078,0.43478261,3.356867095402309,1.7859900474548343,2.352241958039148,114.30951933432827,73.35158529437228,52.598959037137966,3.66666667,0.0,0.78571429,0.21428571,0.0,0.33333333,4.0,5.142857142857143,33.0,59.0,92.0,-0.03909600153565407,-0.5091919898986816,0.47009599208831787,-0.1429000049829483,-0.013687700033187866,0.879584014415741,0.843313992023468,0.8700000047683716,1.868399977684021,1.0,1.0,0.15916499495506287,-0.20361328061612433,0.0,0.0,0.52173913,96.02083333,0.05434783,86.0,0.42391304,87.15384615,0.8236581087112427,0.1325770914554596,1.7393150329589844,1.7159543931484222,2.651541829109192,4.459782135792267,0.40983607,0.67741935,0.5,0.4,0.76190476,0.56521739,0.33695652,0.48,0.2173913,6.0,5.0,3.0,2.0,6.0,6.0,14.0,0.42857143,0.35714286,0.21428571,0.14285714,0.42857143,0.42857143,Luis Castillo,15689,2.1331291082077954,61.0,0.33695652,0.18478261,0.05434783,0.42391304,95.7741935483871,96.4058837890625,85.87999877929687,87.06922951722757,-8.419031943044354,-11.087647381950827,-1.4,-10.031538743239183,6.7029030092300905,3.177058724796071,1.2279999732971192,1.2264102055476263,0.7436116822063923,0.12221065536141396,0.11984145641326904,1.7486875914037228,2.398747361956104,0.7188862080083174,2.396829128265381,4.483814336932623,0.37288136,0.72727273,0.5,0.54545455,0.58333333,0.56521739,0.35869565,0.42391304,,0.33695652,0.18478261,0.05434783,87.10610727163461,,95.79788306451613,96.41859346277573,85.90477905273437,-9.417052440154247,,-7.7306356122416835,-10.673109166762409,-0.43348097801208496,-0.07023077133374336,,5.8134662259009575,2.0305689643411076,-0.2361820697784424,1.7486875914037228,,0.7436116822063923,0.12221065536141396,0.11984145641326904,4.483814336932623,,2.398747361956104,0.7188862080083174,2.396829128265381,0.40322581,0.7,0.5,0.52,0.61904762,0.56521739,0.32608696,14.0,86.05714634486607,-2.357142857142857,1.0,0.07142857,101.7,5.0,0.35714286,2019-05-05,0
26,@NYM,18,2019,CIN,A,26,0.0,0.0,2.6999987125402867,1.0,1.0,0.0,0.0,0.0,0.0,0.0,6.2,26.0,5.0,2.0,2.0,1.0,3.0,0.0,0.0,1.0,0.0,7.0,9.449995493891004,4.04999806881043,6.749996781350717,2.33333333,0.0,0.5,9.0,4.0,1.0,0.0,0.0,2.0,1.0,0.26923077,0.11538462,0.15384615,4.29042954854569,1.3499993562701433,0.21739130434782608,1.199999427795683,0.26666666666666666,0.90909091,4.414009380340849,-1.714010667800562,3.657534548747732,60.01246903434716,96.73638478785975,82.30345107000859,2.25,0.07142857,0.64285714,0.28571429,0.0,0.25,1.0,1.3499993562701433,37.0,62.0,99.0,-0.026930000633001328,-0.5233460068702698,0.49641600251197815,0.9169999957084656,0.09876149892807007,1.1115299463272095,1.0320299863815308,0.8700000047683716,1.2666000127792358,1.0,1.0,0.03436660021543503,-0.058594468049302406,0.0,0.0,0.56565657,96.33928571,0.14141414,86.21428571,0.29292929,87.4137931,-1.2945417165756226,0.3768486976623535,2.637000560760498,-2.311681636742183,2.6917764118739536,9.093105381932752,0.32857143,0.68965517,0.43434343,0.56521739,0.8,0.6744186,0.29292929,0.5,0.14141414,10.0,4.0,2.0,3.0,7.0,6.0,16.0,0.625,0.25,0.125,0.1875,0.4375,0.375,Luis Castillo,15689,3.929672553728421,59.0,0.38383838,0.18181818,0.14141414,0.29292929,96.26841976768092,96.22777642144098,86.20714460100446,87.29999831627156,-8.06052599455181,-12.351111518012154,-0.411428553717477,-9.994482632341056,8.146841751901727,3.4644444783528647,0.455714293888637,0.945517244010136,-1.2570415809750557,-0.03750009462237358,0.3768486939370632,2.611529368907213,-3.308004160460673,-0.20833385901318657,2.6917763852647374,9.00527368588694,0.33898305,0.575,0.43434343,0.55,0.7826087,0.6744186,0.4040404,0.27272727,,0.4040404,0.18181818,0.14141414,87.32283528645833,,95.765283203125,96.23609754774306,86.25248500279018,-9.683905707465279,,-7.055461120605469,-11.826027764214409,0.26188935552324566,-0.7024868152759693,,6.564247131347656,2.1166254679361978,-0.7047849382672992,2.6504400968551636,,-1.2570415809750557,-0.03750009462237358,0.33793796598911285,9.816444803167272,,-3.1426039524376392,-0.20833385901318657,2.4138426142079488,0.35,0.56410256,0.43434343,0.52380952,0.81818182,0.6744186,0.39393939,16.0,91.39999825613839,-0.21428571428571427,1.0,0.0625,110.3,5.0,0.3125,2019-04-30,0
27,ATL,18,2019,CIN,H,26,1.0,0.0,0.0,1.0,1.0,0.0,0.0,0.0,0.0,0.0,6.0,24.0,8.0,0.0,0.0,0.0,0.0,0.0,0.0,0.0,0.0,2.0,3.0,0.0,12.0,2.0,0.0,0.0,12.0,3.0,7.0,0.0,0.0,0.0,0.0,0.08333333,0.0,0.08333333,4.23039194731096,0.0,0.3333333333333333,1.3333333333333333,0.36363636363636365,1.0,2.5473432858785,-2.5473432858785,3.541947292288145,0.0,55.44429671020689,79.67303643114107,4.0,0.31818182,0.54545455,0.13636364,0.0,0.0,3.0,4.5,42.0,59.0,101.0,0.12956400215625763,-0.38088399171829224,0.5104479789733887,1.4560999870300293,0.13947300612926483,1.0237499475479126,1.0175399780273438,0.8700000047683716,3.565200090408325,1.0,1.0,0.2012999951839447,-0.07474174483522475,0.0,0.0,0.62376238,97.26984127,0.08910891,85.66666667,0.28712871,87.72413793,0.8168638348579407,-0.6315562725067139,0.45090317726135254,1.2966092616792708,-7.017291916741265,1.554838542280526,0.26315789,0.79545455,0.4950495,0.66666667,0.88571429,0.82,0.43564356,0.5,0.08910891,8.0,7.0,7.0,4.0,10.0,8.0,22.0,0.36363636,0.31818182,0.31818182,0.18181818,0.45454545,0.36363636,Luis Castillo,15689,4.900267169739661,62.0,0.5049505,0.11881188,0.08910891,0.28712871,97.18039598651961,97.38333129882812,85.5,87.65862405711206,-7.943137374578738,-10.966667175292969,-1.2222222222222223,-9.39655172413793,7.170588474647672,3.616666793823242,0.5311111344231499,1.9844827323124326,1.6067022904753685,-0.7898384667932987,-0.6315562464296818,0.4350952170789242,3.1503966479909185,-6.58198722327749,-7.017291626996464,1.500328334754911,0.23076923,0.7755102,0.4950495,0.58333333,0.89473684,0.82,0.48514851,0.28712871,,0.45544554,0.16831683,0.08910891,87.63772898706897,,97.19217051630434,97.11530618106617,85.42545572916667,-8.70428256330819,,-6.816109035326087,-10.037477381089154,-0.18322221438090006,0.6391060927818561,,6.3594838018002715,3.171772900749655,-1.0406934950086806,0.4350952170789242,,1.8874681554734707,-1.070604331791401,-0.6315562464296818,1.500328334754911,,4.103191642333632,-6.297672539949417,-7.017291626996464,0.26923077,0.73469388,0.4950495,0.64285714,0.88888889,0.82,0.48514851,22.0,85.75454434481534,5.0,0.0,0.0,106.1,8.0,0.36363636,2019-04-25,0
28,@SDP,18,2019,CIN,A,26,1.0,0.0,1.5,1.0,1.0,0.0,0.0,0.0,0.0,0.0,6.0,24.0,4.0,1.0,1.0,1.0,1.0,0.0,1.0,0.0,0.0,9.0,13.5,1.5,6.0,9.0,0.25,0.0,4.0,6.0,3.0,1.0,1.0,0.0,0.0,0.375,0.04166667,0.33333333,2.709416238885405,1.5,0.18181818181818182,0.8333333333333334,0.25,1.0,3.380676619211833,-1.8806766192118332,3.203217965364457,33.340276472512414,73.87827025273009,71.96458649085432,0.66666667,0.23076923,0.30769231,0.46153846,0.16666667,0.16666667,4.0,6.0,44.0,56.0,100.0,0.24981200695037842,-0.2975960075855255,0.5474079847335815,1.9759999513626099,0.20392200350761414,1.1579500436782837,1.1194700002670288,0.920799970626831,1.0628000497817993,1.0,1.0,0.14577999711036682,0.06995643151555095,0.0,0.0,0.54,96.11111111,0.1,85.7,0.36,86.75,-0.18679343163967133,-0.6539415717124939,2.3852152824401855,-0.34591376229568765,-6.539415717124938,6.625598006778294,0.32394366,0.55172414,0.39,0.56521739,0.9375,0.71794872,0.29,0.33333333,0.11,3.0,7.0,3.0,3.0,5.0,5.0,13.0,0.23076923,0.53846154,0.23076923,0.23076923,0.38461538,0.38461538,Luis Castillo,15689,3.588824459339951,66.0,0.27,0.27,0.1,0.36,96.01851851851852,96.01111291956019,85.62999877929687,86.71111382378473,-8.601851851851851,-12.631851761429399,-1.4109999656677246,-11.363332960340712,7.254444263599537,3.0870369805230036,0.6860000133514405,1.255277739630805,-1.4170604683458805,1.2724312394857407,-0.6539415456354618,2.3566717840731144,-5.2483721049847425,4.712708294391632,-6.539415456354618,6.546310511314207,0.31818182,0.52941176,0.39,0.57142857,0.88888889,0.71794872,0.34,0.36,,0.28,0.26,0.1,86.80870903862848,,96.1029052734375,96.09093299278847,85.6881103515625,-10.707477145724827,,-7.789681570870536,-12.150400015024038,-0.2899249315261841,-0.1846290561887953,,6.120251791817801,1.8433085221510668,-0.6537689208984375,2.3566717840731144,,-1.0630917884409428,0.9184625595808029,-0.6539415456354618,6.546310511314207,,-3.796756387289081,3.5325483060800114,-6.539415456354618,0.3015873,0.54054054,0.39,0.57894737,0.85,0.71794872,0.37,13.0,91.515380859375,15.384615384615385,1.0,0.07692308,110.1,5.0,0.38461538,2019-04-20,0
29,@LAD,18,2019,CIN,A,26,0.0,0.0,3.6,1.0,1.0,0.0,0.0,0.0,0.0,0.0,5.0,25.0,4.0,2.0,2.0,0.0,5.0,0.0,1.0,0.0,0.0,7.0,12.6,9.0,7.2,1.4,0.0,0.0,7.0,2.0,2.0,0.0,0.0,1.0,0.0,0.28,0.2,0.08,5.5531663348869325,0.0,0.21052631578947367,1.8,0.3333333333333333,0.8,4.014009952545166,-0.4140099525451659,4.809693157672882,80.0166635340298,87.8880901450477,108.52307911588726,3.5,0.18181818,0.63636364,0.18181818,0.0,0.0,2.0,3.6,41.0,57.0,98.0,0.033695999532938004,-0.6660119891166687,0.6997079849243164,0.4000000059604645,0.042194098234176636,1.7388999462127686,1.1081600189208984,0.9100000262260437,1.3164000511169434,1.0,1.0,-0.012292600236833096,0.03167036812182619,0.0,0.0,0.52040816,96.1372549,0.20408163,85.0,0.2755102,87.40740741,0.09757325053215027,-0.7315543293952942,0.5648146271705627,0.19132009908264758,-3.657771646976471,2.09190602655764,0.3125,0.67647059,0.43877551,0.45,0.86956522,0.6744186,0.34693878,0.56,0.14285714,5.0,5.0,2.0,1.0,6.0,5.0,12.0,0.41666667,0.41666667,0.16666667,0.08333333,0.5,0.41666667,Luis Castillo,15689,4.183241893480071,53.0,0.17346939,0.34693878,0.20408163,0.2755102,95.68235150505515,96.34706025965073,84.95499877929687,87.32222041377315,-7.916470695944393,-11.239705702837776,-0.7039999961853027,-10.06444408275463,6.9188236909754135,3.2738234576056984,-0.1190000057220459,1.2781480859827112,-0.46641210094094276,0.5639853551983833,-0.7220925725996494,0.5520789660513401,-2.7436005937702515,1.6587804564658333,-3.6104628629982467,2.0447369113012597,0.31666667,0.63157895,0.43877551,0.42105263,0.875,0.6744186,0.3877551,0.2755102,,0.15306122,0.36734694,0.20408163,87.25722475405092,,95.51436360677083,96.26222059461806,84.83954467773438,-9.560908564814815,,-6.707445271809896,-10.552357991536459,0.14049863815307617,-0.04450744611245615,,6.2082275390625,2.281961441040039,-1.5235106468200683,0.5520789660513401,,-0.4696744345128536,0.5672476887702942,-0.7220925725996494,2.0447369113012597,,-3.1311628967523575,1.5756880243619282,-3.6104628629982467,0.31666667,0.63157895,0.43877551,0.42105263,0.875,0.6744186,0.3877551,12.0,87.3818192915483,0.5454545454545454,0.0,0.0,109.9,4.0,0.33333333,2019-04-15,0
30,MIA,18,2019,CIN,H,26,1.0,0.0,0.0,1.0,1.0,0.0,0.0,0.0,0.0,0.0,7.0,22.0,2.0,0.0,0.0,0.0,1.0,0.0,0.0,0.0,0.0,8.0,10.285714285714286,1.2857142857142858,2.5714285714285716,8.0,0.28571429,0.0,7.0,4.0,2.0,0.0,2.0,0.0,0.0,0.36363636,0.04545455,0.31818181,2.6765966666271805,0.0,0.09523809523809523,0.42857142857142855,0.15384615384615385,1.0,1.356867095402309,-1.356867095402309,2.4935573884419036,0.0,29.110048792316622,55.81486871624035,1.75,0.15384615,0.53846154,0.30769231,0.0,0.0,14.0,18.0,35.0,60.0,95.0,0.29621198773384094,-0.14188799262046814,0.43810001015663147,3.857100009918213,0.3694539964199066,0.783066987991333,0.7616000175476074,0.8700000047683716,0.009999999776482582,1.0,1.0,0.3520599901676178,0.02621159103345233,0.0,0.0,0.58947368,95.53571429,0.11578947,85.0,0.29473684,86.59259259,2.4442789554595947,0.6888299584388733,0.5184967517852783,4.364783849034991,6.262090531262484,1.851774113518851,0.32758621,0.62162162,0.44210526,0.36842105,0.60869565,0.5,0.38947368,0.54545455,0.22105263,4.0,7.0,2.0,2.0,7.0,4.0,13.0,0.30769231,0.53846154,0.15384615,0.15384615,0.53846154,0.30769231,Luis Castillo,15689,0.9471738926280334,84.0,0.45744681,0.13829787,0.11702128,0.28723404,95.38837663517442,95.64615572415866,84.9181795987216,86.61111111111111,-7.889767668968023,-10.852307833158052,-0.35909089175137604,-9.90370347764757,6.875581253406613,3.4846153259277344,0.12454545497894287,0.7344444416187428,1.139272440224886,1.347170703113079,0.6888299472630024,0.31502001732587814,2.649470791220665,10.3628515624083,6.262090429663658,1.1667408049106598,0.23529412,0.6744186,0.43617021,0.25,0.62068966,0.51219512,0.45744681,0.26315789,,0.44210526,0.14736842,0.10526316,86.602841796875,,95.38846261160714,95.64472307477679,84.80723876953125,-9.255540771484375,,-7.043277558826265,-10.254421779087611,0.450528621673584,-0.7224845886230469,,5.975019182477679,2.5250159672328403,-1.136710262298584,-0.004826456308364868,,1.0846139304339886,1.4018292129039764,0.6229359023272991,-0.019305825233459473,,2.582414120080925,10.013065806456975,6.229359023272991,0.25,0.66666667,0.43617021,0.30769231,0.60714286,0.51219512,0.44680851,13.0,88.16922701322116,1.7692307692307692,0.0,0.0,108.2,6.0,0.46153846,2019-04-09,0
31,MIL,18,2019,CIN,H,26,0.0,1.0,1.2857142857142858,1.0,1.0,0.0,0.0,0.0,0.0,0.0,7.0,27.0,1.0,1.0,1.0,0.0,4.0,0.0,1.0,0.0,1.0,9.0,11.571428571428571,5.142857142857143,1.2857142857142858,2.25,0.0,0.0,8.0,4.0,0.0,1.0,0.0,1.0,0.0,0.33333333,0.14814815,0.18518518,4.2385897092691405,0.0,0.045454545454545456,0.7142857142857143,0.07692307692307693,0.83333333,2.785438523973738,-1.499724238259452,3.922128817013332,28.577379833582068,60.71114629378496,88.32481240277468,2.0,0.0,0.66666667,0.33333333,0.25,0.0,0.0,0.0,45.0,62.0,107.0,0.28088799118995667,-0.23058000206947327,0.5114679932594299,2.857100009918213,0.2736690044403076,0.8754339814186096,0.9425709843635559,0.8700000047683716,0.9643999934196472,1.0,1.0,0.28878098726272583,0.03207472219327184,0.0,0.0,0.54205607,94.89655172,0.23364486,84.8,0.22429907,86.0,0.6859872341156006,1.017959713935852,1.82813560962677,1.1827366105441388,4.071838855743408,7.617231706778209,0.25757576,0.43902439,0.3271028,0.17647059,0.88888889,0.54285714,0.38317757,0.48148148,0.14953271,2.0,6.0,5.0,5.0,8.0,0.0,13.0,0.15384615,0.46153846,0.38461538,0.38461538,0.61538462,0.0,Luis Castillo,15689,1.4553027339348208,78.0,0.28037383,0.26168224,0.23364486,0.22429907,94.436669921875,95.37142508370536,84.76400390625,85.98333740234375,-7.538333129882813,-11.063571384974889,-0.7351999664306641,-9.52750015258789,7.122000122070313,3.117142813546317,0.37439998626708987,0.9333333174387614,-0.05593213438987732,0.7419193387031555,1.0179596915841103,1.802664339542389,-0.18644044796625772,2.649711923939841,4.071838766336441,7.5111014147599535,0.25806452,0.42222222,0.3271028,0.25,0.78947368,0.54285714,0.42056075,0.22429907,,0.28037383,0.26168224,0.23364486,86.00382486979167,,94.42552897135417,95.37726702008929,84.74912109375,-8.84898821512858,,-6.496226501464844,-10.37945556640625,0.2861269760131836,-0.4312785069147746,,6.05645751953125,1.9121321269444056,-0.9062642669677734,1.802664339542389,,-0.05593213438987732,0.7419193387031555,1.0179596915841103,7.5111014147599535,,-0.18644044796625772,2.649711923939841,4.071838766336441,0.26229508,0.41304348,0.3271028,0.25,0.78947368,0.54285714,0.42990654,13.0,79.26666768391927,10.166666666666666,0.0,0.0,100.0,1.0,0.07692308,2019-04-03,0
32,PIT,18,2019,CIN,H,26,0.0,0.0,1.588234403142142,1.0,1.0,0.0,0.0,0.0,0.0,0.0,5.2,22.0,2.0,1.0,1.0,0.0,3.0,0.0,0.0,0.0,0.0,8.0,12.705875225137136,4.7647032094264254,3.176468806284284,2.66666667,0.0,0.0,5.0,3.0,2.0,0.0,0.0,1.0,0.0,0.36363636,0.13636364,0.22727272,3.845328086852139,0.0,0.10526315789473684,0.8823524461900788,0.18181818181818182,0.8,1.9787165278790557,-0.3904821247369137,3.0318260615342596,35.30144940260984,42.86583597516792,68.06422769156099,1.66666667,0.2,0.5,0.3,0.0,0.0,1.0,1.588234403142142,37.0,54.0,91.0,0.342272013425827,-0.1149279996752739,0.45719999074935913,3.0571000576019287,0.29282599687576294,1.0157999992370605,1.1103999614715576,0.8700000047683716,1.3207999467849731,1.0,1.0,0.28626298904418945,0.05068524257906132,0.0,0.0,0.47252747,95.44186047,0.13186813,85.41666667,0.3956044,86.88571429,0.2643221318721771,0.5493122935295105,1.7771211862564087,0.6147026322608771,4.577602446079254,4.936447739601135,0.33333333,0.60714286,0.41758242,0.61904762,0.76470588,0.68421053,0.30769231,0.59090909,0.13186813,6.0,4.0,1.0,1.0,9.0,1.0,11.0,0.54545455,0.36363636,0.09090909,0.09090909,0.81818182,0.09090909,Luis Castillo,15689,2.165708214342753,69.0,0.47777778,,0.13333333,0.38888889,95.47907203851744,,85.26666768391927,86.85142996651786,-7.141395036564317,,-0.3399999936421712,-9.009428187779017,6.670464804006177,,0.10083333651224773,0.7882857186453683,0.2643221318721771,,0.549312274903059,1.9236370399594307,0.6147026322608771,,4.577602290858826,5.496105828455517,0.35087719,0.54545455,0.42222222,0.65,0.72222222,0.68421053,0.36666667,0.38461538,0.01098901,0.45054945,,0.13186813,86.89446149553571,95.10299682617188,95.47037561928353,,85.24842325846355,-8.266888427734376,-6.206170082092285,-6.287409340463033,,0.5682420333226522,-0.5564820425851005,3.9602699279785156,5.858028132741044,,-1.0597785313924153,1.9236370399594307,0.0,-0.1077975332736969,,0.549312274903059,5.496105828455517,0.0,-0.2629208128626754,,4.577602290858826,0.35087719,0.54545455,0.42222222,0.65,0.72222222,0.68421053,0.36666667,11.0,88.67000122070313,5.7,0.0,0.0,112.8,2.0,0.18181818,2019-03-28,0
