,Opp,teamid,season,Team,HomeAway,Age,W,L,ERA,G,GS,CG,ShO,SV,HLD,BS,IP,TBF,H,R,ER,HR,BB,IBB,HBP,WP,BK,SO,K/9,BB/9,H/9,K/BB,IFH%,BUH%,GB,FB,LD,IFFB,IFH,BU,BUH,K%,BB%,K-BB%,SIERA,HR/9,AVG,WHIP,BABIP,LOB%,FIP,E-F,xFIP,ERA-,FIP-,xFIP-,GB/FB,LD%,GB%,FB%,IFFB%,HR/FB,RS,RS/9,Balls,Strikes,Pitches,WPA,-WPA,+WPA,RE24,REW,pLI,inLI,gmLI,exLI,Pulls,Games,WPA/LI,Clutch,SD,MD,FB%1,FBv,CT%,CTv,CB%,CBv,CH%,CHv,XX%,wFB,wCT,wCB,wCH,wFB/C,wCT/C,wCB/C,wCH/C,O-Swing%,Z-Swing%,Swing%,O-Contact%,Z-Contact%,Contact%,Zone%,F-Strike%,SwStr%,Pull,Cent,Oppo,Soft,Med,Hard,bipCount,Pull%,Cent%,Oppo%,Soft%,Med%,Hard%,PlayerName,playerid,tERA,GSv2,pfxFA%,pfxFT%,pfxFC%,pfxCU%,pfxCH%,pfxvFA,pfxvFT,pfxvFC,pfxvCU,pfxvCH,pfxFA-X,pfxFT-X,pfxFC-X,pfxCU-X,pfxCH-X,pfxFA-Z,pfxFT-Z,pfxFC-Z,pfxCU-Z,pfxCH-Z,pfxwFA,pfxwFT,pfxwFC,pfxwCU,pfxwCH,pfxwFA/C,pfxwFT/C,pfxwFC/C,pfxwCU/C,pfxwCH/C,pfxO-Swing%,pfxZ-Swing%,pfxSwing%,pfxO-Contact%,pfxZ-Contact%,pfxContact%,pfxZone%,piCH%,piCU%,piFA%,piFC%,piSI%,pivCH,pivCU,pivFA,pivFC,pivSI,piCH-X,piCU-X,piFA-X,piFC-X,piSI-X,piCH-Z,piCU-Z,piFA-Z,piFC-Z,piSI-Z,piwCH,piwCU,piwFA,piwFC,piwSI,piwCH/C,piwCU/C,piwFA/C,piwFC/C,piwSI/C,piO-Swing%,piZ-Swing%,piSwing%,piO-Contact%,piZ-Contact%,piContact%,piZone%,Events,EV,LA,Barrels,Barrel%,maxEV,HardHit,HardHit%,gamedate,dh
0,- - -,8,2019,- - -,H,28,10.0,7.0,5.116934674655474,32.0,29.0,0.0,0.0,0.0,0.0,0.0,165.1,737.0,184.0,104.0,94.0,23.0,67.0,1.0,3.0,3.0,1.0,135.0,7.348789160409457,3.6471768425735824,10.016127448261779,2.01492537,0.05976096,0.33333333,251.0,153.0,119.0,16.0,15.0,9.0,3.0,0.18317503,0.09090909,0.09226594,5.014230141873695,1.2520159310327224,0.27586206896551724,1.518144921203929,0.3163064833005894,0.67628494,4.659574240066039,0.4573604345894351,4.6919260048773115,109.8328415054263,101.88040572838673,102.51338351965269,1.64052288,0.22753346,0.47992352,0.29254302,0.10457516,0.1503268,141.0,7.675402011983211,976.0,1796.0,2772.0,-0.13086999580264091,-11.58143393881619,11.45056395418942,-12.400600112974644,-1.2046919483691454,0.863597932708561,0.7897198557160622,0.8382937572896481,0.8173312555300072,32.0,32.0,-0.701019034255296,0.5494786115122905,0.0,1.0,0.42316017,94.05967604,0.30844156,88.55555556,0.04761905,79.24242424,0.22077922,85.39215686,0.0007215,-16.90119456499815,12.539877533912659,-1.5523033402860165,-2.145962819457054,-1.440852051576995,1.4666523431476794,-1.175987379004558,-0.3506475195191265,0.35422827,0.69010176,0.48520924,0.69616027,0.87801609,0.79702602,0.38997114,0.6431479,0.09848485,224.0,175.0,133.0,92.0,253.0,187.0,532.0,0.42105263,0.32894737,0.25,0.17293233,0.47556391,0.35150376,Martin Perez,6902,5.2408018995437695,48.0,0.17466619,0.24792494,0.30819199,0.04727535,0.22194154,94.183057548586,93.86753985142603,88.49414519906323,79.23740439378578,85.34569121570122,5.9967768487851485,9.725967929179317,-0.9302927425929478,-2.4044274683217055,8.718130089984676,8.953119845429727,5.740262005179903,3.9248711900912068,-3.6623664029681957,5.896211372933736,-13.503913547843695,-1.283590104430914,14.552786000072956,-1.5451638139784336,-2.0960702523589134,-2.7900647826123337,-0.18683989875268034,1.7040733021162713,-1.1795143618155983,-0.3408244312778721,0.30154278,0.68104089,0.48574522,0.64186047,0.86790393,0.79569094,0.48538434,0.22098053,0.04722422,0.16906994,0.30821918,0.25342466,85.3723843996132,79.21478551034708,94.22103445870536,88.51300113075658,93.90231058438167,8.547379243237742,-2.8494310297128806,5.496564047677176,-1.467883330897281,9.568805602332775,4.559863745485589,-4.98339190191895,7.9751204224283505,2.8596511126958837,4.695648936764106,-2.1027324944734573,-1.5451638139784336,-12.994587890803814,14.139793582260609,-1.3732611015439034,-0.3430232454279702,-1.1795143618155983,-2.770701042815312,1.6537770271649834,-0.19534297319258936,0.30076762,0.6838565,0.48574522,0.64037123,0.86885246,0.79569094,0.48285817,532.0,86.19732333414869,9.537284894837477,26.0,0.04887218,113.8,158.0,0.29699248,2050-01-01,0
1,@KCR,8,2019,MIN,A,28,0.0,0.0,4.7647032094264254,1.0,1.0,0.0,0.0,0.0,0.0,0.0,5.2,25.0,5.0,3.0,3.0,1.0,3.0,0.0,0.0,0.0,0.0,5.0,7.94117201571071,4.7647032094264254,7.94117201571071,1.66666667,0.0,0.0,7.0,6.0,4.0,0.0,0.0,0.0,0.0,0.2,0.12,0.08,5.382897534886933,1.588234403142142,0.22727272727272727,1.4117639139041263,0.25,0.75757576,5.331655823401356,-0.5669526139749301,5.143758530617558,102.27234187947963,116.44717116477419,112.29993572797227,1.16666667,0.23529412,0.41176471,0.35294118,0.0,0.16666667,4.0,6.352937612568568,39.0,63.0,102.0,0.06590799987316132,-0.43521198630332947,0.5011199712753296,0.33399999141693115,0.031012099236249924,1.0824799537658691,1.151669979095459,0.853600025177002,0.7635999917984009,1.0,1.0,-0.001832860056310892,0.06271897590896218,0.0,0.0,0.49019608,93.78,0.21568627,88.27272727,0.01960784,78.0,0.2745098,85.14285714,,0.8187957406044006,-0.8494572043418884,0.41941913962364197,-0.37661856412887573,1.6375914812088013,-3.8611691106449473,20.9709569811821,-1.3450663004602705,0.38157895,0.80769231,0.49019608,0.72413793,0.80952381,0.76,0.25490196,0.68,0.11764706,7.0,4.0,6.0,1.0,7.0,9.0,17.0,0.41176471,0.23529412,0.35294118,0.05882353,0.41176471,0.52941176,Martin Perez,6902,6.0813423333589265,50.0,0.23762376,0.25742574,0.21782178,0.00990099,0.27722772,94.04583740234375,93.35000375600961,88.21363414417614,77.9000015258789,85.06428745814732,5.935416539510091,9.181922912597656,-1.3500000346790662,-1.840000033378601,7.965000152587891,7.594583511352539,4.470384451059195,3.3954544067382812,-4.949999809265137,4.17821420942034,0.30916691198945045,0.4938208982348442,-0.8494572155177593,0.41601037979125977,-0.37661857530474663,1.2881954666227102,1.899311147057093,-3.8611691614443604,41.60103797912598,-1.345066340374095,0.2962963,0.72340426,0.4950495,0.625,0.82352941,0.76,0.46534653,0.2745098,0.00980392,0.23529412,0.21568627,0.25490196,85.08265904017857,77.85669708251953,94.04150390625,88.19087357954545,93.3589618389423,7.821083068847656,-1.9533900022506714,5.549580891927083,-1.9388056668368252,8.969866825984074,3.1202566964285716,-6.032040119171143,6.909440994262695,2.440848610617898,3.565265362079327,-0.37661857530474663,0.41601037979125977,0.30916691198945045,-0.8494572155177593,0.4938208982348442,-1.345066340374095,41.60103797912598,1.2881954666227102,-3.8611691614443604,1.899311147057093,0.30909091,0.7173913,0.4950495,0.64705882,0.81818182,0.76,0.45544554,17.0,90.08823529411765,13.588235294117647,1.0,0.05882353,109.4,6.0,0.35294118,2019-09-29,0
2,KCR,8,2019,MIN,H,28,0.0,0.0,19.285742531058748,1.0,1.0,0.0,0.0,0.0,0.0,0.0,2.1,15.0,8.0,5.0,5.0,1.0,0.0,0.0,0.0,0.0,0.0,1.0,3.85714850621175,0.0,30.857188049694,1.0,0.16666667,0.0,6.0,4.0,4.0,0.0,1.0,0.0,0.0,0.06666667,0.0,0.06666667,5.510647011515155,3.85714850621175,0.5333333333333333,3.4285764499659996,0.5384615384615384,0.45454545,7.928302571248416,11.357439959810332,5.766941713471608,413.9603175353913,172.72716013476625,125.79788996302017,1.5,0.28571429,0.42857143,0.28571429,0.0,0.25,6.0,23.1428910372705,14.0,38.0,52.0,-0.2579599916934967,-0.49293598532676697,0.23497599363327026,-4.041600227355957,-0.38056498765945435,1.0349500179290771,0.6698669791221619,0.8700000047683716,1.3819999694824219,1.0,1.0,-0.4040060043334961,0.1547572606988309,0.0,0.0,0.48076923,91.92,0.21153846,87.54545455,0.01923077,78.0,0.28846154,84.13333333,,-2.0890920162200928,0.15161727368831635,-1.3824058771133423,-0.18521231412887573,-8.356368064880371,1.3783388517119668,-138.24058771133423,-1.2347487608591716,0.44827586,0.86956522,0.63461538,0.76923077,1.0,0.90909091,0.44230769,0.66666667,0.05769231,5.0,5.0,4.0,3.0,4.0,7.0,14.0,0.35714286,0.35714286,0.28571429,0.21428571,0.28571429,0.5,Martin Perez,6902,8.398012516818403,20.0,0.15384615,0.32692308,0.21153846,0.01923077,0.28846154,92.7249984741211,91.3529411764706,87.5818204012784,78.19999694824219,84.0933349609375,6.5,9.437647202435661,-0.24454545974731445,-1.3799999952316284,8.328666687011719,8.425000190734863,5.284117754767923,3.643636530095881,-3.7699999809265137,5.189333597819011,-0.13557807728648186,-1.9535139575600624,0.15161726996302605,-1.3824058771133423,-0.18521231785416603,-1.6947259660810232,-11.491258573882721,1.3783388178456912,-138.24058771133423,-1.2347487856944401,0.36363636,0.83333333,0.63461538,0.625,1.0,0.90909091,0.57692308,0.28846154,0.01923077,0.13461538,0.21153846,0.34615385,84.13163248697917,78.125,92.89505440848214,87.59328391335227,91.37309434678819,7.828728230794271,-2.191190004348755,5.458972930908203,-0.9483212557705966,8.963382297092014,3.882518513997396,-5.1547698974609375,7.581694466727121,2.6342471729625356,4.356429206000434,-0.18521231785416603,-1.3824058771133423,-0.13557807728648186,0.15161726996302605,-1.9535139575600624,-1.2347487856944401,-138.24058771133423,-1.9368296755211696,1.3783388178456912,-10.852855319778126,0.34782609,0.86206897,0.63461538,0.625,1.0,0.90909091,0.55769231,14.0,86.33571079799107,5.785714285714286,1.0,0.07142857,104.5,3.0,0.21428571,2019-09-22,0
3,CHW,8,2019,MIN,H,28,0.0,0.0,5.785710344511887,1.0,1.0,0.0,0.0,0.0,0.0,0.0,4.2,23.0,10.0,3.0,3.0,0.0,0.0,0.0,0.0,1.0,0.0,4.0,7.714280459349183,0.0,19.285701148372958,4.0,0.0,0.0,7.0,2.0,10.0,0.0,0.0,0.0,0.0,0.17391304,0.0,0.17391304,3.8932376150023957,0.0,0.43478260869565216,2.142855683152551,0.5263157894736842,0.7,1.4997254060231255,4.285984938488761,2.352242545071607,124.18782878205602,33.39351675350957,51.8365662789792,3.5,0.52631579,0.36842105,0.10526316,0.0,0.0,5.0,9.642850574186479,19.0,45.0,64.0,0.017928000539541245,-0.3655320107936859,0.38345998525619507,-0.6525999903678894,-0.06145010143518448,1.0127500295639038,0.8085600137710571,0.8700000047683716,2.043600082397461,1.0,1.0,-0.07741180062294006,0.095114096368378,0.0,0.0,0.46875,93.03333333,0.234375,88.6,0.109375,79.42857143,0.1875,84.83333333,,0.4313753545284271,-1.941935420036316,0.11964792013168335,0.28509676456451416,1.4379178484280906,-12.94623613357544,1.7092560018811906,2.3758063713709516,0.28125,0.625,0.453125,0.88888889,0.9,0.89655172,0.5,0.7826087,0.046875,5.0,7.0,7.0,5.0,6.0,8.0,19.0,0.26315789,0.36842105,0.36842105,0.26315789,0.31578947,0.42105263,Martin Perez,6902,6.771566082923808,45.0,0.234375,0.234375,0.234375,0.109375,0.1875,92.713330078125,93.12666829427083,88.53333333333333,79.42857142857143,84.75833129882812,6.625999959309896,9.606667073567708,0.20199999809265137,-1.2999999182564872,8.965833028157553,8.527333577473959,5.808000183105468,4.775333150227865,-2.930000032697405,5.548333485921224,-0.720456138253212,1.1939957030117512,-1.9419354759156704,0.16181213036179543,0.28509677574038506,-4.80304092168808,7.959971353411674,-12.94623650610447,2.311601862311363,2.375806464503209,0.26086957,0.56097561,0.453125,0.83333333,0.91304348,0.89655172,0.640625,0.1875,0.109375,0.234375,0.234375,0.234375,84.77953084309895,79.38858468191964,92.72781575520834,88.5238037109375,93.15509440104167,8.593130111694336,-2.037250110081264,6.047112528483073,-0.4946557362874349,9.152384440104166,4.296779950459798,-4.380307061331613,7.6726837158203125,3.768964640299479,4.813907877604167,0.28509677574038506,0.16181213036179543,-0.720456138253212,-1.9419354759156704,1.1939957030117512,2.375806464503209,2.311601862311363,-4.80304092168808,-12.94623650610447,7.959971353411674,0.26086957,0.56097561,0.453125,0.83333333,0.91304348,0.89655172,0.640625,19.0,89.01052374588816,11.421052631578947,1.0,0.05263158,113.8,7.0,0.36842105,2019-09-17,0
4,WSN,8,2019,MIN,H,28,0.0,1.0,9.0,1.0,1.0,0.0,0.0,0.0,0.0,0.0,5.0,24.0,6.0,5.0,5.0,1.0,3.0,0.0,0.0,0.0,0.0,4.0,7.2,5.4,10.8,1.33333333,0.0,0.0,5.0,8.0,4.0,1.0,0.0,0.0,0.0,0.16666667,0.125,0.04166667,6.097787695048461,1.8,0.2857142857142857,1.8,0.3125,0.52631579,6.014009952545166,2.985990047454834,6.596742773056031,193.1811985884679,131.23658481670157,143.77112325081248,0.625,0.23529412,0.29411765,0.47058824,0.125,0.125,2.0,3.6,31.0,59.0,90.0,-0.20441600680351257,-0.4791400134563446,0.27472400665283203,-2.1796000003814697,-0.20523500442504883,0.7684170007705688,0.6781600117683411,0.8700000047683716,0.4880000054836273,1.0,1.0,-0.17245900630950928,-0.09356322718939059,0.0,0.0,0.32222222,93.75862069,0.27777778,89.24,0.06666667,79.83333333,0.33333333,85.43333333,,-1.8593335151672363,-0.632057785987854,0.6211856603622437,0.7067782282829285,-6.411494879887022,-2.528231143951416,10.353094339370728,2.3559274276097617,0.31372549,0.64102564,0.45555556,0.625,0.92,0.80487805,0.43333333,0.625,0.08888889,6.0,7.0,4.0,3.0,8.0,6.0,17.0,0.35294118,0.41176471,0.23529412,0.17647059,0.47058824,0.35294118,Martin Perez,6902,6.329607962607723,37.0,0.14444444,0.17777778,0.27777778,0.06666667,0.33333333,93.76154033954327,93.5062484741211,89.24400390625,79.93333435058594,85.37000325520833,6.355384826660156,10.688124656677246,0.008799988627433777,-2.551666577657064,8.726666259765626,8.873076805701622,5.764999866485596,5.389600219726563,-4.678333282470703,6.824333190917969,-1.8663511462509632,0.007017679512500763,-0.6320577934384346,0.6211856678128242,0.6909702569246292,-14.356547278853563,0.04386049695312977,-2.5282311737537384,10.35309446354707,2.303234189748764,0.19512195,0.67346939,0.45555556,0.625,0.84848485,0.80487805,0.54444444,0.33333333,0.06666667,0.14444444,0.27777778,0.17777778,85.353955078125,79.85418701171875,93.73905123197116,89.18955078125,93.47114562988281,8.432648213704427,-3.1762450536092124,5.780556311974158,-0.7638827514648437,10.481179237365723,5.482384236653646,-5.881534576416016,7.829171987680288,4.308051452636719,4.519418239593506,0.6909702569246292,0.6211856678128242,-1.8663511462509632,-0.6320577934384346,0.007017679512500763,2.303234189748764,10.35309446354707,-14.356547278853563,-2.5282311737537384,0.04386049695312977,0.17948718,0.66666667,0.45555556,0.57142857,0.85294118,0.80487805,0.56666667,17.0,90.02941176470588,19.529411764705884,1.0,0.05882353,103.5,7.0,0.41176471,2019-09-11,0
5,@BOS,8,2019,MIN,A,28,1.0,0.0,1.5,1.0,1.0,0.0,0.0,0.0,0.0,0.0,6.0,21.0,2.0,1.0,1.0,1.0,2.0,0.0,0.0,0.0,0.0,1.0,1.5,3.0,3.0,0.5,0.0,0.0,11.0,7.0,0.0,1.0,0.0,0.0,0.0,0.04761905,0.0952381,-0.04761905,6.681909303744551,1.5,0.10526315789473684,0.6666666666666666,0.058823529411764705,1.0,6.0473432858785,-4.5473432858785,6.201419300834338,32.19686643141132,131.95905491545048,135.20853959499144,1.57142857,0.0,0.61111111,0.38888889,0.14285714,0.14285714,2.0,3.0,21.0,49.0,70.0,0.2609440088272095,-0.21402400732040405,0.47496798634529114,2.624000072479248,0.23512500524520874,1.043869972229004,1.0566699504852295,0.8700000047683716,1.9012000560760498,1.0,1.0,0.27527299523353577,-0.025295492508738887,0.0,0.0,0.51428571,94.19444444,0.28571429,89.85,0.01428571,79.0,0.18571429,86.53846154,,0.10036055743694305,0.9537549018859863,0.04557297006249428,0.9141901731491089,0.2787793262137307,4.768774509429932,4.557297006249428,7.032232101146992,0.46511628,0.51851852,0.48571429,0.85,1.0,0.91176471,0.38571429,0.61904762,0.04285714,8.0,4.0,6.0,5.0,11.0,2.0,18.0,0.44444444,0.22222222,0.33333333,0.27777778,0.61111111,0.11111111,Martin Perez,6902,4.186132534010317,62.0,0.12857143,0.38571429,0.28571429,0.01428571,0.18571429,93.60000271267361,94.37777596932871,89.70499877929687,79.30000305175781,86.53846153846153,6.643333435058594,10.298518428096065,-0.4400000095367432,-1.309999942779541,8.806154104379507,8.963333129882812,5.815925880714699,4.858499908447266,-2.4700000286102295,6.173846318171575,-0.09261980280280113,0.23514457046985626,0.9379469156265259,0.04557297006249428,0.9141901731491089,-1.0291089200311236,0.8709058165550232,4.689734578132629,4.557297006249428,7.032232101146992,0.3030303,0.64864865,0.48571429,0.8,0.95833333,0.91176471,0.52857143,0.18571429,0.01428571,0.12857143,0.28571429,0.38571429,86.52984149639423,79.15679931640625,93.52454291449652,89.61771240234376,94.30373806423611,8.45855947641226,-1.8145300149917603,6.148423088921441,-1.1988310813903809,10.020253499348959,4.871759854830229,-3.640360116958618,8.044409010145399,3.891128158569336,4.666318822790076,0.9141901731491089,0.04557297006249428,-0.09261980280280113,0.9379469156265259,0.23514457046985626,7.032232101146992,4.557297006249428,-1.0291089200311236,4.689734578132629,0.8709058165550232,0.3030303,0.64864865,0.48571429,0.8,0.95833333,0.91176471,0.52857143,18.0,81.60000271267361,4.111111111111111,0.0,0.0,103.8,4.0,0.22222222,2019-09-05,0
6,@DET,8,2019,MIN,A,28,0.0,1.0,23.624969724604544,1.0,1.0,0.0,0.0,0.0,0.0,0.0,2.2,19.0,9.0,8.0,7.0,1.0,2.0,0.0,0.0,0.0,0.0,4.0,13.499982699774025,6.749991349887012,30.374961074491555,2.0,0.2,0.0,5.0,4.0,4.0,1.0,1.0,0.0,0.0,0.21052632,0.10526316,0.10526316,5.03961746316671,3.374995674943506,0.5294117647058824,4.124994713819841,0.6666666666666666,0.3125,7.339004666365007,16.285965058239537,5.447819109147974,507.09999644615255,159.95465666875722,118.8857934446221,1.25,0.30769231,0.38461538,0.30769231,0.25,0.25,2.0,6.749991349887012,27.0,55.0,82.0,-0.4935399889945984,-0.6482399702072144,0.15469999611377716,-6.946000099182129,-0.6522070169448853,0.9689520001411438,0.9919999837875366,0.9200000166893005,0.328000009059906,1.0,1.0,-0.5267829895019531,0.017428564388318857,0.0,0.0,0.37804878,94.70967742,0.34146341,89.67857143,0.03658537,80.0,0.24390244,86.25,,-3.1084885597229004,-0.8431248068809509,-0.5218579173088074,0.1191508024930954,-10.027382450719033,-3.0111600245748247,-17.39526391029358,0.595754012465477,0.46,0.75,0.57317073,0.73913043,0.79166667,0.76595745,0.3902439,0.52631579,0.13414634,6.0,2.0,5.0,1.0,6.0,6.0,13.0,0.46153846,0.15384615,0.38461538,0.07692308,0.46153846,0.46153846,Martin Perez,6902,7.20241311530339,10.0,0.20731707,0.17073171,0.34146341,0.03658537,0.24390244,94.78823673023896,94.61428397042411,89.61785888671875,79.76666259765625,86.17000122070313,6.25235299503102,10.012856619698661,-0.6728571483067104,-1.8433332443237305,8.6125,9.482352761661305,7.036428724016462,5.583571297781808,-1.9699999491373699,7.1430000305175785,-3.105829171836376,-0.0026594214141368866,-0.8431248217821121,-0.5218579284846783,0.1191507987678051,-18.26958336374339,-0.018995867243834903,-3.0111600777932575,-17.39526428282261,0.5957539938390255,0.38636364,0.78947368,0.57317073,0.70588235,0.8,0.76595745,0.46341463,0.24390244,0.03658537,0.19512195,0.34146341,0.18292683,86.16392822265625,79.6968994140625,94.88206481933594,89.57223946707589,94.46241048177083,8.500894165039062,-2.3624165852864585,5.625873565673828,-1.29792663029262,9.847698974609376,5.638542938232422,-3.7046165466308594,8.255000114440918,4.227796009608677,5.768657938639323,0.1191507987678051,-0.5218579284846783,-3.066918443888426,-0.8431248217821121,-0.04157014936208725,0.5957539938390255,-17.39526428282261,-19.16824027430266,-3.0111600777932575,-0.27713432908058167,0.4,0.78378378,0.57317073,0.72222222,0.79310345,0.76595745,0.45121951,13.0,89.75384990985577,19.76923076923077,0.0,0.0,108.2,5.0,0.38461538,2019-08-31,0
7,DET,8,2019,MIN,H,28,1.0,0.0,3.0,1.0,1.0,0.0,0.0,0.0,0.0,0.0,6.0,24.0,5.0,2.0,2.0,0.0,1.0,0.0,0.0,0.0,0.0,5.0,7.5,1.5,7.5,5.0,0.0,0.0,7.0,5.0,6.0,0.0,0.0,0.0,0.0,0.20833333,0.04166667,0.16666666,4.265409346861516,0.0,0.21739130434782608,1.0,0.2777777777777778,0.66666667,2.0473432858785,0.9526567141214999,3.7050166298945753,64.39373286282265,45.262643065582786,81.13723290427811,1.4,0.33333333,0.38888889,0.27777778,0.0,0.0,7.0,10.5,32.0,68.0,100.0,0.22193600237369537,-0.2346239984035492,0.4565599858760834,1.3844000101089478,0.1303579956293106,0.9160159826278687,0.8888000249862671,0.8700000047683716,0.40799999237060547,1.0,1.0,0.17927999794483185,0.06300398681382366,0.0,0.0,0.36,93.08333333,0.43,88.69767442,0.01,80.0,0.2,85.75,,1.1004117727279663,1.143324613571167,-0.03891072794795036,-0.552798867225647,3.0566993686887955,2.6588944501655045,-3.8910727947950363,-2.763994336128235,0.33928571,0.70454545,0.5,0.73684211,0.87096774,0.82,0.44,0.66666667,0.09,7.0,6.0,5.0,2.0,9.0,7.0,18.0,0.38888889,0.33333333,0.27777778,0.11111111,0.5,0.38888889,Martin Perez,6902,3.8903948499156393,65.0,0.12,0.24,0.43,0.01,0.2,93.26666259765625,92.82916259765625,88.67441860465117,79.9000015258789,85.69500122070312,6.116666793823242,9.931666692097982,-1.052325581395349,-1.2100000381469727,9.001000213623048,8.28000005086263,5.258749961853027,3.904186160065407,-2.549999952316284,5.352999877929688,0.5745757184922695,0.5258360840380192,1.1696809008717537,-0.03891072794795036,-0.5527988635003567,4.788130987435579,2.190983683491747,2.7201881415622178,-3.8910727947950363,-2.7639943175017834,0.30769231,0.70833333,0.5,0.6875,0.88235294,0.82,0.48,0.2,0.01,0.12,0.43,0.24,85.69874877929688,79.86129760742188,93.26113891601562,88.63465207122093,92.8055419921875,8.89676513671875,-1.6623200178146362,5.855746587117513,-1.4989189325377,9.93960698445638,4.097998428344726,-4.312429904937744,7.357741038004558,2.836180930913881,4.122968355814616,-0.5527988635003567,-0.03891072794795036,0.5745757184922695,1.1696809008717537,0.5258360840380192,-2.7639943175017834,-3.8910727947950363,4.788130987435579,2.7201881415622178,2.190983683491747,0.28,0.72,0.5,0.64285714,0.88888889,0.82,0.5,18.0,82.90555826822917,20.27777777777778,1.0,0.05555556,109.7,3.0,0.16666667,2019-08-25,0
8,@TEX,8,2019,MIN,A,28,0.0,0.0,3.6,1.0,1.0,0.0,0.0,0.0,0.0,0.0,5.0,24.0,5.0,2.0,2.0,0.0,4.0,0.0,0.0,1.0,0.0,2.0,3.6,7.2,9.0,0.5,0.0,0.0,9.0,7.0,2.0,0.0,0.0,0.0,0.0,0.08333333,0.16666667,-0.08333334,7.583471879160266,0.0,0.25,1.8,0.2777777777777778,0.77777778,4.814009952545167,-1.2140099525451666,7.598901170492172,77.27247943538717,105.22766126174129,165.47756295753035,1.28571429,0.11111111,0.5,0.38888889,0.0,0.0,3.0,5.4,35.0,65.0,100.0,0.13687999546527863,-0.3719800114631653,0.5088599920272827,1.2799999713897705,0.10801699757575989,1.1500699520111084,1.0579999685287476,0.9100000262260437,1.5420000553131104,1.0,1.0,0.08693210035562515,0.032086742999006296,0.0,0.0,0.42,94.80952381,0.28,88.71428571,0.02,79.5,0.28,86.10714286,,-0.8769412636756897,1.2179064750671387,0.2728937566280365,-0.33215028047561646,-2.0879553897040233,4.349665982382638,13.644687831401825,-1.1862510016986303,0.38095238,0.7027027,0.5,0.75,0.84615385,0.8,0.37,0.70833333,0.1,4.0,8.0,6.0,4.0,12.0,2.0,18.0,0.22222222,0.44444444,0.33333333,0.22222222,0.66666667,0.11111111,Martin Perez,6902,4.0373876673231175,50.0,0.22,0.2,0.28,0.02,0.28,94.89545232599431,94.525,88.59642682756696,79.44999694824219,86.12142508370536,5.825909007679332,9.624500274658203,-1.3789285932268416,-2.3499999046325684,8.508928571428571,8.262727217240768,5.2375,3.8707141876220703,-3.200000047683716,5.677856990269253,-0.1740325316786766,-0.7187166921794415,1.302234847098589,0.2728937603533268,-0.33215029165148735,-0.7910569621758028,-3.5935834608972073,4.650838739637818,13.64468801766634,-1.1862510416124548,0.32075472,0.70212766,0.5,0.76470588,0.81818182,0.8,0.47,0.28,0.02,0.22,0.28,0.2,86.09470040457589,79.33555603027344,94.87490012428977,88.53803362165179,94.48530883789063,8.31946291242327,-2.9851200580596924,5.293783708052202,-1.9892372403826033,9.410218811035156,4.251533235822405,-4.563284873962402,7.450352061878551,2.811032158987863,4.1520439147949215,-0.33215029165148735,0.2728937603533268,-0.1740325316786766,1.302234847098589,-0.7187166921794415,-1.1862510416124548,13.64468801766634,-0.7910569621758028,4.650838739637818,-3.5935834608972073,0.32075472,0.70212766,0.5,0.76470588,0.81818182,0.8,0.47,18.0,80.96111382378473,13.88888888888889,0.0,0.0,100.2,4.0,0.22222222,2019-08-18,0
9,@MIL,8,2019,MIN,A,28,0.0,0.0,0.0,1.0,1.0,0.0,0.0,0.0,0.0,0.0,6.0,28.0,6.0,1.0,0.0,0.0,4.0,0.0,0.0,0.0,0.0,3.0,4.5,6.0,9.0,0.75,0.0,1.0,13.0,3.0,4.0,0.0,0.0,1.0,1.0,0.10714286,0.14285714,-0.03571428,5.9652646133574425,0.0,0.25,1.6666666666666667,0.2857142857142857,0.9,4.214009952545167,-4.214009952545167,5.208613958954812,0.0,92.22319948426112,113.70468416739816,4.33333333,0.2,0.65,0.15,0.0,0.0,4.0,6.0,34.0,54.0,88.0,0.2685840129852295,-0.40432998538017273,0.6729140281677246,2.2219998836517334,0.2168859988451004,1.250749945640564,1.0609999895095825,0.8700000047683716,1.1227999925613403,1.0,1.0,0.033219799399375916,0.18151857730123294,0.0,0.0,0.52272727,95.0,0.32954545,88.68965517,0.02272727,80.0,0.125,86.54545455,,-1.3066118955612183,1.0926603078842163,-0.5138854384422302,0.3561181426048279,-2.8404606425243872,3.767794165117987,-25.69427192211151,3.2374376600438897,0.2244898,0.64102564,0.40909091,0.72727273,0.92,0.86111111,0.44318182,0.71428571,0.05681818,9.0,7.0,5.0,4.0,12.0,5.0,21.0,0.42857143,0.33333333,0.23809524,0.19047619,0.57142857,0.23809524,Martin Perez,6902,4.762128855371969,58.0,0.15909091,0.36363636,0.32954545,0.02272727,0.125,95.07856968470982,94.95625305175781,88.61034314385776,79.94999694824219,86.5,4.7385711669921875,8.604999542236328,-1.6286206738702182,-3.509999990463257,7.809091047807173,7.640714372907366,4.758749961853027,2.592413803626751,-4.224999904632568,5.383636474609375,-0.891430452466011,0.7020192928612232,1.134824477136135,-0.5138854309916496,0.3561181351542473,-6.367360374757222,2.1938102901913226,3.9131878521935692,-25.69427154958248,3.237437592311339,0.25,0.6,0.40909091,0.83333333,0.875,0.86111111,0.45454545,0.125,0.02272727,0.17045455,0.32954545,0.35227273,86.53201016512784,79.89779663085938,94.99059244791667,88.56606108566811,95.00428427419355,7.781085621226918,-3.595015048980713,4.363705444335937,-1.913153286637931,8.588779572517641,4.178068334406072,-5.0392303466796875,6.636339314778646,1.754017007761988,3.748236379315776,0.3561181351542473,-0.5138854309916496,-1.4000826627016068,1.134824477136135,1.210671503096819,3.237437592311339,-25.69427154958248,-9.333884418010712,3.9131878521935692,3.9053919454736095,0.22916667,0.625,0.40909091,0.81818182,0.88,0.86111111,0.45454545,21.0,85.775,-3.4,1.0,0.04761905,108.8,6.0,0.28571429,2019-08-13,0
10,ATL,8,2019,MIN,H,28,0.0,1.0,10.5,1.0,1.0,0.0,0.0,0.0,0.0,0.0,6.0,30.0,12.0,7.0,7.0,3.0,2.0,0.0,0.0,0.0,0.0,6.0,9.0,3.0,18.0,3.0,0.2,0.0,10.0,8.0,4.0,2.0,2.0,0.0,0.0,0.2,0.06666667,0.13333333,4.663727078976487,4.5,0.42857142857142855,2.3333333333333335,0.47368421052631576,0.71428571,8.714009952545167,1.785990047454833,4.866287302970887,225.37806501987924,189.75666281536232,106.28999509516403,1.25,0.18181818,0.45454545,0.36363636,0.25,0.375,3.0,4.5,35.0,67.0,102.0,-0.3091599941253662,-0.4833959937095642,0.174235999584198,-3.615600109100342,-0.3404519855976105,0.42216798663139343,0.40733298659324646,0.8700000047683716,0.24639999866485596,1.0,1.0,-0.4922719895839691,-0.24004311699776792,0.0,0.0,0.33333333,93.35294118,0.34313725,88.71428571,0.05882353,78.16666667,0.26470588,84.25925926,,-4.185020446777344,0.2541273832321167,0.4899665117263794,0.099248006939888,-12.308883666992188,0.7260782378060477,8.166108528772991,0.36758521088847407,0.41428571,0.78125,0.52941176,0.72413793,0.96,0.83333333,0.31372549,0.73333333,0.08823529,8.0,10.0,4.0,6.0,7.0,9.0,22.0,0.36363636,0.45454545,0.18181818,0.27272727,0.31818182,0.40909091,Martin Perez,6902,7.807428677889359,17.0,0.10784314,0.21568627,0.34313725,0.05882353,0.2745098,93.60908647017045,93.38181374289773,88.594287109375,78.21666463216145,84.41785539899554,5.926363858309659,9.100454157049006,-0.5439999716622489,-2.168333371480306,7.7264284406389505,8.559091047807174,4.628181804310191,4.136285836356027,-3.4083334604899087,4.996428353445871,-2.207129880785942,-1.9389796629548073,0.2541273981332779,0.47415856644511223,0.060337282717227936,-20.064817098054018,-8.81354392252185,0.726078280380794,7.902642774085204,0.2154902954186712,0.37288136,0.74418605,0.52941176,0.68181818,0.9375,0.83333333,0.42156863,0.26470588,0.05882353,0.10784314,0.34313725,0.2254902,84.09687861689815,77.9951171875,93.47527521306819,88.42682756696429,93.04374363111413,7.414400453920718,-2.658209959665934,5.4337310791015625,-1.1449341910226005,8.819036732549252,3.703091091579861,-4.623388290405273,7.778698314319957,3.205682591029576,3.615040986434273,0.0992480106651783,0.47415856644511223,-2.207129880785942,0.2541273981332779,-1.9778903909027576,0.36758522468584554,7.902642774085204,-20.064817098054018,0.726078280380794,-8.599523438707642,0.37288136,0.74418605,0.52941176,0.68181818,0.9375,0.83333333,0.42156863,22.0,86.33636474609375,12.954545454545455,2.0,0.09090909,109.2,7.0,0.31818182,2019-08-07,0
11,KCR,8,2019,MIN,H,28,0.0,0.0,9.0,1.0,1.0,0.0,0.0,0.0,0.0,0.0,5.0,22.0,7.0,5.0,5.0,3.0,0.0,0.0,0.0,0.0,1.0,3.0,5.4,0.0,12.6,3.0,0.11111111,0.0,9.0,4.0,5.0,0.0,1.0,1.0,0.0,0.13636364,0.0,0.13636364,4.2899126581987925,5.4,0.3181818181818182,1.4,0.25,0.71428571,9.814009952545167,-0.8140099525451667,3.605376362800598,193.1811985884679,213.5981760740759,78.97905565847552,2.25,0.27777778,0.5,0.22222222,0.0,0.75,6.0,10.8,27.0,41.0,68.0,-0.2639920115470886,-0.6994519829750061,0.43546000123023987,-2.1796000003814697,-0.20523500442504883,1.1193000078201294,0.9709600210189819,0.8700000047683716,1.4384000301361084,1.0,1.0,-0.29581499099731445,0.05996043037668064,0.0,0.0,0.51470588,93.2,0.26470588,88.77777778,,,0.22058824,84.53333333,,-0.9492047429084778,-0.11442457139492035,,-1.7957285642623901,-2.7120135511670793,-0.6356920633051131,,-11.971523761749268,0.29268293,0.77777778,0.48529412,0.75,0.95238095,0.87878788,0.39705882,0.54545455,0.05882353,11.0,4.0,4.0,3.0,9.0,7.0,19.0,0.57894737,0.21052632,0.21052632,0.15789474,0.47368421,0.36842105,Martin Perez,6902,12.68396667422645,28.0,0.11764706,0.39705882,0.26470588,,0.22058824,93.7249984741211,92.86666304976852,88.83888753255208,,84.47333170572917,5.961249828338623,9.368148238570601,-0.7000000211927626,,7.9806666056315105,8.411250114440918,5.197777642144097,4.161111195882161,,5.766666666666667,-1.650465089827776,0.7012603580951691,-0.07226036861538887,,-1.7957285083830357,-20.6308136228472,2.597260585537663,-0.40144649230771595,,-11.971523389220238,0.24242424,0.71428571,0.48529412,0.625,0.92,0.84848485,0.51470588,0.22058824,,0.11764706,0.26470588,0.39705882,84.27294921875,,93.5102767944336,88.60440402560764,92.66353804976852,7.9048212687174475,,5.507884979248047,-1.2926821178860135,9.257343998661748,4.644086201985677,,7.622620105743408,3.2191395229763455,4.076914751971209,-1.7957285083830357,,-1.650465089827776,-0.07226036861538887,0.7012603580951691,-11.971523389220238,,-20.6308136228472,-0.40144649230771595,2.597260585537663,0.24242424,0.71428571,0.48529412,0.625,0.92,0.84848485,0.51470588,19.0,86.2611083984375,0.6111111111111112,3.0,0.15789474,113.7,8.0,0.42105263,2019-08-02,0
12,@CHW,8,2019,MIN,A,28,0.0,1.0,4.5,1.0,1.0,0.0,0.0,0.0,0.0,0.0,6.0,27.0,7.0,3.0,3.0,1.0,1.0,0.0,0.0,0.0,0.0,4.0,6.0,1.5,10.5,4.0,0.08333333,0.0,12.0,9.0,1.0,1.0,1.0,0.0,0.0,0.14814815,0.03703704,0.11111111,4.874655506622556,1.5,0.2692307692307692,1.3333333333333333,0.2857142857142857,0.75757576,4.5473432858785,-0.04734328587850012,5.364488638440768,96.59059929423397,99.44790047175009,117.08088132417693,1.33333333,0.04545455,0.54545455,0.40909091,0.11111111,0.11111111,1.0,1.5,36.0,64.0,100.0,-0.06171000003814697,-0.5447559952735901,0.4830459952354431,0.18000000715255737,0.017725199460983276,1.0387200117111206,0.8339999914169312,0.8700000047683716,0.4269999861717224,1.0,1.0,-0.08693069964647293,0.02752104223890081,0.0,0.0,0.45,94.0,0.26,89.88461538,0.03,79.66666667,0.26,85.57692308,,0.4757690727710724,-0.5523885488510132,0.13671891391277313,-1.1486152410507202,1.0572646061579387,-2.124571341734666,4.557297130425772,-4.4177509271181545,0.35714286,0.77272727,0.54,0.65,0.91176471,0.81481481,0.44,0.48148148,0.1,10.0,9.0,3.0,4.0,11.0,7.0,22.0,0.45454545,0.40909091,0.13636364,0.18181818,0.5,0.31818182,Martin Perez,6902,2.7934055146566528,51.0,0.24,0.22,0.25,0.03,0.26,93.94167073567708,93.68181818181819,89.84,79.63333129882812,85.46153846153847,6.2029164632161455,9.73181845925071,0.19280000686645507,-1.8833333651224773,8.728846036470854,8.095416386922201,5.176363511518999,5.178800048828125,-3.2766666412353516,5.4250001173753,-0.21047468855977058,0.27325133234262466,0.977804534137249,0.13671891018748283,-1.1486152857542038,-0.8769778689990441,1.2420515106482939,3.911218136548996,4.557297006249428,-4.41775109905463,0.26666667,0.76363636,0.54,0.58333333,0.88095238,0.81481481,0.55,0.26,0.03,0.21,0.26,0.24,85.51450758713942,79.62146504720052,93.9776843843006,89.8965594951923,93.8646240234375,8.538485013521635,-2.337790012359619,5.842571076892671,-0.1614545308626615,9.376859664916992,4.25245842566857,-4.347319920857747,7.500045049758184,4.283432300274189,4.477675437927246,-1.1486152857542038,0.13671891018748283,-0.06965672597289085,0.5648121163249016,0.5454257875680923,-4.41775109905463,4.557297006249428,-0.33169869510900407,2.172354293557314,2.272607448200385,0.26666667,0.76363636,0.54,0.58333333,0.88095238,0.81481481,0.55,22.0,88.02727161754261,11.818181818181818,1.0,0.04545455,107.2,8.0,0.36363636,2019-07-27,0
13,NYY,8,2019,MIN,H,28,0.0,0.0,11.25,1.0,1.0,0.0,0.0,0.0,0.0,0.0,4.0,20.0,7.0,5.0,5.0,3.0,4.0,0.0,0.0,0.0,0.0,4.0,9.0,9.0,15.75,1.0,0.0,0.0,4.0,5.0,3.0,1.0,0.0,0.0,0.0,0.2,0.2,0.0,6.7240459348869335,6.75,0.4375,2.75,0.4444444444444444,0.88235294,13.964009952545165,-2.7140099525451653,6.700519968569279,241.4764982355849,303.54570336831364,146.01890508161247,0.8,0.25,0.33333333,0.41666667,0.2,0.6,7.0,15.75,29.0,50.0,79.0,-0.25851601362228394,-0.6896799802780151,0.4311639964580536,-3.1456000804901123,-0.29619601368904114,1.1389600038528442,0.8779199719429016,0.8700000047683716,1.871999979019165,1.0,1.0,-0.34595099091529846,0.11897549331416876,0.0,0.0,0.37974684,93.76666667,0.20253165,89.0,0.07594937,78.83333333,0.34177215,84.85185185,,-2.223738193511963,0.08715890347957611,-1.1958411931991577,0.32181835174560547,-7.412460645039877,0.5447431467473507,-19.930686553319298,1.1919198212800202,0.36,0.65517241,0.46835443,0.66666667,0.78947368,0.72972973,0.36708861,0.65,0.12658228,3.0,7.0,2.0,2.0,4.0,6.0,12.0,0.25,0.58333333,0.16666667,0.16666667,0.33333333,0.5,Martin Perez,6902,16.22341379409826,15.0,0.15189873,0.2278481,0.20253165,0.07594937,0.34177215,94.03333536783855,93.46111382378473,89.0250015258789,78.88333129882812,84.91481300636575,6.114999771118164,9.375555250379774,-0.8399999737739563,-3.0450000762939453,8.051111291956019,8.573333104451498,4.898888905843099,3.729375123977661,-3.558333396911621,5.408518473307292,-1.4744548499584198,-0.7492833249270916,0.08715890347957611,-1.1958412267267704,0.36398255452513695,-12.2871237496535,-4.162685138483843,0.5447431467473507,-19.930687112112842,1.348083535278285,0.29545455,0.68571429,0.46835443,0.61538462,0.79166667,0.72972973,0.44303797,0.34177215,0.07594937,0.15189873,0.20253165,0.2278481,84.70165111400463,78.60990397135417,93.83097330729167,88.77742767333984,93.2435302734375,7.92696295844184,-3.554006576538086,5.717556635538737,-1.427649736404419,9.314871893988716,4.2259106106228295,-4.859276453653972,7.706534067789714,2.7780568599700928,3.7675450642903647,0.36398255452513695,-1.1958412267267704,-1.4744548499584198,0.08715890347957611,-0.7492833249270916,1.348083535278285,-19.930687112112842,-12.2871237496535,0.5447431467473507,-4.162685138483843,0.29545455,0.68571429,0.46835443,0.61538462,0.79166667,0.72972973,0.44303797,12.0,88.52500406901042,14.75,2.0,0.16666667,103.0,6.0,0.5,2019-07-22,0
14,NYM,8,2019,MIN,H,28,0.0,0.0,1.5,1.0,1.0,0.0,0.0,0.0,0.0,0.0,6.0,25.0,5.0,2.0,1.0,1.0,1.0,0.0,1.0,0.0,0.0,4.0,6.0,1.5,7.5,4.0,0.08333333,0.0,12.0,4.0,2.0,2.0,1.0,1.0,0.0,0.16,0.04,0.12,4.047315134886933,1.5,0.21739130434782608,1.0,0.2222222222222222,0.89285714,5.0473432858785,-3.5473432858785,4.206815294424693,32.19686643141132,110.28495195298358,92.00603616372355,3.0,0.11111111,0.66666667,0.22222222,0.5,0.25,3.0,4.5,23.0,60.0,83.0,0.15704399347305298,-0.44221600890159607,0.5992599725723267,1.3844000101089478,0.1303579956293106,1.2163499593734741,1.0975300073623657,0.8700000047683716,1.718400001525879,1.0,1.0,0.04293480142951012,0.08617606198840316,0.0,0.0,0.55421687,93.82608696,0.22891566,87.47368421,0.02409639,78.5,0.19277108,85.25,,0.4310646057128906,-0.6083768606185913,0.23398302495479584,0.19752216339111328,0.9370969689410665,-3.201983476939954,11.699151247739792,1.234513521194458,0.50980392,0.6875,0.57831325,0.73076923,0.90909091,0.8125,0.38554217,0.84,0.10843373,12.0,4.0,3.0,5.0,8.0,6.0,19.0,0.63157895,0.21052632,0.15789474,0.26315789,0.42105263,0.31578947,Martin Perez,6902,4.185592931207724,58.0,0.13253012,0.42168675,0.22891566,0.02409639,0.19277108,93.69090687144886,93.73999720982142,87.51579204358552,78.55000305175781,85.13749694824219,6.01818154074929,9.531999860491071,-0.7142105102539062,-2.319999933242798,7.96750020980835,8.118182095614346,4.729714093889509,3.225263294420744,-3.3949999809265137,5.141875267028809,-0.7171323820948601,1.1481969729065895,-0.6241848021745682,0.23398302868008614,0.19752217084169388,-6.519385291771456,3.280562779733113,-3.2851831693398323,11.699151434004307,1.2345135677605867,0.42105263,0.71111111,0.57831325,0.5625,0.9375,0.8125,0.54216867,0.19277108,0.02409639,0.14457831,0.22891566,0.40963855,85.14000701904297,78.4925537109375,93.73907470703125,87.47500128495066,93.73311121323529,7.859163284301758,-2.65802001953125,5.7513001759847,-1.289685701069079,9.514914119944853,4.07636833190918,-4.596169948577881,7.231964747111003,2.2254716973555717,3.6835591933306526,0.19752217084169388,0.23398302868008614,-0.7679385393857956,-0.6241848021745682,1.199003130197525,1.2345135677605867,11.699151434004307,-6.399487828214963,-3.2851831693398323,3.526479794698603,0.42105263,0.71111111,0.57831325,0.5625,0.9375,0.8125,0.54216867,19.0,84.94999864366319,3.7777777777777777,0.0,0.0,108.5,5.0,0.26315789,2019-07-17,0
15,TEX,8,2019,MIN,H,28,1.0,0.0,6.0,1.0,1.0,0.0,0.0,0.0,0.0,0.0,6.0,25.0,7.0,4.0,4.0,0.0,2.0,0.0,0.0,0.0,0.0,3.0,4.5,3.0,10.5,1.5,0.14285714,0.0,14.0,1.0,5.0,0.0,2.0,0.0,0.0,0.12,0.08,0.04,3.922411134886932,0.0,0.30434782608695654,1.5,0.35,0.55555556,3.2140099525451666,2.7859900474548334,3.5455446213483817,128.7874657256453,70.54909652179421,77.68311871706678,14.0,0.25,0.7,0.05,0.0,0.0,9.0,13.5,35.0,59.0,94.0,0.13023599982261658,-0.07693599909543991,0.20717200636863708,-0.1225999966263771,-0.011544300243258476,0.3434720039367676,0.41868600249290466,0.8700000047683716,0.454800009727478,1.0,1.0,0.021365899592638016,0.3578091083552957,0.0,0.0,0.4893617,94.04347826,0.30851064,88.0,0.03191489,79.66666667,0.17021277,85.75,,1.3926461935043335,0.6837668418884277,-0.5146435499191284,-0.8593488335609436,3.027491725009421,2.357816696166992,-17.154784997304283,-5.3709302097558975,0.37931034,0.66666667,0.4893617,0.68181818,0.875,0.7826087,0.38297872,0.64,0.10638298,12.0,6.0,2.0,0.0,11.0,9.0,20.0,0.6,0.3,0.1,0.0,0.55,0.45,Martin Perez,6902,4.496318496065073,51.0,0.23404255,0.25531915,0.30851064,0.03191489,0.17021277,94.28181596235795,93.79583740234375,87.88965685614224,79.56667073567708,85.5374984741211,5.750454642555931,9.581666946411133,-1.2837930876633217,-3.076666514078776,8.409375190734863,8.759545759721236,5.430833180745442,3.3341380152209052,-3.986666679382324,6.024374961853027,-1.1954276412725449,2.5880738236010075,0.6837668195366859,-0.5146435797214508,-0.8593488484621048,-5.433762005784295,10.783640931670863,2.3578166190920204,-17.154785990715027,-5.370930302888155,0.33333333,0.6744186,0.4893617,0.64705882,0.86206897,0.7826087,0.45744681,0.17021277,0.03191489,0.23404255,0.30851064,0.25531915,85.64502716064453,79.64259847005208,94.36700994318181,87.93590045797414,93.88423665364583,8.22868537902832,-3.5342734654744468,5.216757687655362,-1.828161042312096,9.443076451619467,4.598052978515625,-5.412120183308919,7.68624531139027,2.352665868298761,4.379368782043457,-0.8593488484621048,-0.5146435797214508,-1.1954276412725449,0.6837668195366859,2.5880738236010075,-5.370930302888155,-17.154785990715027,-5.433762005784295,2.3578166190920204,10.783640931670863,0.32692308,0.69047619,0.4893617,0.64705882,0.86206897,0.7826087,0.44680851,20.0,86.12000122070313,-1.95,0.0,0.0,105.8,7.0,0.35,2019-07-05,0
16,TBR,8,2019,MIN,H,28,0.0,0.0,2.5714285714285716,1.0,1.0,0.0,0.0,0.0,0.0,0.0,7.0,25.0,3.0,2.0,2.0,0.0,1.0,0.0,0.0,0.0,0.0,6.0,7.714285714285714,1.2857142857142858,3.857142857142857,6.0,0.0,0.0,9.0,5.0,4.0,0.0,0.0,0.0,0.0,0.24,0.04,0.2,3.7360895348869327,0.0,0.125,0.5714285714285714,0.16666666666666666,0.5,1.9282956668308804,0.6431329045976912,3.3491585331303733,55.1946281681337,42.682392712908154,73.42945702641175,1.8,0.22222222,0.5,0.27777778,0.0,0.0,2.0,2.5714285714285716,35.0,67.0,102.0,0.2789680063724518,-0.24010400474071503,0.5190719962120056,1.9484000205993652,0.18346500396728516,0.9565759897232056,1.1345100402832031,0.8700000047683716,1.8732000589370728,1.0,1.0,0.3085690140724182,-0.016937184119030113,0.0,0.0,0.28431373,94.20689655,0.34313725,88.34285714,0.07843137,80.0,0.29411765,84.96666667,,0.7897154092788696,2.0825932025909424,0.22994868457317352,0.3471640944480896,2.72315658372024,5.950266293116979,2.874358557164669,1.1572136481602986,0.38028169,0.67741935,0.47058824,0.81481481,0.9047619,0.85416667,0.30392157,0.64,0.06862745,9.0,4.0,5.0,2.0,8.0,8.0,18.0,0.5,0.22222222,0.27777778,0.11111111,0.44444444,0.44444444,Martin Perez,6902,2.3857691823153155,76.0,0.15686275,0.12745098,0.34313725,0.07843137,0.29411765,94.5687484741211,93.66153658353366,88.25142996651786,79.82499694824219,84.986669921875,5.808750152587891,9.396153963529146,-1.0594286237444197,-2.3162500858306885,8.54933369954427,8.391249656677246,5.443077087402344,4.21971435546875,-3.663749933242798,5.201666768391927,0.6302394531667233,0.15947598591446877,2.124757457524538,0.22994868084788322,0.3471640981733799,3.9389965822920203,1.2267383531882214,6.070735592927252,2.8743585105985403,1.157213660577933,0.38333333,0.5952381,0.47058824,0.7826087,0.92,0.85416667,0.41176471,0.29411765,0.07843137,0.15686275,0.34313725,0.12745098,85.0650146484375,79.829833984375,94.63835906982422,88.28726981026786,93.72623384915866,8.480869038899739,-2.7189700603485107,5.409336090087891,-1.5032667977469307,9.236032926119291,3.856847635904948,-4.980645179748535,7.515813827514648,3.2100797380719865,4.533955500676082,0.3471640981733799,0.22994868084788322,0.6302394531667233,2.124757457524538,0.15947598591446877,1.157213660577933,2.8743585105985403,3.9389965822920203,6.070735592927252,1.2267383531882214,0.38333333,0.5952381,0.47058824,0.7826087,0.92,0.85416667,0.41176471,18.0,90.78888617621527,7.222222222222222,0.0,0.0,109.4,7.0,0.38888889,2019-06-27,0
17,@KCR,8,2019,MIN,A,28,0.0,0.0,7.2,1.0,1.0,0.0,0.0,0.0,0.0,0.0,5.0,24.0,5.0,6.0,4.0,1.0,3.0,0.0,1.0,0.0,0.0,2.0,3.6,5.4,9.0,0.66666667,0.11111111,1.0,9.0,3.0,5.0,0.0,1.0,1.0,1.0,0.08333333,0.125,-0.04166667,6.42421486780721,1.8,0.25,1.6,0.23529411764705882,0.39473684,7.414009952545166,-0.2140099525451662,6.007534760236741,154.54495887077434,161.58032896415529,131.0090606490351,3.0,0.29411765,0.52941176,0.17647059,0.0,0.33333333,3.0,5.4,31.0,48.0,79.0,-0.3733440041542053,-0.7503719925880432,0.3770279884338379,-3.119999885559082,-0.28969401121139526,1.003290057182312,0.7964800000190735,0.8700000047683716,0.35440000891685486,1.0,1.0,-0.10114900022745132,-0.2709707088053707,0.0,0.0,0.36708861,92.20689655,0.26582278,87.33333333,0.03797468,78.0,0.32911392,83.65384615,,-0.723278820514679,-0.9908286333084106,-0.1432623565196991,0.13135764002799988,-2.4940648983264793,-4.718231587182908,-4.775411883989969,0.5052216924153841,0.38461538,0.62962963,0.46835443,0.8,1.0,0.89189189,0.34177215,0.625,0.05063291,8.0,5.0,5.0,3.0,10.0,5.0,18.0,0.44444444,0.27777778,0.27777778,0.16666667,0.55555556,0.27777778,Martin Perez,6902,10.02595297327932,34.0,0.15189873,0.20253165,0.26582278,0.03797468,0.34177215,92.38333129882812,92.2249984741211,87.33809407552083,77.89999898274739,83.78889069733796,5.4008331298828125,8.139374732971191,-1.0857142493838357,-3.5700000127156577,7.46703705964265,7.113333384195964,4.385000228881836,3.1514285859607516,-4.163333257039388,4.284074006257234,0.3683360479772091,-1.0950236395001411,-0.99082862585783,-0.1432623527944088,0.17693060636520386,3.0694670664767427,-6.843897746875882,-4.718231551703952,-4.775411759813627,0.6552985420933476,0.36170213,0.625,0.46835443,0.76470588,1.0,0.89189189,0.40506329,0.32911392,0.03797468,0.15189873,0.26582278,0.21518987,83.62745079627403,77.91476440429688,92.40863037109375,87.33208937872024,92.05640366498162,7.41841066800631,-4.022199948628743,5.162173271179199,-1.4983567737397694,8.123768525965074,3.262572948749249,-4.86393674214681,6.327903111775716,2.3506070091610862,3.5252328760483684,0.13135763630270958,-0.1432623527944088,0.3683360479772091,-0.99082862585783,-1.0494506694376469,0.5052216780873445,-4.775411759813627,3.0694670664767427,-4.718231551703952,-6.173239231986158,0.34042553,0.65625,0.46835443,0.75,1.0,0.89189189,0.40506329,18.0,83.811767578125,3.823529411764706,1.0,0.05555556,108.6,4.0,0.22222222,2019-06-21,0
18,KCR,8,2019,MIN,H,28,0.0,1.0,5.399997425080573,1.0,1.0,0.0,0.0,0.0,0.0,0.0,6.2,28.0,6.0,5.0,4.0,0.0,1.0,0.0,0.0,0.0,0.0,7.0,9.449995493891004,1.3499993562701433,8.09999613762086,7.0,0.0,0.33333333,9.0,3.0,5.0,0.0,0.0,3.0,1.0,0.25,0.03571429,0.21428571,3.442361706488718,0.0,0.2222222222222222,1.0499994993212227,0.3,0.28571429,1.564010739326102,3.835986685754471,2.459153918257253,115.90866388352285,34.786843686494784,54.152233424965,3.0,0.29411765,0.52941176,0.17647059,0.0,0.0,2.0,2.6999987125402867,33.0,72.0,105.0,-0.11053600162267685,-0.496616005897522,0.3860799968242645,-0.5246000289916992,-0.04939740151166916,0.9757519960403442,0.8500570058822632,0.8700000047683716,1.2544000148773193,1.0,1.0,0.16397500038146973,-0.277257885859786,0.0,0.0,0.45714286,93.75,0.27619048,88.75862069,0.03809524,79.5,0.22857143,85.20833333,,1.0020369291305542,0.5059162974357605,-0.19742675125598907,0.294256329536438,2.087576935688655,1.744538956675036,-4.935668781399727,1.2260680397351584,0.33846154,0.825,0.52380952,0.63636364,0.93939394,0.81818182,0.38095238,0.5,0.0952381,7.0,7.0,6.0,1.0,12.0,7.0,20.0,0.35,0.35,0.3,0.05,0.6,0.35,Martin Perez,6902,3.012921124362673,60.0,0.14285714,0.31428571,0.27619048,0.03809524,0.22857143,93.586669921875,93.68181818181819,88.61723801185344,79.6500015258789,85.09583536783855,6.448000081380209,9.926666259765625,-1.3613792945598733,-3.5325000286102295,8.77500025431315,9.125333658854167,5.849091038559422,3.8737929771686423,-3.319999933242798,5.378749847412109,0.8837411776185036,1.0833060666918755,0.5059162825345993,-0.19742675125598907,0.33642052114009857,5.891607850790024,3.282745656642047,1.7445389052917217,-4.935668781399727,1.4017521714170775,0.22641509,0.82692308,0.52380952,0.66666667,0.86046512,0.81818182,0.4952381,0.22857143,0.03809524,0.13333333,0.27619048,0.32380952,85.01411437988281,79.48605346679688,93.40454973493304,88.49229694234914,93.62914321001838,8.627020517985025,-4.009387493133545,5.940234048025949,-1.9149817104997306,9.934585571289062,3.91565736134847,-4.748740196228027,7.964829581124442,2.7785841843177534,4.700340270996094,0.33642052114009857,-0.19742675125598907,0.8837411776185036,0.5059162825345993,1.0833060666918755,1.4017521714170775,-4.935668781399727,6.312436982989311,1.7445389052917217,3.186194313799634,0.24074074,0.82352941,0.52380952,0.69230769,0.85714286,0.81818182,0.48571429,20.0,87.57647346047794,9.470588235294118,3.0,0.15,109.1,8.0,0.4,2019-06-16,0
19,SEA,8,2019,MIN,H,28,0.0,0.0,7.2,1.0,1.0,0.0,0.0,0.0,0.0,0.0,5.0,24.0,6.0,4.0,4.0,1.0,3.0,0.0,0.0,0.0,0.0,7.0,12.6,5.4,10.8,2.33333333,0.16666667,0.0,6.0,6.0,2.0,1.0,1.0,0.0,0.0,0.29166667,0.125,0.16666667,4.43326687148471,1.8,0.2857142857142857,1.8,0.38461538461538464,0.65789474,4.814009952545167,2.3859900474548335,4.601059567928314,154.54495887077434,105.22766126174129,100.54524471041483,1.0,0.14285714,0.42857143,0.42857143,0.16666667,0.16666667,3.0,5.4,36.0,59.0,95.0,-0.18276000022888184,-0.5581560134887695,0.3753960132598877,-1.1796000003814697,-0.11107300221920013,1.0458400249481201,0.9072800278663635,0.8700000047683716,1.0163999795913696,1.0,1.0,-0.014825699850916862,-0.15992377986797973,0.0,0.0,0.33684211,94.84375,0.30526316,89.13793103,0.10526316,79.7,0.25263158,86.25,,-1.377506136894226,-0.21550114452838898,0.3546164929866791,0.6128723621368408,-4.3047066777944565,-0.7431073949254793,3.5461649298667908,2.5536348422368365,0.33333333,0.65625,0.44210526,0.57142857,0.76190476,0.66666667,0.33684211,0.5,0.14736842,3.0,3.0,8.0,2.0,5.0,7.0,14.0,0.21428571,0.21428571,0.57142857,0.14285714,0.35714286,0.5,Martin Perez,6902,4.084860572375641,43.0,0.17894737,0.15789474,0.30526316,0.10526316,0.25263158,94.89411477481617,94.57333170572916,89.08965853987068,79.82000122070312,86.20833333333333,7.437058841480928,10.807333374023438,-0.007586205313945639,-0.7019999980926513,9.561666488647461,10.150588091681986,6.128666687011719,4.614827649346713,-1.2210000038146973,7.622500101725261,0.056674759835004807,-1.4341809190809727,-0.1733369342982769,0.3546165004372597,0.6128723733127117,0.33338094020591064,-9.561206127206484,-0.5977135665457824,3.5461650043725963,2.553634888802965,0.32,0.57777778,0.44210526,0.5,0.73076923,0.64285714,0.47368421,0.25263158,0.10526316,0.16842105,0.30526316,0.16842105,86.1173095703125,79.65208129882812,94.82850646972656,88.94852000269397,94.45524597167969,9.33285903930664,-1.298952579498291,6.8190789222717285,-0.6494526040965113,10.75991153717041,6.239585240681966,-2.6950048446655273,9.105801582336426,3.556011331492457,5.305237770080566,0.6128723733127117,0.3546165004372597,-0.009219285100698471,-0.1733369342982769,-1.3682868741452694,2.553634888802965,3.5461650043725963,-0.057620531879365444,-0.5977135665457824,-8.551792963407934,0.30769231,0.60465116,0.44210526,0.5,0.73076923,0.64285714,0.45263158,14.0,86.02143205915179,17.214285714285715,0.0,0.0,100.3,3.0,0.21428571,2019-06-11,0
20,@CLE,8,2019,MIN,A,28,0.0,0.0,3.8571402296745916,1.0,1.0,0.0,0.0,0.0,0.0,0.0,4.2,23.0,6.0,5.0,2.0,0.0,2.0,0.0,0.0,1.0,0.0,1.0,1.9285701148372958,3.8571402296745916,11.571420689023775,0.5,0.18181818,0.0,11.0,4.0,4.0,0.0,2.0,1.0,0.0,0.04347826,0.08695652,-0.04347826,6.156407661592472,0.0,0.2857142857142857,1.7142845465220407,0.3,0.375,4.071152225806187,-0.21401199613159516,5.7761865039031495,82.791885854704,89.12688640593652,125.99812925315325,2.75,0.21052632,0.57894737,0.21052632,0.0,0.0,6.0,11.571420689023775,36.0,56.0,92.0,-0.19674000144004822,-0.6352599859237671,0.43852001428604126,-2.2679998874664307,-0.20432400703430176,1.190809965133667,0.9643999934196472,0.8700000047683716,1.2319999933242798,1.0,1.0,-0.15289300680160522,-0.012322272882390684,0.0,0.0,0.39130435,94.75,0.32608696,90.16666667,0.10869565,80.8,0.17391304,86.375,,0.23719379305839539,-1.3396506309509277,0.4639996290206909,0.11176830530166626,0.6588716473844316,-4.465502103169759,4.639996290206909,0.6985519081354141,0.24074074,0.71052632,0.43478261,0.69230769,1.0,0.9,0.41304348,0.60869565,0.04347826,11.0,4.0,5.0,6.0,9.0,5.0,20.0,0.55,0.2,0.25,0.3,0.45,0.25,Martin Perez,6902,4.739318830487512,40.0,0.15217391,0.23913043,0.32608696,0.10869565,0.17391304,94.9857177734375,94.53181596235795,90.063330078125,80.65,86.2125015258789,5.357857295445034,9.48045487837358,-0.5416666666666666,-1.6950000762939452,8.545000076293945,8.748571123395648,4.820908979936079,4.3799997965494795,-2.9970001220703124,5.856874942779541,-0.18136892095208168,0.46072692424058914,-1.3396506384015083,0.4639996327459812,0.11176830902695656,-1.295492292514869,2.094213292002678,-4.465502128005028,4.639996327459812,0.6985519314184785,0.1875,0.70454545,0.43478261,0.77777778,0.93548387,0.9,0.47826087,0.17391304,0.10869565,0.15217391,0.32608696,0.23913043,86.19774627685547,80.56192016601562,94.93793596540179,89.99500325520833,94.48478560014205,8.243239402770996,-2.3391960144042967,4.8783095223563055,-1.1788817087809245,9.31315751509233,4.606795787811279,-4.3959911346435545,7.924122401646206,3.267042287190755,3.8072936318137427,0.11176830902695656,0.4639996327459812,-0.18136892095208168,-1.3396506384015083,0.46072692424058914,0.6985519314184785,4.639996327459812,-1.295492292514869,-4.465502128005028,2.094213292002678,0.20408163,0.69767442,0.43478261,0.7,0.96666667,0.9,0.4673913,20.0,81.0473697060033,-4.7368421052631575,0.0,0.0,100.9,2.0,0.1,2019-06-05,0
21,@TBR,8,2019,MIN,A,28,0.0,1.0,20.249974049661038,1.0,1.0,0.0,0.0,0.0,0.0,0.0,2.2,16.0,6.0,6.0,6.0,0.0,2.0,0.0,0.0,0.0,0.0,3.0,10.124987024830519,6.749991349887012,20.249974049661038,1.5,0.0,0.0,6.0,1.0,4.0,0.0,0.0,0.0,0.0,0.1875,0.125,0.0625,4.926806403636932,0.0,0.42857142857142855,2.9999961555053387,0.5454545454545454,0.25,3.214009952545166,17.035964097115873,3.9599620014149517,434.65713981098776,70.54909652179421,86.65927048792912,6.0,0.36363636,0.54545455,0.09090909,0.0,0.0,0.0,0.0,23.0,40.0,63.0,-0.2988260090351105,-0.46354201436042786,0.16471600532531738,-4.693999767303467,-0.471996009349823,0.9790250062942505,0.9266669750213623,0.8700000047683716,0.12520000338554382,1.0,1.0,-0.19724999368190765,-0.10797817425448614,0.0,0.0,0.36507937,94.04347826,0.46031746,89.48275862,,,0.17460317,85.81818182,,0.02375267818570137,-1.150149941444397,,-0.7661322951316833,0.10327251385087552,-3.966034280842748,,-6.964839046651666,0.44680851,0.75,0.52380952,0.47619048,0.83333333,0.60606061,0.25396825,0.5,0.20634921,5.0,5.0,1.0,2.0,7.0,2.0,11.0,0.45454545,0.45454545,0.09090909,0.18181818,0.63636364,0.18181818,Martin Perez,6902,5.670532211429141,27.0,0.14285714,0.22222222,0.46031746,,0.17460317,94.55555555555556,93.62857491629464,89.40344659213362,,85.68181818181819,6.121111128065321,10.337142944335938,-0.543448283754546,,9.185454628684305,9.665555318196615,6.406428745814732,4.868275609509698,,6.03545448996804,0.6371457166969776,-0.6133930385112762,-1.150149967521429,,-0.7661322876811028,7.079396852188641,-4.381378846509116,-3.9660343707635484,,-6.964838978919116,0.38461538,0.75,0.52380952,0.33333333,0.83333333,0.60606061,0.38095238,0.17460317,,0.14285714,0.46031746,0.22222222,85.83735240589489,,94.70210096571181,89.53231916756465,93.7542724609375,9.12474198774858,,5.587577819824219,-1.2002296447753906,10.287907191685267,4.578324404629794,,8.248064676920572,3.5359712798019935,5.040865761893136,-0.7661322876811028,,0.6371457166969776,-1.150149967521429,-0.6133930385112762,-6.964838978919116,,7.079396852188641,-3.9660343707635484,-4.381378846509116,0.38461538,0.75,0.52380952,0.33333333,0.83333333,0.60606061,0.38095238,11.0,83.25454434481534,4.181818181818182,0.0,0.0,99.6,1.0,0.09090909,2019-05-30,0
22,@LAA,8,2019,MIN,A,28,1.0,0.0,3.6,1.0,1.0,0.0,0.0,0.0,0.0,0.0,5.0,25.0,6.0,2.0,2.0,1.0,4.0,0.0,0.0,0.0,0.0,3.0,5.4,7.2,10.8,0.75,0.09090909,0.0,11.0,4.0,3.0,0.0,1.0,0.0,0.0,0.12,0.16,-0.04,6.422971134886931,1.8,0.2857142857142857,2.0,0.29411764705882354,0.93023256,7.014009952545166,-3.414009952545166,6.0053763628005985,77.27247943538717,152.91068777916848,130.96231043077555,2.75,0.16666667,0.61111111,0.22222222,0.0,0.25,9.0,16.2,37.0,51.0,88.0,0.09229999780654907,-0.21719999611377716,0.3095000088214874,0.6399999856948853,0.0632098987698555,0.6122000217437744,0.46700000762939453,0.8700000047683716,0.20000000298023224,1.0,1.0,-0.10819599777460098,0.2589637118031699,0.0,0.0,0.54545455,93.4375,0.23863636,88.0952381,0.01136364,75.0,0.20454545,84.22222222,,-1.4115461111068726,0.2588483393192291,-0.02982518821954727,-0.47429025173187256,-2.9407210648059845,1.232611139615377,-2.982518821954727,-2.634945842954848,0.25925926,0.52941176,0.36363636,0.78571429,0.88888889,0.84375,0.38636364,0.6,0.05681818,9.0,7.0,2.0,1.0,8.0,9.0,18.0,0.5,0.38888889,0.11111111,0.05555556,0.44444444,0.5,Martin Perez,6902,6.888159371678996,43.0,0.30681818,0.23863636,0.23863636,0.01136364,0.20454545,93.27037217881944,93.5,88.0952380952381,74.9000015258789,84.13333468967014,6.242221973560475,10.133333478655134,-1.0442857288178944,-4.449999809265137,9.382222493489584,10.22444435402199,7.172857375372024,4.322380792526972,-5.400000095367432,7.256111145019531,-1.427087128162384,0.09986943379044533,0.2588483355939388,-0.02982518821954727,-0.47429024800658226,-5.285507882082904,0.47556873233545394,1.2326111218758993,-2.982518821954727,-2.63494582225879,0.22727273,0.5,0.36363636,0.8,0.86363636,0.84375,0.5,0.20454545,0.01136364,0.29545455,0.23863636,0.25,84.30437554253473,74.97869873046875,93.39260629507211,88.24363490513393,93.7320223721591,9.224516974555122,-4.65526008605957,5.623737041766827,-1.5878410339355469,10.036313837224787,5.524762895372179,-6.446109771728516,8.843760563777042,2.965391068231492,5.947833668101918,-0.47429024800658226,-0.02982518821954727,-1.7772034704685211,0.2588483355939388,0.4499857760965824,-2.63494582225879,-2.982518821954727,-6.835397963340466,1.2326111218758993,2.0453898913481017,0.22727273,0.5,0.36363636,0.8,0.86363636,0.84375,0.5,18.0,84.72777642144098,10.055555555555555,0.0,0.0,100.2,6.0,0.33333333,2019-05-23,0
23,@SEA,8,2019,MIN,A,28,1.0,0.0,1.3499993562701433,1.0,1.0,0.0,0.0,0.0,0.0,0.0,6.2,28.0,5.0,1.0,1.0,0.0,4.0,0.0,0.0,0.0,0.0,7.0,9.449995493891004,5.399997425080573,6.749996781350717,1.75,0.0,0.0,10.0,2.0,5.0,0.0,0.0,0.0,0.0,0.25,0.14285714,0.10714286,4.647302915945249,0.0,0.20833333333333334,1.3499993562701433,0.29411764705882354,0.88888889,2.9140100955962454,-1.564010739326102,3.5107722148836795,28.977165970880712,64.04686873355794,76.92995919027487,5.0,0.29411765,0.58823529,0.11764706,0.0,0.0,6.0,8.09999613762086,39.0,64.0,103.0,0.2511399984359741,-0.23117999732494354,0.48232001066207886,2.4709999561309814,0.2495959997177124,0.7892410159111023,0.7342860102653503,0.8700000047683716,0.12399999797344208,1.0,1.0,0.14308199286460876,0.17512245086422779,0.0,0.0,0.41747573,94.27906977,0.2815534,87.89655172,0.02912621,78.66666667,0.27184466,84.92857143,,0.04895374923944473,0.8916406631469727,-0.5086522698402405,0.9236330389976501,0.11384592846382496,3.0746229763688713,-16.955075661341347,3.2986894249916077,0.33846154,0.68421053,0.46601942,0.59090909,0.88461538,0.75,0.36893204,0.67857143,0.11650485,1.0,11.0,5.0,6.0,9.0,2.0,17.0,0.05882353,0.64705882,0.29411765,0.35294118,0.52941176,0.11764706,Martin Perez,6902,4.234305376675021,68.0,0.23300971,0.18446602,0.2815534,0.02912621,0.27184466,94.24582926432292,94.26315789473684,87.8103448275862,78.46666971842448,84.94642857142857,5.495416641235352,9.236315275493421,-1.909655209245353,-3.746666590372721,9.067856924874443,9.198750178019205,6.17473682604338,3.418620668608567,-4.049999872843425,5.477857317243304,0.8737074807286263,-0.8447205722332001,0.9338048882782459,-0.5086522474884987,0.9236330315470695,3.640447836369276,-4.445897748595789,3.2200168561318825,-16.955074916283287,3.2986893983823915,0.27083333,0.63636364,0.46601942,0.53846154,0.82857143,0.75,0.53398058,0.27184466,0.02912621,0.23300971,0.2815534,0.18446602,85.15081787109375,78.58193461100261,94.42212931315105,87.9689520474138,94.42185572574013,9.16093008858817,-3.952543258666992,5.315210342407227,-2.177422359071929,9.30600296823602,4.159380231584821,-5.2771100997924805,8.187020619710287,2.4506475514379042,5.17285879034745,0.9236330315470695,-0.5086522474884987,0.8737074807286263,0.9338048882782459,-0.8447205722332001,3.2986893983823915,-16.955074916283287,3.640447836369276,3.2200168561318825,-4.445897748595789,0.3,0.62264151,0.46601942,0.53333333,0.84848485,0.75,0.51456311,17.0,80.4470573874081,2.176470588235294,0.0,0.0,103.6,3.0,0.17647059,2019-05-17,0
24,DET,8,2019,MIN,H,28,0.0,1.0,5.4,1.0,1.0,0.0,0.0,0.0,0.0,0.0,5.0,21.0,4.0,3.0,3.0,2.0,2.0,0.0,0.0,0.0,0.0,7.0,12.6,3.6,7.2,3.5,0.0,0.0,4.0,5.0,3.0,0.0,0.0,0.0,0.0,0.33333333,0.0952381,0.23809523,3.638990992506254,3.6,0.21052631578947367,1.2,0.2,0.9375,6.814009952545167,-1.4140099525451664,3.6032179653644563,115.90871915308075,148.5758671866751,78.932305440216,0.8,0.25,0.33333333,0.41666667,0.0,0.4,0.0,0.0,34.0,59.0,93.0,-0.09905599802732468,-0.3138040006160736,0.21474799513816833,-0.58160001039505,-0.05476459860801697,0.578324019908905,0.6197999715805054,0.8700000047683716,0.7279999852180481,1.0,1.0,-0.11771299690008163,-0.05356814415113656,0.0,0.0,0.4516129,93.85714286,0.34408602,86.40625,0.01075269,79.0,0.19354839,85.11111111,,0.18530569970607758,0.7065274119377136,-1.4872915744781494,0.07052968442440033,0.4412040469192323,2.207898162305355,-148.72915744781494,0.3918315801355574,0.30909091,0.68421053,0.46236559,0.58823529,0.76923077,0.69767442,0.40860215,0.71428571,0.13978495,6.0,2.0,4.0,0.0,5.0,7.0,12.0,0.5,0.16666667,0.33333333,0.0,0.41666667,0.58333333,Martin Perez,6902,7.612939489628378,46.0,0.12903226,0.32258065,0.34408602,0.01075269,0.19354839,93.40833536783855,93.90333658854166,86.30000305175781,79.19999694824219,85.09444173177083,6.249166488647461,9.462333170572917,-1.7396875619888306,-1.7300000190734863,9.620555453830296,9.330833435058594,6.914666748046875,2.4853124618530273,-2.1500000953674316,6.121111128065321,0.8083416968584061,-0.5808717906475067,0.7486916333436966,-1.4872915744781494,0.07052968069911003,6.736180807153384,-1.9362393021583557,2.339661354199052,-148.72915744781494,0.39183155943950015,0.35185185,0.61538462,0.46236559,0.57894737,0.79166667,0.69767442,0.41935484,0.19354839,0.01075269,0.12903226,0.34408602,0.32258065,85.35240342881944,79.40440368652344,93.63442993164062,86.49683380126953,94.12469889322917,9.450404696994358,-2.1942999362945557,5.914124170939128,-2.2563092708587646,9.313839721679688,4.694248199462891,-3.3945999145507812,8.319610595703125,1.458579182624817,5.815769958496094,0.07052968069911003,-1.4872915744781494,0.8083416968584061,0.7486916333436966,-0.5808717906475067,0.39183155943950015,-148.72915744781494,6.736180807153384,2.339661354199052,-1.9362393021583557,0.35185185,0.61538462,0.46236559,0.57894737,0.79166667,0.69767442,0.41935484,12.0,93.95833333333333,13.0,2.0,0.16666667,108.6,7.0,0.58333333,2019-05-12,0
25,@TOR,8,2019,MIN,A,28,1.0,0.0,0.0,1.0,1.0,0.0,0.0,0.0,0.0,0.0,7.0,24.0,2.0,0.0,0.0,0.0,2.0,0.0,0.0,0.0,0.0,9.0,11.571428571428571,2.5714285714285716,2.5714285714285716,4.5,0.0,0.0,4.0,7.0,2.0,1.0,0.0,0.0,0.0,0.375,0.08333333,0.29166667,3.1646540239594323,0.0,0.09090909090909091,0.5714285714285714,0.15384615384615385,1.0,1.499724238259452,-1.499724238259452,3.488932251078742,0.0,33.39349144327947,76.45691235582076,0.57142857,0.15384615,0.30769231,0.53846154,0.14285714,0.0,7.0,9.0,36.0,66.0,102.0,0.23261600732803345,-0.08369199931621552,0.31630799174308777,3.8570001125335693,0.36944401264190674,0.5585830211639404,0.6086859703063965,0.9200000166893005,0.09839999675750732,1.0,1.0,0.3908509910106659,0.025588461164809728,0.0,0.0,0.34313725,94.0,0.33333333,87.64705882,0.06862745,78.71428571,0.25490196,85.84615385,,2.271007537841797,1.0149732828140259,1.0205987691879272,0.09109239280223846,6.488592965262277,2.9852155376883114,14.579982416970388,0.3503553569316864,0.32394366,0.70967742,0.44117647,0.56521739,0.81818182,0.68888889,0.30392157,0.75,0.1372549,5.0,6.0,2.0,2.0,7.0,4.0,13.0,0.38461538,0.46153846,0.15384615,0.15384615,0.53846154,0.30769231,Martin Perez,6902,0.9689327865510887,85.0,0.09803922,0.24509804,0.33333333,0.06862745,0.25490196,94.15,93.75599609375,87.54999856387867,78.84286063058036,85.71153846153847,6.327999877929687,10.163599853515626,-1.300882339477539,-2.088571412222726,9.520384568434496,9.155000305175781,6.073599853515625,3.601764678955078,-4.012857164655413,6.381538391113281,0.6158502548933029,1.697321556508541,1.041329551488161,1.0205987580120564,0.09109239652752876,6.158502548933029,6.789286226034165,3.0627339749651794,14.579982257315091,0.35035537125972604,0.328125,0.63157895,0.44117647,0.47619048,0.875,0.68888889,0.37254902,0.25490196,0.06862745,0.09803922,0.33333333,0.24509804,85.74370868389423,78.79264613560268,94.17409057617188,87.5356804342831,93.76646484375,9.33926039475661,-2.361832754952567,6.082588195800781,-1.8760187485638786,10.241024169921875,4.783639174241286,-5.522050040108817,8.039204406738282,2.3650474548339844,4.862639770507813,0.09109239652752876,1.0205987580120564,0.6158502548933029,1.041329551488161,1.697321556508541,0.35035537125972604,14.579982257315091,6.158502548933029,3.0627339749651794,6.789286226034165,0.31818182,0.66666667,0.44117647,0.47619048,0.875,0.68888889,0.35294118,13.0,83.76154033954327,18.23076923076923,0.0,0.0,99.2,1.0,0.07692308,2019-05-06,0
26,HOU,8,2019,MIN,H,28,1.0,0.0,0.0,1.0,1.0,0.0,0.0,0.0,0.0,0.0,8.0,29.0,4.0,0.0,0.0,0.0,2.0,0.0,0.0,0.0,0.0,7.0,7.875,2.25,4.5,3.5,0.0,0.0,8.0,9.0,3.0,1.0,0.0,0.0,0.0,0.24137931,0.06896552,0.17241379,4.320534353591819,0.0,0.14814814814814814,0.75,0.2,1.0,2.214009952545166,-2.214009952545166,4.451868966966868,0.0,48.87499355932728,97.3138226189934,0.88888889,0.15,0.4,0.45,0.11111111,0.0,6.0,6.75,34.0,66.0,100.0,0.36195600032806396,-0.16077600419521332,0.5227320194244385,4.512400150299072,0.4248960018157959,0.766855001449585,0.8191999793052673,0.8700000047683716,0.08160000294446945,1.0,1.0,0.383186012506485,0.08881456080119254,0.0,0.0,0.37,95.0,0.43,88.65116279,0.03,79.33333333,0.17,86.70588235,,0.9193993806838989,2.1980960369110107,0.13671891391277313,0.624274492263794,2.4848631910375647,5.111851248630257,4.557297130425772,3.6722028956693764,0.28301887,0.55319149,0.41,0.73333333,0.92307692,0.85365854,0.47,0.68965517,0.06,11.0,6.0,3.0,3.0,10.0,7.0,20.0,0.55,0.3,0.15,0.15,0.5,0.35,Martin Perez,6902,1.7871669126409908,85.0,0.16,0.21,0.43,0.03,0.17,94.9437484741211,94.85714285714286,88.62557912427326,79.46666463216145,86.55882352941177,6.038750171661377,10.077619280133929,-1.2416278927825217,-3.486666679382324,10.483529483570772,9.696874618530273,6.593333653041294,3.447674418604651,-4.116666793823242,5.9476470947265625,0.04370522499084473,0.9178583808243275,2.211716629564762,0.13671891018748283,0.6242745146155357,0.27315765619277954,4.370754194401559,5.1435270454994475,4.557297006249428,3.67220302715021,0.28571429,0.52941176,0.41,0.71428571,0.92592593,0.85365854,0.51,0.17,0.03,0.16,0.43,0.21,86.87497845818015,79.65769958496094,95.20318603515625,88.8667957394622,95.11951264880952,10.155247407801012,-3.8693065643310547,5.6969685554504395,-1.788746855979742,9.809355236235119,4.415889964384191,-5.134603500366211,8.63631534576416,2.3076368819835573,5.448577517554874,0.6242745146155357,0.13671891018748283,0.04370522499084473,2.211716629564762,0.9178583808243275,3.67220302715021,4.557297006249428,0.27315765619277954,5.1435270454994475,4.370754194401559,0.27083333,0.53846154,0.41,0.76923077,0.89285714,0.85365854,0.52,20.0,88.18499755859375,19.9,0.0,0.0,102.7,8.0,0.4,2019-05-01,0
27,BAL,8,2019,MIN,H,28,1.0,0.0,1.5,1.0,1.0,0.0,0.0,0.0,0.0,0.0,6.0,24.0,6.0,1.0,1.0,0.0,0.0,0.0,1.0,0.0,0.0,4.0,6.0,0.0,9.0,4.0,0.16666667,0.0,6.0,7.0,6.0,1.0,1.0,0.0,0.0,0.16666667,0.0,0.16666667,4.588791176547071,0.0,0.2608695652173913,1.0,0.3157894736842105,0.85714286,2.380676619211833,-0.8806766192118332,4.701419300834338,32.19686643141132,52.48734405307176,102.71900536230392,0.85714286,0.31578947,0.31578947,0.36842105,0.14285714,0.0,6.0,9.0,32.0,64.0,96.0,0.2120400071144104,-0.18619999289512634,0.39824000000953674,2.384399890899658,0.2245199978351593,0.7528169751167297,0.6823329925537109,0.8700000047683716,0.40799999237060547,1.0,1.0,0.19788099825382233,0.08378109774438769,0.0,0.0,0.29166667,94.82142857,0.51041667,87.46938776,0.09375,78.33333333,0.10416667,86.4,,-1.7596131563186646,3.8557050228118896,0.27214083075523376,-0.22819650173187256,-6.284332701138087,7.868785760840591,3.023787008391486,-2.2819650173187256,0.47692308,0.70967742,0.55208333,0.80645161,0.81818182,0.81132075,0.32291667,0.54166667,0.10416667,7.0,6.0,6.0,5.0,8.0,6.0,19.0,0.36842105,0.31578947,0.31578947,0.26315789,0.42105263,0.31578947,Martin Perez,6902,3.8955182787719833,67.0,0.125,0.16666667,0.51041667,0.09375,0.10416667,94.9249979654948,94.64375305175781,87.46122648278062,78.22222222222223,86.30999755859375,5.6816666920979815,9.641249656677246,-1.5183673780791613,-2.7011110517713757,9.227999877929687,8.942499796549479,6.46750020980835,2.7067347935267856,-5.172222137451172,5.454999923706055,0.10056446120142937,-1.8180134259164333,3.9400333277881145,0.27214082330465317,-0.22819650173187256,0.838037176678578,-11.362583911977708,8.040884342424723,3.0237869256072574,-2.2819650173187256,0.4,0.75609756,0.55208333,0.72727273,0.87096774,0.81132075,0.42708333,0.10416667,0.09375,0.10416667,0.51041667,0.1875,86.43988037109375,78.27734375,95.138232421875,87.55180763711735,94.72463650173611,9.045076751708985,-2.9409200880262585,4.661225128173828,-2.0001602172851562,9.437518649631077,4.0160259246826175,-6.404395633273655,8.134207916259765,1.694106588558275,5.665177663167317,-0.22819650173187256,0.27214082330465317,0.07882536202669144,3.9400333277881145,-1.7962743267416954,-2.2819650173187256,3.0237869256072574,0.7882536202669145,8.040884342424723,-9.97930181523164,0.4,0.75609756,0.55208333,0.72727273,0.87096774,0.81132075,0.42708333,19.0,83.12631707442434,12.526315789473685,0.0,0.0,106.3,5.0,0.26315789,2019-04-26,0
28,@BAL,8,2019,MIN,A,28,1.0,0.0,6.0,1.0,1.0,0.0,0.0,0.0,0.0,0.0,6.0,24.0,6.0,4.0,4.0,2.0,1.0,0.0,0.0,0.0,0.0,2.0,3.0,1.5,9.0,2.0,0.0,0.0,7.0,8.0,6.0,2.0,0.0,0.0,0.0,0.08333333,0.04166667,0.04166666,6.091617690533184,3.0,0.2608695652173913,1.1666666666666667,0.21052631578947367,0.71428571,7.380676619211833,-1.3806766192118332,5.69962063630422,128.7874657256453,160.85785886540637,124.339736335546,0.875,0.28571429,0.33333333,0.38095238,0.25,0.25,13.0,19.5,29.0,67.0,96.0,0.10543599724769592,-0.048815999180078506,0.15425199270248413,-0.5619999766349792,-0.05232769995927811,0.24191699922084808,0.3258669972419739,0.8532000184059143,0.053199999034404755,1.0,1.0,0.23820899426937103,0.19762642691755639,0.0,0.0,0.39583333,94.13157895,0.33333333,87.46875,0.13541667,78.76923077,0.13541667,85.38461538,,-3.366039514541626,1.8195573091506958,0.8460015654563904,0.8045656681060791,-8.857998722477962,5.686116591095924,6.507704349664542,6.18896667773907,0.41666667,0.66666667,0.54166667,0.7,0.9375,0.84615385,0.5,0.45833333,0.08333333,12.0,3.0,6.0,4.0,10.0,7.0,21.0,0.57142857,0.14285714,0.28571429,0.19047619,0.47619048,0.33333333,Martin Perez,6902,9.389765007765389,42.0,0.13541667,0.26041667,0.33333333,0.13541667,0.13541667,94.23845966045673,93.872001953125,87.35624694824219,78.6999981219952,85.41538649338942,5.575384873610276,9.76280029296875,-1.308437466621399,-3.2715383676382213,8.16076894906851,9.166922936072716,5.89719970703125,3.4609375,-4.426923018235427,7.366153423602764,-2.081317838281393,-1.284721665084362,1.8617215529084206,0.8301936276257038,0.7887576892971992,-16.01013721754918,-5.138886660337448,5.817879852838814,6.38610482789003,6.067366840747686,0.30769231,0.71929825,0.55208333,0.5,0.92682927,0.83018868,0.59375,0.13541667,0.13541667,0.125,0.33333333,0.27083333,85.63839956430289,78.84042593149039,94.56856282552083,87.50550842285156,94.03468674879808,7.964988708496094,-3.5827190692608175,5.0020491282145185,-1.8136786222457886,9.416544400728666,5.951343242938702,-5.78477771465595,8.256075541178385,2.3159210681915283,4.870473421536959,0.7887576892971992,0.8301936276257038,-0.7378227077424526,1.8617215529084206,-2.6282167956233025,6.067366840747686,6.38610482789003,-6.148522564520439,5.817879852838814,-10.108526137012703,0.325,0.71428571,0.55208333,0.53846154,0.925,0.83018868,0.58333333,21.0,88.43809291294643,18.80952380952381,2.0,0.0952381,109.6,5.0,0.23809524,2019-04-20,2
29,TOR,8,2019,MIN,H,28,0.0,0.0,1.5,1.0,1.0,0.0,0.0,0.0,0.0,0.0,6.0,25.0,7.0,1.0,1.0,0.0,2.0,0.0,0.0,0.0,0.0,5.0,7.5,3.0,10.5,2.5,0.0,0.0,8.0,6.0,3.0,0.0,0.0,1.0,0.0,0.2,0.08,0.12,4.800067134886932,0.0,0.30434782608695654,1.5,0.3888888888888889,0.88888889,2.5473432858785,-1.0473432858785001,4.53655129869779,32.19686643141132,56.09969454681626,99.1480156294438,1.33333333,0.17647059,0.47058824,0.35294118,0.0,0.0,3.0,4.5,29.0,57.0,86.0,0.23535199463367462,-0.31931599974632263,0.5546680092811584,2.384399890899658,0.2245199978351593,1.072309970855713,1.043869972229004,0.8700000047683716,1.3847999572753906,1.0,1.0,0.14645999670028687,0.07302131097221537,0.0,0.0,0.39534884,95.05882353,0.30232558,89.38461538,0.10465116,79.55555556,0.19767442,86.17647059,,-0.012385446578264236,1.2091163396835327,-0.7614266872406006,-1.2703003883361816,-0.03642778405371834,4.6504474603212795,-8.460296524895563,-7.47235522550695,0.26666667,0.68292683,0.46511628,0.5,0.92857143,0.8,0.47674419,0.8,0.09302326,7.0,9.0,2.0,3.0,7.0,8.0,18.0,0.38888889,0.5,0.11111111,0.16666667,0.38888889,0.44444444,Martin Perez,6902,2.665580472846069,62.0,0.18604651,0.20930233,0.30232558,0.10465116,0.19767442,95.23124694824219,94.93333604600694,89.39230581430289,79.57777913411458,85.98235006893383,5.449375152587891,10.259444342719185,-0.8369230857262244,-2.5744444529215493,8.315882065716911,9.84375,6.485555436876085,3.831538567176232,-4.402222103542751,7.837647381950827,-1.1923183612525463,1.179932914674282,1.209116369485855,-0.7614266835153103,-1.270300392061472,-7.451989757828414,6.555182859301567,4.650447574945597,-8.460296483503447,-7.472355247420423,0.23255814,0.69767442,0.46511628,0.5,0.9,0.8,0.5,0.19767442,0.10465116,0.18604651,0.30232558,0.20930233,86.15873448988971,79.68836805555556,95.39402770996094,89.50333345853366,95.08785671657986,8.080228020163144,-2.905796686808268,5.072539806365967,-1.3081505115215595,10.045205010308159,6.296353957232307,-5.805115593804254,8.84786605834961,2.7866877042330227,5.275029924180773,-1.270300392061472,-0.7614266835153103,-1.1923183612525463,1.209116369485855,1.179932914674282,-7.472355247420423,-8.460296483503447,-7.451989757828414,4.650447574945597,6.555182859301567,0.23809524,0.68181818,0.46511628,0.5,0.9,0.8,0.51162791,18.0,87.188232421875,4.588235294117647,2.0,0.11111111,103.6,6.0,0.33333333,2019-04-15,0
30,@NYM,8,2019,MIN,A,28,0.0,0.0,13.5,1.0,0.0,0.0,0.0,0.0,0.0,0.0,2.0,11.0,3.0,3.0,3.0,0.0,2.0,0.0,0.0,0.0,0.0,4.0,18.0,9.0,13.5,2.0,0.0,0.0,5.0,0.0,0.0,0.0,0.0,0.0,0.0,0.36363636,0.18181818,0.18181818,3.3597081776583373,0.0,0.3333333333333333,2.5,0.6,0.4,2.214009952545166,11.285990047454835,2.214009952545166,289.7717978827019,48.87499355932728,48.84249124767191,5.0,0.0,1.0,0.0,0.0,0.0,4.0,18.0,15.0,29.0,44.0,-0.006165999919176102,-0.011549999937415123,0.005384000018239021,-2.068000078201294,-0.2227250039577484,0.045963600277900696,0.06069999933242798,0.07760000228881836,0.043800000101327896,1.0,1.0,-0.029294900596141815,-0.10485472828183612,0.0,0.0,0.54545455,94.875,0.29545455,89.0,0.02272727,79.0,0.13636364,85.0,,-0.7428669333457947,0.25454527139663696,0.04557297006249428,0.12847845256328583,-3.095278888940811,1.9580405492048998,4.557297006249428,2.1413075427214308,0.26086957,0.80952381,0.52272727,0.33333333,0.64705882,0.56521739,0.47727273,0.72727273,0.22727273,2.0,2.0,1.0,0.0,4.0,1.0,5.0,0.4,0.4,0.2,0.0,0.8,0.2,Martin Perez,6902,1.4970000881930088,,0.22727273,0.31818182,0.29545455,0.02272727,0.13636364,95.25999755859375,94.57142857142857,89.06154221754808,78.5999984741211,85.0,6.094000244140625,11.258571079799108,-0.7223076453575721,-4.0,9.74666659037272,10.651000213623046,7.291428702218192,5.018461374136118,-3.5899999141693115,9.251666386922201,0.022471286356449127,-0.7653382420539856,0.25454527139663696,0.04557297006249428,0.11574282124638557,0.22471286356449127,-5.46670172895704,1.9580405492048998,4.557297006249428,1.929047020773093,0.2,0.79166667,0.52272727,0.5,0.63157895,0.60869565,0.54545455,0.13636364,0.02272727,0.18181818,0.29545455,0.36363636,85.07569885253906,78.60649871826172,95.14651489257812,89.0992901141827,94.8045425415039,9.524609883626303,-4.229450225830078,4.748312473297119,-1.2862620720496545,11.022539138793945,7.305558522542317,-5.433650016784668,9.656036376953125,3.5437698364257812,6.119999885559082,0.11574282124638557,0.04557297006249428,-0.02310168370604515,0.25454527139663696,-0.7197652719914913,1.929047020773093,4.557297006249428,-0.2887710463255644,1.9580405492048998,-4.498532949946821,0.2,0.79166667,0.52272727,0.5,0.63157895,0.60869565,0.54545455,5.0,83.92000122070313,-5.8,0.0,0.0,97.8,1.0,0.2,2019-04-10,0
31,@PHI,8,2019,MIN,A,28,0.0,0.0,3.374995674943506,1.0,0.0,0.0,0.0,0.0,0.0,0.0,2.2,15.0,3.0,2.0,1.0,0.0,4.0,1.0,0.0,0.0,0.0,2.0,6.749991349887012,13.499982699774025,10.124987024830519,0.5,0.0,0.0,2.0,4.0,3.0,0.0,0.0,0.0,0.0,0.13333333,0.26666667,-0.13333334,8.679442715268266,0.0,0.2727272727272727,2.6249966360671713,0.3333333333333333,0.71428571,6.214006108050505,-2.8390104331069987,9.197814303529647,72.44285663516465,135.57132208322184,200.10952493814014,0.5,0.33333333,0.22222222,0.44444444,0.0,0.0,2.0,6.749991349887012,28.0,44.0,72.0,-0.09468399733304977,-0.18400800228118896,0.0893239974975586,-1.031999945640564,-0.1016250029206276,0.5450130105018616,0.44646701216697693,0.46619999408721924,0.8478000164031982,1.0,1.0,-0.09903290122747421,-0.07469505665349893,0.0,1.0,0.45833333,93.6969697,0.23611111,89.47058824,0.06944444,79.2,0.23611111,86.0,0.02777778,-0.5416375398635864,0.4492635726928711,0.034140437841415405,-0.4778802692890167,-1.6413258783745044,2.6427268981933594,0.6828087568283081,-2.8110604075824512,0.27027027,0.68571429,0.47222222,0.7,0.79166667,0.76470588,0.48611111,0.53333333,0.11111111,4.0,4.0,1.0,1.0,5.0,3.0,9.0,0.44444444,0.44444444,0.11111111,0.11111111,0.55555556,0.33333333,Martin Perez,6902,8.059343553986569,,0.20833333,0.23611111,0.23611111,0.06944444,0.25,93.9,93.72941320082721,89.37059110753677,79.3,86.01666937934027,6.7593332926432295,10.874117682961856,0.581764726077809,-2.5860000610351563,10.726666768391928,10.427333577473958,7.637058931238511,6.095882191377528,-4.320000076293946,7.02111095852322,-0.47176238521933556,-0.03096441924571991,0.4492635726928711,0.034140437841415405,-0.4746267944574356,-3.1450825681289034,-0.18214364262188182,2.6427268981933594,0.6828087568283081,-2.636815524763531,0.23529412,0.68421053,0.47222222,0.75,0.76923077,0.76470588,0.52777778,0.24324324,0.06756757,0.2027027,0.22972973,0.22972973,86.24488661024306,79.39718017578124,94.09379069010417,89.53368422564338,93.91774615119485,10.532597859700521,-3.074435997009277,6.38475596110026,0.03916628220502068,10.872710284064798,5.728429582383898,-5.490879821777344,9.213686116536458,4.841248456169577,6.31374179615694,-0.4746267944574356,0.034140437841415405,-0.47176238521933556,0.4492635726928711,-0.03096441924571991,-2.636815524763531,0.6828087568283081,-3.1450825681289034,2.6427268981933594,-0.18214364262188182,0.23529412,0.68421053,0.47222222,0.75,0.76923077,0.76470588,0.52777778,9.0,86.71111382378473,16.88888888888889,1.0,0.11111111,101.0,2.0,0.22222222,2019-04-05,0
32,CLE,8,2019,MIN,H,28,1.0,0.0,7.363629500734405,1.0,0.0,0.0,0.0,0.0,0.0,0.0,3.2,19.0,5.0,3.0,3.0,0.0,3.0,0.0,0.0,0.0,0.0,6.0,14.72725900146881,7.363629500734405,12.27271583455734,2.0,0.0,0.0,5.0,2.0,3.0,1.0,0.0,0.0,0.0,0.31578947,0.15789474,0.15789473,4.1763738000571,0.0,0.3125,2.1818161483657494,0.5,0.625,2.39582889690801,4.967800603826395,3.4808504381149277,158.0571969903638,52.8157560799746,76.28186279652074,2.5,0.3,0.5,0.2,0.5,0.0,5.0,12.27271583455734,32.0,50.0,82.0,0.05126800015568733,-0.09838800132274628,0.1496559977531433,-1.093999981880188,-0.10301300138235092,0.4480000138282776,0.29280000925064087,0.9448000192642212,0.1932000070810318,1.0,1.0,-0.08842179924249649,0.202859296057706,0.0,0.0,0.64634146,95.28301887,0.26829268,89.36363636,,,0.08536585,86.0,,-0.5956787467002869,0.9466736316680908,,-0.8186055421829224,-1.1239221635854468,4.3030619621276855,,-11.694364888327462,0.29166667,0.67647059,0.45121951,0.71428571,0.69565217,0.7027027,0.41463415,0.78947368,0.13414634,4.0,1.0,5.0,3.0,4.0,3.0,10.0,0.4,0.1,0.5,0.3,0.4,0.3,Martin Perez,6902,3.3856039570696415,,0.29268293,0.35365854,0.26829268,,0.08536585,95.28333536783855,95.11723801185344,89.23181707208806,,85.92857142857143,5.318750063578288,9.817241800242456,-0.7190908952192827,,8.867142813546318,9.535416920979818,6.634137909987877,3.378181804310192,,7.002857208251953,0.36680274829268456,-0.9203173108398914,0.9308657050132751,,-0.8186055272817612,1.5283447845528522,-3.1735079684134186,4.231207750060341,,-11.69436467545373,0.17948718,0.69767442,0.45121951,0.28571429,0.8,0.7027027,0.52439024,0.08536585,,0.24390244,0.26829268,0.40243902,86.06634521484375,,95.37642822265624,89.32041237571023,95.27470259232955,8.794879913330078,,4.32691535949707,-1.2480396790937944,9.322006687973484,5.386481693812779,,8.755172729492188,2.2868695692582564,5.743907581676137,-0.8186055272817612,,0.3956854082643986,0.9308657050132751,-0.9491999708116055,-11.69436467545373,,1.978427041321993,4.231207750060341,-2.876363547913956,0.17948718,0.69767442,0.45121951,0.28571429,0.8,0.7027027,0.52439024,10.0,91.67000122070313,9.1,1.0,0.1,112.8,3.0,0.3,2019-03-31,0
