,Team,Opp,season,Age,BatOrder,Pos,G,AB,PA,H,1B,2B,3B,HR,R,RBI,BB,IBB,SO,HBP,SF,SH,GDP,SB,CS,AVG,GB,FB,LD,IFFB,Pitches,Balls,Strikes,IFH,BU,BUH,BB%,K%,BB/K,OBP,SLG,OPS,ISO,BABIP,GB/FB,LD%,GB%,FB%,IFFB%,HR/FB,IFH%,BUH%,wOBA,wRAA,wRC,Spd,wRC+,wBSR,WPA,-WPA,+WPA,RE24,REW,pLI,phLI,PH,WPA/LI,Clutch,FB%1,FBv,SL%,SLv,CT%,CTv,CB%,CBv,CH%,CHv,SF%,SFv,wFB,wSL,wCT,wCB,wCH,wSF,wFB/C,wSL/C,wCT/C,wCB/C,wCH/C,wSF/C,O-Swing%,Z-Swing%,Swing%,O-Contact%,Z-Contact%,Contact%,Zone%,F-Strike%,SwStr%,Pull,Cent,Oppo,Soft,Med,Hard,bipCount,Pull%,Cent%,Oppo%,Soft%,Med%,Hard%,pfxFA%,pfxFT%,pfxFC%,pfxFS%,pfxSI%,pfxSL%,pfxCU%,pfxKC%,pfxCH%,pfxvFA,pfxvFT,pfxvFC,pfxvFS,pfxvSI,pfxvSL,pfxvCU,pfxvKC,pfxvCH,pfxFA-X,pfxFT-X,pfxFC-X,pfxFS-X,pfxSI-X,pfxSL-X,pfxCU-X,pfxKC-X,pfxCH-X,pfxFA-Z,pfxFT-Z,pfxFC-Z,pfxFS-Z,pfxSI-Z,pfxSL-Z,pfxCU-Z,pfxKC-Z,pfxCH-Z,pfxwFA,pfxwFT,pfxwFC,pfxwFS,pfxwSI,pfxwSL,pfxwCU,pfxwKC,pfxwCH,pfxwFA/C,pfxwFT/C,pfxwFC/C,pfxwFS/C,pfxwSI/C,pfxwSL/C,pfxwCU/C,pfxwKC/C,pfxwCH/C,pfxO-Swing%,pfxZ-Swing%,pfxSwing%,pfxO-Contact%,pfxZ-Contact%,pfxContact%,pfxZone%,piCH%,piCU%,piFA%,piFC%,piFS%,piSI%,piSL%,pivCH,pivCU,pivFA,pivFC,pivFS,pivSI,pivSL,piCH-X,piCU-X,piFA-X,piFC-X,piFS-X,piSI-X,piSL-X,piCH-Z,piCU-Z,piFA-Z,piFC-Z,piFS-Z,piSI-Z,piSL-Z,piwCH,piwCU,piwFA,piwFC,piwFS,piwSI,piwSL,piwCH/C,piwCU/C,piwFA/C,piwFC/C,piwFS/C,piwSI/C,piwSL/C,piO-Swing%,piZ-Swing%,piSwing%,piO-Contact%,piZ-Contact%,piContact%,piZone%,Events,EV,LA,Barrels,Barrel%,maxEV,HardHit,HardHit%,PlayerName,playerid,gamedate,dh
0,- - -,- - -,2019,24,- - -,- - -,30.0,97.0,105.0,29.0,17.0,7.0,0.0,5.0,14.0,11.0,7.0,0.0,18.0,0.0,0.0,0.0,1.0,0.0,0.0,0.29896907,31.0,25.0,22.0,1.0,368.0,114.0,254.0,2.0,1.0,0.0,0.06666667,0.17142857,0.38888889,0.34615385,0.5257732,0.87192705,0.22680413,0.32432432,1.24,0.28205128,0.3974359,0.32051282,0.04,0.2,0.06451613,0.0,0.3637472591721095,3.9763551093259357,17.191456992141298,1.332373267857143,128.3245781086772,-0.0522898156195879,-0.09511003247462213,-1.8426280422136188,1.747518045041943,1.9290000721812248,0.15622799657285213,0.9735396313217451,1.0799999833106995,2.0,0.061312618490774184,-0.15900769880865928,0.54891304,93.76237624,0.1548913,83.64912281,0.03804348,88.57142857,0.14130435,80.09615385,0.06793478,84.88,0.04891304,85.05555556,-2.9536410868167877,2.4718471243977547,0.2802150659263134,1.0925723053514957,1.2602036036550999,1.8793392330408096,-1.462198557830093,4.336573902452201,2.0015361851879527,2.1011005872144146,5.0408144146203995,10.440773516893387,0.38461538,0.7,0.52173913,0.625,0.90178571,0.78645833,0.43478261,0.68571429,0.11141304,34.0,23.0,22.0,13.0,41.0,25.0,80.0,0.43037975,0.29113924,0.27848101,0.16455696,0.51898734,0.3164557,0.41304348,0.0625,0.03804348,0.05978261,0.07065217,0.15217391,0.13586957,0.00543478,0.0625,94.04276255557411,92.68260756782864,88.74999836512974,84.88636432994495,92.30000041081355,83.37678500584194,79.98200073242188,82.20000076293945,85.46521692690642,-3.1769736934649315,-5.467391325079876,1.6050000105585371,-4.67909084666859,1.7319229932931752,0.5185713810580117,2.9357999527454375,5.480000019073486,-7.83826092015142,9.61684208794644,6.729130496149478,5.5621427191155295,1.9245454560626636,4.361153785999004,0.3010714330843517,-4.928399970531464,-4.105000019073486,5.169565309648928,-2.7810968793928623,0.8473227769136429,0.1635148748755455,2.351504050195217,-1.1765586882829666,3.1478857435286045,0.449142936617136,-0.029487520456314087,0.7210412360727787,-1.829668999600567,3.684012073537578,1.1679633919681822,10.688654773614624,-4.5252257241652565,5.621224542015365,0.8982858732342719,-1.4743760228157043,3.134961895968603,0.38502674,0.66850829,0.52445652,0.59722222,0.90082645,0.78756477,0.49184783,0.05978261,0.13315217,0.42934783,0.03804348,0.05706522,0.11956522,0.16304348,85.3751088922674,79.58526066371373,94.2058260953879,89.16211427961078,84.86124456496466,92.49285368485884,83.78439064025879,-7.666541728106412,3.091596082765229,-2.949205929719949,1.6848379714148385,-4.445040325323741,-1.6340143138712102,0.8361841599146526,3.799945466897704,-6.902039409291987,8.454567731181278,4.702128648757935,0.1358686713945298,3.7413431731137363,-1.0140604517733058,0.7003015875816345,0.5246914811432362,-2.2461546659469604,0.2711295373737812,2.3970770202577114,-1.380290325731039,2.997276708483696,3.183189034461975,1.0707989411086452,-1.4216168771816207,1.9366395526698659,11.414652477417674,-3.1370234675705433,4.99546118080616,0.38947368,0.66853933,0.52445652,0.59459459,0.90756303,0.78756477,0.48369565,80.0,86.69999968699919,13.192307692307692,3.0,0.0375,104.5,19.0,0.2375,Reese McGuire,15674,2050-01-01,0
1,TOR,TBR,2019,24,6,C,1.0,4.0,4.0,0.0,0.0,0.0,0.0,0.0,1.0,0.0,0.0,0.0,0.0,0.0,0.0,0.0,0.0,0.0,0.0,0.0,4.0,0.0,0.0,0.0,15.0,5.0,10.0,0.0,0.0,0.0,0.0,0.0,0.0,0.0,0.0,0.0,0.0,0.0,4.0,0.0,1.0,0.0,0.0,0.0,0.0,0.0,0.0,-1.1062290720254646,-0.6027966193467842,0.142857142857143,-100.0,0.0,-0.09411200135946274,-0.09411200135946274,0.0,-0.9300000071525574,-0.08908049762248993,0.9527999758720398,,0.0,-0.10222800076007843,0.003453857453317999,0.8,97.0,,,,,,,,,0.2,84.66666667,-0.6981289386749268,,,,,-0.3505021929740906,-5.81774115562439,,,,,-11.683406432469685,0.33333333,0.66666667,0.46666667,0.33333333,1.0,0.71428571,0.4,0.75,0.13333333,4.0,0.0,0.0,0.0,4.0,0.0,4.0,1.0,0.0,0.0,0.0,1.0,0.0,0.8,,,0.2,,,,,,96.84999593098958,,,84.86666870117188,,,,,,-2.683333396911621,,,0.42999998728434247,,,,,,9.553333282470703,,,0.3733333349227905,,,,,,-0.6981289386749268,,,-0.35050220414996147,,,,,,-5.81774115562439,,,-11.683406804998715,,,,,,0.375,0.57142857,0.46666667,0.33333333,1.0,0.71428571,0.46666667,,,0.8,,0.2,,,,,97.3743184407552,,85.28523763020833,,,,,-2.2912394205729165,,0.15954401095708212,,,,,8.538604736328125,,-1.0699199835459392,,,,,-0.6981289386749268,,-0.35050220414996147,,,,,-5.81774115562439,,-11.683406804998715,,,0.375,0.57142857,0.46666667,0.33333333,1.0,0.71428571,0.46666667,4.0,87.75,-23.0,0.0,0.0,93.5,0.0,0.0,Reese McGuire,15674,2019-09-27,0
2,TOR,BAL,2019,24,5,C,1.0,4.0,4.0,1.0,0.0,1.0,0.0,0.0,1.0,1.0,0.0,0.0,0.0,0.0,0.0,0.0,0.0,0.0,0.0,0.25,1.0,3.0,0.0,0.0,14.0,7.0,7.0,0.0,0.0,0.0,0.0,0.0,0.0,0.25,0.5,0.75,0.25,0.25,0.33333333,0.0,0.25,0.75,0.0,0.0,0.0,0.0,0.3041660487651825,-0.05453054099603119,0.44890191168264926,2.642857142857143,88.04097275805512,0.0,-0.04442400112748146,-0.0447160005569458,0.0002920480037573725,0.46000000834465027,0.04406129941344261,0.43220001459121704,,0.0,-0.07749050110578537,-0.025295245372031205,0.42857143,92.5,0.21428571,88.33333333,,,0.14285714,73.0,0.21428571,80.66666667,,,-0.6821777820587158,0.6844063997268677,,0.07782145589590073,-0.1566466987133026,,-11.369629700978596,22.813546657562256,,3.8910727947950363,-5.221556623776754,,0.125,0.83333333,0.42857143,1.0,0.8,0.83333333,0.42857143,0.5,0.07142857,2.0,1.0,1.0,1.0,3.0,0.0,4.0,0.5,0.25,0.25,0.25,0.75,0.0,0.21428571,,,,0.21428571,0.21428571,0.14285714,,0.21428571,90.7999979654948,,,,94.09999593098958,88.2000020345052,73.0,,80.83333333333333,-3.996666590372721,,,,-9.756666819254557,0.4699999888737996,6.144999980926514,,-8.170000076293945,11.173333485921225,,,,5.523333231608073,0.6633333365122477,-8.139999389648438,,4.206666628519694,-0.7398560121655464,,,,0.07348621264100075,0.6844063997268677,0.07782145589590073,,-0.15664669126272202,-24.661867072184883,,,,2.4495404213666916,22.813546657562256,3.8910727947950363,,-5.221556375424067,0.125,0.83333333,0.42857143,1.0,0.8,0.83333333,0.42857143,0.21428571,0.14285714,0.21428571,,,0.21428571,0.21428571,81.08373006184895,73.23269653320312,91.0855000813802,,,94.37100219726562,88.44010416666667,-7.683533350626628,6.41194486618042,-3.134706497192383,,,-9.461069742838541,1.1284823417663574,2.7714665730794272,-8.92101001739502,10.11483383178711,,,4.491406758626302,-0.31975863377253216,-0.15664669126272202,0.07782145589590073,-0.7398560121655464,,,0.07348621264100075,0.6844063997268677,-5.221556375424067,3.8910727947950363,-24.661867072184883,,,2.4495404213666916,22.813546657562256,0.125,0.83333333,0.42857143,1.0,0.8,0.83333333,0.42857143,4.0,83.75,36.5,0.0,0.0,90.2,0.0,0.0,Reese McGuire,15674,2019-09-24,0
3,TOR,BAL,2019,24,9,C,1.0,1.0,1.0,0.0,0.0,0.0,0.0,0.0,0.0,0.0,0.0,0.0,0.0,0.0,0.0,0.0,0.0,0.0,0.0,0.0,0.0,1.0,0.0,0.0,3.0,2.0,1.0,0.0,0.0,0.0,0.0,0.0,0.0,0.0,0.0,0.0,0.0,0.0,0.0,0.0,0.0,1.0,0.0,0.0,0.0,0.0,0.0,-0.27655726800636615,-0.15069915483669605,0.142857142857143,-100.0,0.0,-0.04818800091743469,-0.04818800091743469,0.0,-0.17800000309944153,-0.017049800604581833,1.8827999830245972,,0.0,-0.025593800470232964,3.2788691900487166e-09,0.66666667,90.5,0.33333333,81.0,,,,,,,,,-0.3349354565143585,0.062041692435741425,,,,,-16.746772825717926,6.2041692435741425,,,,,0.0,1.0,0.33333333,,1.0,1.0,0.33333333,,0.0,0.0,0.0,1.0,0.0,0.0,1.0,1.0,0.0,0.0,1.0,0.0,0.0,1.0,0.66666667,,,,,0.33333333,,,,90.75,,,,,81.0,,,,-4.119999885559082,,,,,3.130000114440918,,,,9.454999923706055,,,,,-1.309999942779541,,,,-0.3349354453384876,,,,,0.062041692435741425,,,,-16.74677226692438,,,,,6.2041692435741425,,,,0.0,1.0,0.33333333,,1.0,1.0,0.33333333,,,0.66666667,,,,0.33333333,,,91.07749938964844,,,,81.27069854736328,,,-3.8364250659942627,,,,3.2518200874328613,,,8.379474639892578,,,,-2.239880084991455,,,-0.3349354453384876,,,,0.062041692435741425,,,-16.74677226692438,,,,6.2041692435741425,0.0,1.0,0.33333333,,1.0,1.0,0.33333333,1.0,97.0,24.0,0.0,0.0,97.0,1.0,1.0,Reese McGuire,15674,2019-09-23,0
4,TOR,@NYY,2019,24,5,C,1.0,4.0,4.0,1.0,1.0,0.0,0.0,0.0,0.0,0.0,0.0,0.0,3.0,0.0,0.0,0.0,0.0,0.0,0.0,0.25,0.0,0.0,1.0,0.0,18.0,6.0,12.0,0.0,0.0,0.0,0.0,0.75,0.0,0.25,0.25,0.5,0.0,1.0,0.0,1.0,0.0,0.0,0.0,0.0,0.0,0.0,0.21740181744098663,-0.3545305409960312,0.1489019116826492,0.142857142857143,29.37858524792094,-0.002178742317482829,-0.026283999904990196,-0.028551999479532242,0.002268020063638687,-0.4790000021457672,-0.04588120058178902,0.2856999933719635,,0.0,-0.040734101086854935,-0.05126450064489266,0.44444444,92.75,0.44444444,81.25,,,,,0.11111111,88.0,,,-0.607245922088623,0.33358216285705566,,,-0.10488568246364594,,-7.590574026107788,4.169777035713196,,,-5.244284123182297,,0.45454545,0.42857143,0.44444444,1.0,0.33333333,0.75,0.38888889,1.0,0.11111111,0.0,0.0,1.0,1.0,0.0,0.0,1.0,0.0,0.0,1.0,1.0,0.0,0.0,0.33333333,0.05555556,,,0.05555556,0.44444444,,,0.11111111,93.4500020345052,87.69999694824219,,,92.69999694824219,81.3499984741211,,,87.75,-1.5033332506815593,6.800000190734863,,,11.0,-1.2975000143051147,,,-8.28499984741211,9.901666641235352,7.400000095367432,,,2.75,0.5762500166893005,,,3.3600001335144043,-0.6789757795631886,0.04190467298030853,,,0.02982518821954727,0.33358217775821686,,,-0.10488567873835564,-11.31626299271981,4.190467298030853,,,2.982518821954727,4.169777221977711,,,-5.244283936917782,0.45454545,0.42857143,0.44444444,1.0,0.33333333,0.75,0.38888889,0.11111111,0.11111111,0.38888889,,,0.05555556,0.33333333,87.66790008544922,77.73750305175781,92.53206961495536,,,92.66169738769531,82.34693400065105,-7.914335250854492,-3.0494351387023926,-0.15323570796421596,,,10.36240005493164,-1.4602017402648926,1.835900068283081,-1.7553601264953613,8.585468292236328,,,1.160290002822876,-0.3829110066095988,-0.10488567873835564,0.1130678653717041,-0.63707110658288,,,0.02982518821954727,0.22051431238651276,-5.244283936917782,5.653393268585205,-9.101015808326858,,,2.982518821954727,3.6752385397752128,0.45454545,0.42857143,0.44444444,1.0,0.33333333,0.75,0.38888889,1.0,66.30000305175781,31.0,0.0,0.0,66.3,0.0,0.0,Reese McGuire,15674,2019-09-22,0
5,TOR,@NYY,2019,24,9,PH-C,1.0,1.0,1.0,0.0,0.0,0.0,0.0,0.0,0.0,0.0,0.0,0.0,0.0,0.0,0.0,0.0,0.0,0.0,0.0,0.0,1.0,0.0,0.0,0.0,2.0,0.0,2.0,0.0,0.0,0.0,0.0,0.0,0.0,0.0,0.0,0.0,0.0,0.0,1.0,0.0,1.0,0.0,0.0,0.0,0.0,0.0,0.0,-0.27655726800636615,-0.15069915483669605,0.142857142857143,-100.0,0.0,-0.0078959995880723,-0.007896020077168941,0.0,-0.257999986410141,-0.02471259981393814,0.3068000078201294,0.3068000078201294,1.0,-0.025736600160598755,-3.408584351924371e-08,0.5,98.0,,,,,0.5,85.0,,,,,-0.1871366798877716,,,-0.04557297006249428,,,-18.71366798877716,,,-4.557297006249428,,,,0.5,0.5,,1.0,1.0,1.0,1.0,0.0,1.0,0.0,0.0,0.0,0.0,1.0,1.0,1.0,0.0,0.0,0.0,0.0,1.0,0.5,,,,,,0.5,,,98.19999694824219,,,,,,84.5,,,-3.130000114440918,,,,,,1.100000023841858,,,9.899999618530273,,,,,,-2.740000009536743,,,-0.1871366798877716,,,,,,-0.04557297006249428,,,-18.71366798877716,,,,,,-4.557297006249428,,,,0.5,0.5,,1.0,1.0,1.0,,0.5,0.5,,,,,,84.38240051269531,98.17479705810547,,,,,,1.7404099702835083,-2.144059896469116,,,,,,-4.003550052642822,8.800020217895508,,,,,,-0.04557297006249428,-0.1871366798877716,,,,,,-4.557297006249428,-18.71366798877716,,,,,,0.5,0.5,,1.0,1.0,1.0,1.0,86.9000015258789,1.0,0.0,0.0,86.9,0.0,0.0,Reese McGuire,15674,2019-09-21,0
6,TOR,@BAL,2019,24,7,C,1.0,3.0,4.0,1.0,1.0,0.0,0.0,0.0,1.0,0.0,1.0,0.0,1.0,0.0,0.0,0.0,0.0,0.0,0.0,0.33333333,1.0,1.0,0.0,0.0,12.0,5.0,7.0,0.0,0.0,0.0,0.25,0.25,1.0,0.5,0.33333333,0.83333333,0.0,0.5,1.0,0.0,0.5,0.5,0.0,0.0,0.0,0.0,0.389975443482399,0.24216797200037302,0.7456004246790534,2.642857142857143,146.05778323497393,-0.004357484634965658,0.04535999894142151,-0.020875999704003334,0.0662359967827797,0.27399998903274536,0.025512099266052246,0.9692000150680542,,0.0,-0.0008318509790115058,0.04763333492062749,0.75,94.66666667,0.16666667,88.0,,,0.08333333,79.0,,,,,0.598111093044281,-0.14169460535049438,,-0.22732079029083252,,,6.645678811603123,-7.084730267524719,,-22.732079029083252,,,0.5,1.0,0.58333333,0.4,1.0,0.57142857,0.16666667,0.75,0.25,0.0,1.0,1.0,0.0,2.0,0.0,2.0,0.0,0.5,0.5,0.0,1.0,0.0,0.5,0.16666667,,,0.08333333,0.25,,,,95.0,93.94999694824219,,,93.9000015258789,85.0,,,,-0.9099999268849691,-9.895000457763672,,,-9.90999984741211,3.0833333333333335,,,,8.268333435058594,6.03000020980835,,,5.079999923706055,1.743333339691162,,,,0.12493773549795151,-0.03547883778810501,,,0.5086522102355957,-0.3690154030919075,,,,2.0822955916325254,-1.7739418894052505,,,50.86522102355957,-12.300513436396916,,,,0.44444444,1.0,0.58333333,0.25,1.0,0.57142857,0.25,,0.08333333,0.66666667,,,0.08333333,0.16666667,,79.33719635009766,94.87831115722656,,,93.99659729003906,87.94400024414062,,5.075829982757568,-3.1389286518096924,,,-9.88994026184082,2.326230049133301,,0.41569098830223083,6.62862491607666,,,3.9748599529266357,0.24324652552604675,,-0.22732079029083252,0.0894588977098465,,,0.5086522102355957,-0.14169461280107498,,-22.732079029083252,1.1182362213730812,,,50.86522102355957,-7.084730640053749,0.44444444,1.0,0.58333333,0.25,1.0,0.57142857,0.25,2.0,90.5,11.5,0.0,0.0,93.2,0.0,0.0,Reese McGuire,15674,2019-09-19,0
7,TOR,@BAL,2019,24,5,C,1.0,4.0,6.0,3.0,1.0,2.0,0.0,0.0,1.0,1.0,2.0,0.0,0.0,0.0,0.0,0.0,0.0,0.0,0.0,0.75,2.0,0.0,2.0,0.0,25.0,11.0,14.0,0.0,0.0,0.0,0.33333333,0.0,2.0,0.83333333,1.25,2.08333333,0.5,0.75,2.0,0.5,0.5,0.0,0.0,0.0,0.0,0.0,0.7805874447027842,2.3891490110429117,3.1442976900609327,0.767857142857143,410.15546763766133,-0.006536226952448487,0.17701199650764465,-0.00812000036239624,0.1851319968700409,2.3440001010894775,0.21825000643730164,0.8145999908447266,,0.0,0.20896199345588684,0.008337292693240378,0.6,92.26666667,,,0.16,90.0,0.16,76.25,0.08,83.5,,,0.5314000248908997,,0.22274592518806458,1.2692046165466309,0.370201051235199,,3.542666832605998,,5.568648129701614,31.73011541366577,18.51005256175995,,0.21428571,0.63636364,0.4,1.0,1.0,1.0,0.44,0.66666667,0.0,2.0,1.0,1.0,0.0,4.0,0.0,4.0,0.5,0.25,0.25,0.0,1.0,0.0,0.56,0.04,0.16,,,0.04,0.12,,0.08,92.27143205915179,88.9000015258789,89.75,,,81.4000015258789,74.66666666666667,,83.30000305175781,-4.5821429661342075,-9.09000015258789,3.950000047683716,,,1.8200000524520874,5.676666259765625,,-8.475000381469727,10.031428745814733,8.510000228881836,5.454999923706055,,,-1.2699999809265137,-8.383333841959635,,6.820000171661377,0.6207231543958187,-0.08932314068078995,0.22274592518806458,,,0.7736403942108154,0.49556417018175125,,0.37020105868577957,4.433736817112991,-8.932314068078995,5.568648129701614,,,77.36403942108154,16.518805672725044,,18.51005293428898,0.21428571,0.63636364,0.4,1.0,1.0,1.0,0.44,0.08,0.12,0.56,0.16,,0.04,0.04,83.32250213623047,74.69960021972656,92.37333461216518,89.8780746459961,,88.99400329589844,81.56220245361328,-8.061254501342773,6.255460103352864,-3.772845676967076,4.747037410736084,,-8.600000381469727,2.516469955444336,5.0966949462890625,-9.90976333618164,8.960617065429688,4.310025215148926,,7.176050186157227,-2.957629919052124,0.37020105868577957,0.49556417018175125,0.6207231543958187,0.22274592518806458,,-0.08932314068078995,0.7736403942108154,18.51005293428898,16.518805672725044,4.433736817112991,5.568648129701614,,-8.932314068078995,77.36403942108154,0.21428571,0.63636364,0.4,1.0,1.0,1.0,0.44,4.0,89.69999694824219,6.5,0.0,0.0,100.3,1.0,0.25,Reese McGuire,15674,2019-09-18,0
8,TOR,NYY,2019,24,6,C,1.0,4.0,4.0,1.0,1.0,0.0,0.0,0.0,0.0,0.0,0.0,0.0,2.0,0.0,0.0,0.0,0.0,0.0,0.0,0.25,1.0,1.0,0.0,0.0,16.0,5.0,11.0,0.0,0.0,0.0,0.0,0.5,0.0,0.25,0.25,0.5,0.0,0.5,1.0,0.0,0.5,0.5,0.0,0.0,0.0,0.0,0.21740181744098663,-0.3545305409960312,0.1489019116826492,0.142857142857143,29.37858524792094,-0.002178742317482829,-0.045024000108242035,-0.053568001836538315,0.00854399986565113,-0.4790000021457672,-0.04588120058178902,0.6107000112533569,,0.0,-0.05660200119018555,-0.01712323096731516,0.5,92.0,0.375,80.5,,,0.125,83.0,,,,,-0.5634229779243469,0.15869738161563873,,0.050806157290935516,,,-7.0427872240543365,2.644956360260646,,2.540307864546776,,,0.25,0.375,0.3125,0.5,1.0,0.8,0.5,0.75,0.0625,0.0,1.0,1.0,0.0,1.0,1.0,2.0,0.0,0.5,0.5,0.0,0.5,0.5,0.25,0.125,,,0.125,0.375,0.0625,0.0625,,93.875,91.9000015258789,,,88.3499984741211,80.56666564941406,81.5999984741211,82.80000305175781,,0.33750006556510925,7.890000343322754,,,9.024999618530273,-4.511666615804036,0.9300000071525574,4.289999961853027,,9.02750015258789,10.145000457763672,,,7.090000152587891,0.4899999698003133,-1.8200000524520874,-1.190000057220459,,-0.25831273943185806,-0.27812694758176804,,,-0.026983316987752914,0.2180100940167904,0.050806157290935516,-0.05931270867586136,,-6.457818485796452,-13.906347379088402,,,-1.3491658493876457,3.6335015669465065,5.080615729093552,-5.931270867586136,,0.28571429,0.33333333,0.3125,0.5,1.0,0.8,0.5625,,0.125,0.3125,,,0.1875,0.375,,83.16625213623047,93.88967895507812,,,89.64400227864583,80.50669860839844,,2.0827105045318604,1.8696590423583985,,,8.103413899739584,-4.8338267008463545,,-5.157740116119385,7.787845611572266,,,6.411383310953776,-0.1906831661860148,,0.050806157290935516,-0.5662648752331734,,,0.0028418712317943573,0.15869738534092903,,2.540307864546776,-11.325297504663467,,,0.09472904105981192,2.644956422348817,0.375,0.25,0.3125,0.66666667,1.0,0.8,0.5,2.0,97.44999694824219,17.0,0.0,0.0,101.1,1.0,0.5,Reese McGuire,15674,2019-09-15,0
9,TOR,NYY,2019,24,6,C,1.0,5.0,5.0,1.0,0.0,1.0,0.0,0.0,1.0,1.0,0.0,0.0,0.0,0.0,0.0,0.0,0.0,0.0,0.0,0.2,3.0,1.0,1.0,0.0,20.0,6.0,14.0,0.0,0.0,0.0,0.0,0.0,0.0,0.2,0.4,0.6,0.2,0.2,3.0,0.2,0.6,0.2,0.0,0.0,0.0,0.0,0.243332839012146,-0.3310878090023973,0.2982027568459532,2.642857142857143,46.910874910663466,0.0,-0.03033200092613697,-0.14246800541877747,0.11213599890470505,0.2849999964237213,0.027298899367451668,1.2497600317001343,,0.0,0.034380100667476654,-0.05865036068281278,0.4,93.375,0.35,83.57142857,,,0.05,78.0,0.05,86.0,0.15,87.33333333,-0.4138968288898468,0.36524683237075806,,0.03891072794795036,-0.22732079029083252,0.02392996847629547,-5.173710361123085,5.21781189101083,,3.8910727947950363,-22.732079029083252,0.7976656158765157,0.38461538,0.71428571,0.5,0.8,1.0,0.9,0.35,0.6,0.05,2.0,1.0,2.0,1.0,3.0,1.0,5.0,0.4,0.2,0.4,0.2,0.6,0.2,0.3,,,0.15,0.1,0.35,0.05,,0.05,93.21666463216145,,,87.2000020345052,93.25,83.5142822265625,77.5999984741211,,86.30000305175781,-5.621666590372722,,,-8.453333536783854,7.0,0.471428530556815,4.480000019073486,,-6.480000019073486,9.186666488647461,,,3.4666665395100913,5.909999847412109,0.4442856652396066,-4.769999980926514,,6.96999979019165,-0.30901115760207176,,,0.02392996847629547,-0.10488567873835564,0.36524683609604836,0.03891072794795036,,-0.2694849967956543,-5.150185960034529,,,0.7976656158765157,-5.244283936917782,5.217811944229262,3.8910727947950363,,-26.94849967956543,0.33333333,0.75,0.5,0.75,1.0,0.9,0.4,0.05,0.1,0.3,,0.15,0.1,0.3,86.50270080566406,79.45634460449219,93.44691975911458,,87.40980021158855,93.40699768066406,84.09328206380208,-6.392630100250244,-2.0716803073883057,-5.219983418782552,,-7.953103383382161,6.870619773864746,2.5631252924601235,5.4379401206970215,-5.643334865570068,8.159698486328125,,2.0552345911661782,4.317884922027588,-0.22492265701293945,-0.2694849967956543,-0.08891325071454048,-0.30901115760207176,,0.02392996847629547,-0.10488567873835564,0.4930708147585392,-26.94849967956543,-4.445662535727024,-5.150185960034529,,0.7976656158765157,-5.244283936917782,8.217846912642319,0.33333333,0.75,0.5,0.75,1.0,0.9,0.4,5.0,79.87999877929687,-0.2,1.0,0.2,100.0,1.0,0.2,Reese McGuire,15674,2019-09-13,0
10,TOR,BOS,2019,24,7,C,1.0,2.0,4.0,0.0,0.0,0.0,0.0,0.0,0.0,0.0,2.0,0.0,0.0,0.0,0.0,0.0,0.0,0.0,0.0,0.0,1.0,1.0,0.0,1.0,18.0,11.0,7.0,0.0,0.0,0.0,0.5,0.0,2.0,0.5,0.0,0.5,0.0,0.0,1.0,0.0,0.5,0.5,1.0,0.0,0.0,0.0,0.3451472520828247,0.08716795396734373,0.5906004066460242,0.142857142857143,115.74887949520279,-0.004357484634965658,0.0029120000544935465,-0.02449999935925007,0.02741199918091297,0.10599999874830246,0.010153300128877163,0.6208999752998352,,0.0,-0.00619501993060112,0.010884986383067686,0.22222222,95.75,0.33333333,82.66666667,0.05555556,88.0,0.27777778,83.8,0.11111111,88.0,,,0.36807867884635925,0.07451997697353363,0.062041692435741425,-0.009321946650743484,-0.3535251021385193,,9.201966971158981,1.2419996162255607,6.2041692435741425,-0.1864389330148697,-17.676255106925964,,0.2,0.66666667,0.27777778,0.33333333,1.0,0.6,0.16666667,0.5,0.11111111,1.0,1.0,0.0,1.0,1.0,0.0,2.0,0.5,0.5,0.0,0.5,0.5,0.0,0.22222222,0.05555556,,0.05555556,,0.33333333,0.27777778,,0.05555556,93.94999694824219,95.4000015258789,,89.9000015258789,,82.41666666666667,83.82000122070312,,85.5,-3.695000171661377,10.199999809265137,,-7.710000038146973,,5.041666348775228,3.3779998779296876,,-7.159999847412109,9.614999771118164,6.710000038146973,,6.619999885559082,,2.573333422342936,-7.05,,6.809999942779541,0.47569333016872406,-0.04557297006249428,,-0.04557297006249428,,0.07451997324824333,-0.009321946650743484,,-0.3079521358013153,11.892333254218102,-4.557297006249428,,-4.557297006249428,,1.2419995541373887,-0.1864389330148697,,-30.79521358013153,0.1875,1.0,0.27777778,0.33333333,1.0,0.6,0.11111111,0.11111111,0.27777778,0.16666667,0.05555556,,0.05555556,0.33333333,87.83149719238281,83.9989990234375,96.23099772135417,88.02110290527344,,95.77999877929688,82.54905192057292,-7.358494758605957,3.7051300048828124,-5.382692972819011,2.277509927749634,,10.041999816894531,5.028531710306804,5.076025009155273,-8.899340057373047,9.362346649169922,4.830359935760498,,5.302579879760742,1.0162862141927083,-0.3535251058638096,-0.009321946650743484,0.41365163773298264,0.062041692435741425,,-0.04557297006249428,0.07451997324824333,-17.67625529319048,-0.1864389330148697,13.788387924432755,6.2041692435741425,,-4.557297006249428,1.2419995541373887,0.1875,1.0,0.27777778,0.33333333,1.0,0.6,0.11111111,2.0,78.8499984741211,30.0,0.0,0.0,80.0,0.0,0.0,Reese McGuire,15674,2019-09-12,0
11,TOR,BOS,2019,24,7,C,1.0,3.0,4.0,2.0,1.0,0.0,0.0,1.0,1.0,1.0,1.0,0.0,0.0,0.0,0.0,0.0,0.0,0.0,0.0,0.66666667,0.0,2.0,1.0,0.0,16.0,6.0,10.0,0.0,0.0,0.0,0.25,0.0,1.0,0.75,1.66666667,2.41666667,1.0,0.5,0.0,0.33333333,0.0,0.66666667,0.0,0.5,0.0,0.0,0.8748594671487808,1.91872529152968,2.42215774420836,0.142857142857143,473.893967105574,-0.004357484634965658,0.15818800032138824,-0.03215999901294708,0.19034799933433533,1.4359999895095825,0.13754799962043762,1.0823999643325806,,0.0,0.1970600038766861,-0.05091439639883602,0.5625,95.44444444,,,,,0.1875,77.66666667,0.1875,87.0,0.0625,85.0,-0.39951851963996887,,,0.4929044246673584,0.40475016832351685,1.3981536626815796,-4.439094662666321,,,16.43014748891195,13.491672277450562,139.81536626815796,0.5,1.0,0.5625,0.85714286,1.0,0.88888889,0.125,0.25,0.0625,2.0,0.0,1.0,0.0,2.0,1.0,3.0,0.66666667,0.0,0.33333333,0.0,0.66666667,0.33333333,0.5625,,,0.0625,,,0.1875,,0.1875,95.41111246744792,,,85.4000015258789,,,77.60000101725261,,87.0,-4.3911111619737415,,,-4.599999904632568,,,1.6066665649414062,,-7.326666514078776,8.321111043294271,,,2.430000066757202,,,-6.573333104451497,,5.079999923706055,-0.44168272987008095,,,1.3981536626815796,,,0.4929044283926487,,0.40475015342235565,-4.907585887445344,,,139.81536626815796,,,16.430147613088288,,13.491671780745188,0.5,0.75,0.5625,0.83333333,1.0,0.88888889,0.25,0.1875,0.1875,0.5625,,0.0625,,,87.12173461914062,77.84100341796875,95.526611328125,,85.60060119628906,,,-7.712046305338542,1.9755032857259114,-4.072994656032986,,-3.9317800998687744,,,3.6319700876871743,-8.268633524576822,7.234109666612413,,1.004040002822876,,,0.40475015342235565,0.4929044283926487,-0.44168272987008095,,1.3981536626815796,,,13.491671780745188,16.430147613088288,-4.907585887445344,,139.81536626815796,,,0.5,0.75,0.5625,0.83333333,1.0,0.88888889,0.25,3.0,87.23333740234375,20.666666666666668,1.0,0.33333333,101.3,1.0,0.33333333,Reese McGuire,15674,2019-09-10,0
12,TOR,@TBR,2019,24,6,C,1.0,4.0,4.0,1.0,1.0,0.0,0.0,0.0,0.0,1.0,0.0,0.0,1.0,0.0,0.0,0.0,0.0,0.0,0.0,0.25,0.0,1.0,2.0,0.0,13.0,0.0,13.0,0.0,0.0,0.0,0.0,0.25,0.0,0.25,0.25,0.5,0.0,0.33333333,0.0,0.66666667,0.0,0.33333333,0.0,0.0,0.0,0.0,0.21740181744098663,-0.3545305409960312,0.1489019116826492,0.142857142857143,29.37858524792094,-0.002178742317482829,0.006197989918291569,-0.12496399879455566,0.13116200268268585,0.2160000056028366,0.021719500422477722,1.9230999946594238,,0.0,-0.05753849819302559,0.06076141428449447,0.30769231,95.25,,,0.07692308,84.0,0.61538462,82.875,,,,,-0.5002145767211914,,-0.04557297006249428,0.20039930939674377,,,-12.505364418029785,,-4.557297006249428,2.504991367459297,,,1.0,0.8,0.84615385,0.33333333,0.875,0.72727273,0.76923077,1.0,0.23076923,1.0,1.0,1.0,0.0,2.0,1.0,3.0,0.33333333,0.33333333,0.33333333,0.0,0.66666667,0.33333333,0.30769231,,0.07692308,,,,0.61538462,,,95.17500305175781,,84.0999984741211,,,,82.67500305175781,,,-5.889999866485596,,1.100000023841858,,,,4.431250095367432,,,9.944999694824219,,-0.15000000596046448,,,,-1.3125,,,-0.5423787534236908,,-0.04557297006249428,,,,0.19102681428194046,,,-13.55946883559227,,-4.557297006249428,,,,2.3878351785242558,,,1.0,0.8,0.84615385,0.33333333,0.875,0.72727273,0.76923077,,0.23076923,0.30769231,,,,0.46153846,,79.57239786783855,95.20587158203125,,,,84.38991800944011,,10.027940114339193,-5.613019943237305,,,,1.8310465812683105,,-5.820166269938151,8.81539535522461,,,,-1.405912717183431,,0.4630792923271656,-0.5423787534236908,,,,-0.3176254481077194,,15.43597641090552,-13.55946883559227,,,,-5.29375746846199,1.0,0.81818182,0.84615385,0.0,0.88888889,0.72727273,0.84615385,3.0,85.53333536783855,23.666666666666668,0.0,0.0,91.4,0.0,0.0,Reese McGuire,15674,2019-09-07,0
13,TOR,@TBR,2019,24,8,C,1.0,4.0,4.0,3.0,2.0,1.0,0.0,0.0,1.0,0.0,0.0,0.0,0.0,0.0,0.0,0.0,0.0,0.0,0.0,0.75,1.0,1.0,2.0,0.0,11.0,2.0,9.0,0.0,0.0,0.0,0.0,0.0,0.0,0.75,1.0,1.75,0.25,0.75,1.0,0.5,0.25,0.25,0.0,0.0,0.0,0.0,0.7389696836471558,1.4488665210628358,1.9522989737415162,1.601190455357143,382.0171762117034,-0.004357484634965658,0.10027199983596802,-0.0325080007314682,0.13278000056743622,0.8360000252723694,0.08406230062246323,1.0652999877929688,,0.0,0.10930100083351135,-0.015175401485945261,0.54545455,95.5,,,,,0.09090909,79.0,,,0.36363636,84.75,1.220971941947937,,,-0.2728937566280365,,0.4630792737007141,20.34953236579895,,,-27.28937566280365,,11.576981842517853,0.25,1.0,0.72727273,1.0,1.0,1.0,0.63636364,0.75,0.0,0.0,4.0,0.0,0.0,1.0,3.0,4.0,0.0,1.0,0.0,0.0,0.25,0.75,0.54545455,,,0.36363636,,,0.09090909,,,95.38333129882812,,,84.6500015258789,,,79.30000305175781,,,-3.308333396911621,,,-1.722499966621399,,,1.9700000286102295,,,10.028333028157553,,,2.259999990463257,,,-2.5199999809265137,,,1.2209719009697437,,,0.4630792699754238,,,-0.3150579631328583,,,20.34953168282906,,,11.576981749385595,,,-31.505796313285828,,,0.33333333,0.875,0.72727273,1.0,1.0,1.0,0.72727273,,0.09090909,0.54545455,,0.36363636,,,,79.23979949951172,95.4537353515625,,84.7114486694336,,,,1.9469300508499146,-2.891018867492676,,-2.3289575576782227,,,,-4.059700012207031,9.02116330464681,,0.5279910564422607,,,,-0.3150579631328583,1.2209719009697437,,0.4630792699754238,,,,-31.505796313285828,20.34953168282906,,11.576981749385595,,,0.33333333,0.875,0.72727273,1.0,1.0,1.0,0.72727273,4.0,98.07499694824219,4.25,0.0,0.0,102.2,2.0,0.5,Reese McGuire,15674,2019-09-05,0
14,TOR,@ATL,2019,24,8,PH-C,1.0,1.0,1.0,0.0,0.0,0.0,0.0,0.0,0.0,0.0,0.0,0.0,0.0,0.0,0.0,0.0,0.0,0.0,0.0,0.0,1.0,0.0,0.0,0.0,2.0,0.0,2.0,0.0,0.0,0.0,0.0,0.0,0.0,0.0,0.0,0.0,0.0,0.0,1.0,0.0,1.0,0.0,0.0,0.0,0.0,0.0,0.0,-0.27655726800636615,-0.15069915483669605,0.142857142857143,-100.0,0.0,-0.04871999844908714,-0.04871999844908714,0.0,-0.3319999873638153,-0.032358698546886444,1.8531999588012695,1.8531999588012695,1.0,-0.026289699599146843,3.872488189837764e-08,1.0,94.5,,,,,,,,,,,-0.23270964622497559,,,,,,-11.63548231124878,,,,,,1.0,1.0,1.0,1.0,1.0,1.0,0.5,1.0,0.0,1.0,0.0,0.0,0.0,1.0,0.0,1.0,1.0,0.0,0.0,0.0,1.0,0.0,1.0,,,,,,,,,94.25,,,,,,,,,3.2300000190734863,,,,,,,,,10.345000267028809,,,,,,,,,-0.23270964995026588,,,,,,,,,-11.635482497513294,,,,,,,,,,1.0,1.0,,1.0,1.0,1.0,,,1.0,,,,,,,94.26174926757812,,,,,,,2.866260051727295,,,,,,,9.149620056152344,,,,,,,-0.23270964995026588,,,,,,,-11.635482497513294,,,,,,1.0,1.0,,1.0,1.0,1.0,1.0,79.9000015258789,-9.0,0.0,0.0,79.9,0.0,0.0,Reese McGuire,15674,2019-09-03,0
15,TOR,HOU,2019,24,9,C,1.0,3.0,3.0,0.0,0.0,0.0,0.0,0.0,0.0,0.0,0.0,0.0,1.0,0.0,0.0,0.0,0.0,0.0,0.0,0.0,0.0,2.0,0.0,0.0,10.0,3.0,7.0,0.0,0.0,0.0,0.0,0.33333333,0.0,0.0,0.0,0.0,0.0,0.0,0.0,0.0,0.0,1.0,0.0,0.0,0.0,0.0,0.0,-0.8296718040190985,-0.45209746451008814,0.142857142857143,-100.0,0.0,-0.07767199724912643,-0.07767199724912643,0.0,-0.5339999794960022,-0.0511494018137455,1.0093300342559814,,0.0,-0.0768975019454956,-5.651171999652982e-05,0.7,94.28571429,0.2,88.0,,,0.1,80.0,,,,,-0.32778868079185486,-0.43748292326927185,,-0.06530402600765228,,,-4.6826954398836405,-21.874146163463593,,-6.530402600765228,,,0.33333333,0.75,0.5,0.5,1.0,0.8,0.4,0.66666667,0.1,1.0,0.0,1.0,1.0,1.0,0.0,2.0,0.5,0.0,0.5,0.5,0.5,0.0,0.7,,,,,0.2,0.1,,,94.20000348772321,,,,,88.0,80.0999984741211,,,-6.932856968470982,,,,,1.690000057220459,1.4900000095367432,,,11.882857186453682,,,,,3.6449999809265137,-6.349999904632568,,,-0.32778867334127426,,,,,-0.43748292326927185,-0.06530402600765228,,,-4.682695333446775,,,,,-21.874146163463593,-6.530402600765228,,,0.5,0.5,0.5,1.0,0.75,0.8,0.8,,0.1,0.7,,,,0.2,,80.26380157470703,94.37855747767857,,,,88.1426010131836,,2.1516900062561035,-6.549201420375279,,,,2.227785110473633,,-8.133779525756836,10.42594473702567,,,,2.024440050125122,,-0.06530402600765228,-0.32778867334127426,,,,-0.43748292326927185,,-6.530402600765228,-4.682695333446775,,,,-21.874146163463593,0.66666667,0.42857143,0.5,0.5,1.0,0.8,0.7,2.0,84.5,57.5,0.0,0.0,89.0,0.0,0.0,Reese McGuire,15674,2019-09-01,0
16,TOR,HOU,2019,24,9,C,1.0,3.0,4.0,3.0,2.0,0.0,0.0,1.0,1.0,2.0,0.0,0.0,0.0,0.0,0.0,0.0,0.0,0.0,0.0,1.0,0.0,1.0,2.0,0.0,13.0,4.0,9.0,0.0,0.0,0.0,0.0,0.0,0.0,1.0,2.0,3.0,1.0,1.0,0.0,0.66666667,0.0,0.33333333,0.0,1.0,0.0,0.0,1.2262502113978069,3.133710103425434,3.6371425561041146,0.142857142857143,711.4736666200947,-0.004357484634965658,0.14034399390220642,0.0,0.14034399390220642,2.2669999599456787,0.21714599430561066,0.8833000063896179,,0.0,0.18061499297618866,-0.021729005331010715,0.46153846,92.16666667,,,0.38461538,88.2,,,0.15384615,84.0,,,1.7713032960891724,,0.4642719030380249,,0.4630792438983917,,29.521721601486206,,9.285438060760498,,23.153962194919586,,0.28571429,0.66666667,0.46153846,0.5,1.0,0.83333333,0.46153846,1.0,0.07692308,1.0,1.0,1.0,1.0,1.0,1.0,4.0,0.33333333,0.33333333,0.33333333,0.33333333,0.33333333,0.33333333,0.46153846,,0.38461538,,,,,,0.15384615,92.01666259765625,,88.15999755859374,,,,,,83.89999389648438,1.3633333841959636,,0.06399998664855958,,,,,,-8.78499984741211,10.520000457763672,,5.855999755859375,,,,,,1.7400000095367432,1.7713032811880112,,0.4642719179391861,,,,,,0.4630792401731014,29.52172135313352,,9.285438358783722,,,,,,23.15396200865507,0.16666667,0.85714286,0.53846154,0.0,1.0,0.85714286,0.53846154,0.15384615,,0.46153846,0.38461538,,,,83.95524597167969,,92.12630208333333,88.326318359375,,,,-8.811739921569824,,0.8854450384775797,-0.5667587757110596,,,,0.218950554728508,,9.055454889933268,4.1857421875,,,,0.4630792401731014,,1.3420660942792892,0.4642719179391861,,,,23.15396200865507,,22.36776823798815,9.285438358783722,,,,0.16666667,0.85714286,0.53846154,0.0,1.0,0.85714286,0.53846154,4.0,82.5,22.0,0.0,0.0,96.5,1.0,0.25,Reese McGuire,15674,2019-08-30,0
17,TOR,ATL,2019,24,8,C,1.0,2.0,3.0,2.0,2.0,0.0,0.0,0.0,0.0,0.0,1.0,0.0,0.0,0.0,0.0,0.0,0.0,0.0,0.0,1.0,0.0,0.0,2.0,0.0,10.0,5.0,5.0,0.0,0.0,0.0,0.33333333,0.0,1.0,1.0,1.0,2.0,0.0,1.0,0.0,1.0,0.0,0.0,0.0,0.0,0.0,0.0,0.8098363478978475,1.2704237710361728,1.647998110545183,0.142857142857143,429.9310187753652,-0.006536226952448487,0.0711439996957779,0.0,0.0711439996957779,1.409000039100647,0.13496200740337372,0.6370670199394226,,0.0,0.11178600043058395,-0.00011172210655012449,0.6,92.33333333,0.2,81.5,,,0.2,79.0,,,,,0.7972944974899292,0.08971688151359558,,0.3628454804420471,,,13.288241624832153,4.485844075679779,,18.142274022102356,,,0.0,0.75,0.3,,1.0,1.0,0.4,0.33333333,0.0,1.0,1.0,0.0,0.0,1.0,1.0,2.0,0.5,0.5,0.0,0.0,0.5,0.5,0.2,0.4,,,,0.2,0.2,,,94.39999389648438,91.25,,,,81.25,78.75,,,4.125,-9.012499809265137,,,,-8.125,-4.239999771118164,,,10.640000343322754,5.034999847412109,,,,-4.284999847412109,-10.860000610351562,,,-0.12886402010917664,0.926158495247364,,,,0.08971688523888588,0.3628454804420471,,,-6.443201005458832,23.1539623811841,,,,4.485844261944294,18.142274022102356,,,0.0,0.75,0.3,,1.0,1.0,0.4,,0.2,0.2,,,0.4,0.2,,78.74894714355469,94.46929931640625,,,91.25965118408203,81.27145385742188,,-5.683595180511475,3.7152750492095947,,,-8.840359687805176,-9.161575317382812,,-13.06155014038086,9.332475662231445,,,3.331054925918579,-6.146420001983643,,0.3628454804420471,-0.12886402010917664,,,0.926158495247364,0.08971688523888588,,18.142274022102356,-6.443201005458832,,,23.1539623811841,4.485844261944294,0.0,0.75,0.3,,1.0,1.0,0.4,2.0,94.55000305175781,11.5,0.0,0.0,99.0,1.0,0.5,Reese McGuire,15674,2019-08-27,0
18,TOR,@SEA,2019,24,9,C,1.0,3.0,3.0,0.0,0.0,0.0,0.0,0.0,0.0,0.0,0.0,0.0,0.0,0.0,0.0,0.0,0.0,0.0,0.0,0.0,1.0,2.0,0.0,0.0,6.0,2.0,4.0,0.0,0.0,0.0,0.0,0.0,0.0,0.0,0.0,0.0,0.0,0.0,0.5,0.0,0.33333333,0.66666667,0.0,0.0,0.0,0.0,0.0,-0.8296718040190985,-0.45209746451008814,0.142857142857143,-100.0,0.0,-0.09762000292539597,-0.09762000292539597,0.0,-0.7730000019073486,-0.07808080315589905,1.2339999675750732,,0.0,-0.0782523974776268,-0.0008561969230914679,0.16666667,94.0,,,0.33333333,86.5,0.5,77.66666667,,,,,-0.2728937566280365,,-0.35737743973731995,-0.14822594821453094,,,-27.28937566280365,,-17.868871986865997,-4.940864940484365,,,0.33333333,1.0,0.66666667,1.0,1.0,1.0,0.5,0.66666667,0.0,1.0,1.0,1.0,1.0,2.0,0.0,3.0,0.33333333,0.33333333,0.33333333,0.33333333,0.66666667,0.0,,0.16666667,0.33333333,,,,0.5,,,,93.5999984741211,86.3499984741211,,,,77.60000101725261,,,,-10.020000457763672,1.3650000095367432,,,,-2.849999745686849,,,,5.429999828338623,7.164999961853027,,,,-5.886666615804036,,,,-0.2728937566280365,-0.35737744346261024,,,,-0.14822594448924065,,,,-27.28937566280365,-17.868872173130512,,,,-4.9408648163080215,,,,0.66666667,0.66666667,,1.0,1.0,1.0,,0.5,,0.33333333,,0.16666667,,,77.61843363444011,,86.46990203857422,,93.62629699707031,,,-3.7465432484944663,,0.6581429839134216,,-9.481840133666992,,,-7.022200266520183,,6.137544631958008,,4.234729766845703,,,-0.14822594448924065,,-0.35737744346261024,,-0.2728937566280365,,,-4.9408648163080215,,-17.868872173130512,,-27.28937566280365,,1.0,0.6,0.66666667,1.0,1.0,1.0,0.83333333,3.0,78.66666666666667,22.333333333333332,0.0,0.0,82.4,0.0,0.0,Reese McGuire,15674,2019-08-25,0
19,TOR,@SEA,2019,24,9,C,1.0,4.0,4.0,1.0,1.0,0.0,0.0,0.0,1.0,0.0,0.0,0.0,1.0,0.0,0.0,0.0,0.0,0.0,0.0,0.25,2.0,0.0,1.0,0.0,12.0,1.0,11.0,1.0,0.0,0.0,0.0,0.25,0.0,0.25,0.25,0.5,0.0,0.33333333,2.0,0.33333333,0.66666667,0.0,0.0,0.0,0.5,0.0,0.21740181744098663,-0.3545305409960312,0.1489019116826492,2.642857142857143,29.37858524792094,-0.002178742317482829,-0.0566600002348423,-0.09780000150203705,0.04114000126719475,-0.8270000219345093,-0.08353540301322937,1.1395000219345093,,0.0,-0.04137289896607399,-0.008350663249090874,0.41666667,93.4,0.41666667,82.4,,,,,,,0.16666667,82.5,-0.48176953196525574,-0.3541949391365051,,,,0.5086522698402405,-9.635390639305115,-7.0838987827301025,,,,25.432613492012024,0.66666667,0.77777778,0.75,0.5,0.85714286,0.77777778,0.75,1.0,0.16666667,2.0,0.0,1.0,1.0,1.0,1.0,3.0,0.66666667,0.0,0.33333333,0.33333333,0.33333333,0.33333333,0.25,0.16666667,,0.16666667,,0.41666667,,,,92.26666259765625,94.64999389648438,,82.25,,82.37999877929687,,,,-0.05999986330668131,-6.975000381469727,,-4.194999694824219,,-2.1620000839233398,,,,6.2866668701171875,7.350000381469727,,-2.059999942779541,,-1.172000026702881,,,,-0.2912240959703922,-0.23270964995026588,,0.5086522623896599,,-0.3541949540376663,,,,-9.707469865679741,-11.635482497513294,,25.432613119482994,,-7.083899080753326,,,,0.75,0.75,0.75,0.66666667,0.83333333,0.77777778,0.66666667,,,0.25,,0.16666667,0.16666667,0.41666667,,,92.3875020345052,,82.46040344238281,94.77725219726562,82.3935791015625,,,-0.22368327776590982,,-3.3366549015045166,-6.8222503662109375,-2.6421440124511717,,,5.081780115763347,,-3.39131498336792,6.455604553222656,-2.522119903564453,,,-0.2912240959703922,,0.5086522623896599,-0.23270964995026588,-0.3541949540376663,,,-9.707469865679741,,25.432613119482994,-11.635482497513294,-7.083899080753326,0.75,0.75,0.75,0.66666667,0.83333333,0.77777778,0.66666667,3.0,91.43332926432292,-1.6666666666666667,0.0,0.0,98.1,1.0,0.33333333,Reese McGuire,15674,2019-08-23,0
20,TOR,@LAD,2019,24,8,C,1.0,4.0,4.0,0.0,0.0,0.0,0.0,0.0,0.0,0.0,0.0,0.0,2.0,0.0,0.0,0.0,0.0,0.0,0.0,0.0,0.0,1.0,0.0,0.0,18.0,5.0,13.0,0.0,1.0,0.0,0.0,0.5,0.0,0.0,0.0,0.0,0.0,0.0,0.0,0.0,0.0,1.0,0.0,0.0,0.0,0.0,0.0,-1.1062290720254646,-0.6027966193467842,0.142857142857143,-100.0,0.0,-0.1707960069179535,-0.1707960069179535,0.0,-0.9509999752044678,-0.10031600296497345,1.6340999603271484,,0.0,-0.10469000041484833,0.00017007442221812774,0.72222222,96.0,0.11111111,89.0,0.05555556,94.0,,,0.11111111,87.0,,,-0.5895236134529114,-0.3198464810848236,-0.06589404493570328,,-0.14009955525398254,,-4.534797026560857,-15.99232405424118,-6.589404493570328,,-7.004977762699127,,0.375,0.8,0.61111111,0.33333333,0.875,0.72727273,0.55555556,0.5,0.16666667,0.0,1.0,1.0,1.0,1.0,0.0,2.0,0.0,0.5,0.5,0.5,0.5,0.0,0.66666667,0.05555556,0.05555556,,,0.11111111,,,0.11111111,95.89166259765625,95.69999694824219,94.19999694824219,,,88.80000305175781,,,87.19999694824219,-2.616666634877523,-7.110000133514404,1.8799999952316284,,,4.105000019073486,,,-5.850000381469727,10.343332926432291,7.53000020980835,6.739999771118164,,,-0.8000000715255737,,,10.725000381469727,-0.6193488240242004,0.02982518821954727,-0.06589404493570328,,,-0.319846473634243,,,-0.14009955525398254,-5.16124020020167,2.982518821954727,-6.589404493570328,,,-15.99232368171215,,,-7.004977762699127,0.4,0.875,0.61111111,0.25,1.0,0.72727273,0.44444444,0.11111111,,0.66666667,0.05555556,,0.05555556,0.11111111,87.25480651855469,,95.96061197916667,94.27760314941406,,95.73390197753906,88.80660247802734,-5.747409820556641,,-2.4383182525634766,2.1386399269104004,,-7.165140151977539,4.610195159912109,9.279435157775879,,9.423234939575195,5.598289966583252,,6.523270130157471,-1.9881150722503662,-0.14009955525398254,,-0.6193488240242004,-0.06589404493570328,,0.02982518821954727,-0.319846473634243,-7.004977762699127,,-5.16124020020167,-6.589404493570328,,2.982518821954727,-15.99232368171215,0.4,0.875,0.61111111,0.25,1.0,0.72727273,0.44444444,2.0,83.80000305175781,61.0,0.0,0.0,83.8,0.0,0.0,Reese McGuire,15674,2019-08-21,0
21,TOR,SEA,2019,24,9,C,1.0,4.0,4.0,2.0,0.0,1.0,0.0,1.0,1.0,1.0,0.0,0.0,0.0,0.0,0.0,0.0,0.0,0.0,0.0,0.5,2.0,1.0,1.0,0.0,12.0,4.0,8.0,0.0,0.0,0.0,0.0,0.0,0.0,0.5,1.5,2.0,1.0,0.33333333,2.0,0.25,0.5,0.25,0.0,1.0,0.0,0.0,0.7890500724315643,1.6220267785332758,2.1254592312119565,0.142857142857143,415.87715662865526,0.0,0.23904000222682953,-0.07474800199270248,0.3137879967689514,0.5180000066757202,0.04961689934134483,1.6401000022888184,,0.0,0.109375,0.036372211690287565,0.66666667,95.0,0.08333333,88.0,,,0.25,86.33333333,,,,,0.820423424243927,0.04190467298030853,,0.8125511407852173,,,10.255292803049088,4.190467298030853,,27.08503802617391,,,0.2,1.0,0.66666667,1.0,0.85714286,0.875,0.58333333,0.75,0.08333333,3.0,0.0,1.0,0.0,2.0,2.0,4.0,0.75,0.0,0.25,0.0,0.5,0.5,0.08333333,0.16666667,,,0.41666667,0.08333333,0.25,,,96.19999694824219,96.0999984741211,,,94.24000244140625,88.4000015258789,86.40000406901042,,,-6.610000133514404,-6.789999961853027,,,4.784000015258789,3.0899999141693115,1.213333288828532,,,10.479999542236328,9.680000305175781,,,4.0,1.090000033378601,-4.356666564941406,,,-0.05465850979089737,1.3824059031903744,,,-0.5073239617049694,0.04190467298030853,0.8125511147081852,,,-5.465850979089737,69.12029515951872,,,-10.146479234099388,4.190467298030853,27.085037156939507,,,0.2,1.0,0.66666667,1.0,0.85714286,0.875,0.58333333,,0.25,0.25,,,0.41666667,0.08333333,,86.6230977376302,96.4078369140625,,,94.46690063476562,88.50050354003906,,1.4821100234985352,-6.361249923706055,,,4.120907974243164,1.0320099592208862,,-5.66288693745931,8.890230178833008,,,2.8331720352172853,-0.9022889733314514,,0.8125511147081852,1.327747393399477,,,-0.5073239617049694,0.04190467298030853,,27.085037156939507,44.25824644664924,,,-10.146479234099388,4.190467298030853,0.2,1.0,0.66666667,1.0,0.85714286,0.875,0.58333333,4.0,95.3499984741211,11.25,1.0,0.25,104.5,2.0,0.5,Reese McGuire,15674,2019-08-17,0
22,TOR,TEX,2019,24,9,C,1.0,3.0,3.0,0.0,0.0,0.0,0.0,0.0,0.0,0.0,0.0,0.0,0.0,0.0,0.0,0.0,0.0,0.0,0.0,0.0,1.0,1.0,1.0,0.0,10.0,2.0,8.0,0.0,0.0,0.0,0.0,0.0,0.0,0.0,0.0,0.0,0.0,0.0,1.0,0.33333333,0.33333333,0.33333333,0.0,0.0,0.0,0.0,0.0,-0.8296718040190985,-0.45209746451008814,0.142857142857143,-100.0,0.0,-0.09458000212907791,-0.09458000212907791,0.0,-1.180999994277954,-0.11312299966812134,1.2058700323104858,,0.0,-0.07898259907960892,0.0005496008336374342,0.9,93.44444444,0.1,92.0,,,,,,,,,-0.7238386869430542,-0.05465850979089737,,,,,-8.042652077145046,-5.465850979089737,,,,,0.2,0.8,0.5,1.0,1.0,1.0,0.5,0.66666667,0.0,1.0,2.0,0.0,0.0,1.0,2.0,3.0,0.33333333,0.66666667,0.0,0.0,0.33333333,0.66666667,0.6,0.2,0.1,,,,,,0.1,93.63333129882812,93.5999984741211,91.69999694824219,,,,,,89.9000015258789,-5.103333473205566,-8.469999313354492,0.6399999856948853,,,,,,-8.630000114440918,9.079999923706055,3.9749999046325684,5.849999904632568,,,,,,1.1200000047683716,-0.6428968347609043,-0.19509543851017952,-0.05465850979089737,,,,,,0.02982518821954727,-10.714947246015072,-9.754771925508976,-5.465850979089737,,,,,,2.982518821954727,0.33333333,0.57142857,0.5,1.0,1.0,1.0,0.7,,,0.6,0.1,,0.3,,,,93.88551839192708,91.88719940185547,,92.62626139322917,,,,-4.3995100657145185,1.7009400129318237,,-7.883120218912761,,,,7.9322967529296875,4.957250118255615,,1.9932222366333008,,,,-0.6428968347609043,-0.05465850979089737,,-0.16527025029063225,,,,-10.714947246015072,-5.465850979089737,,-5.509008343021074,,0.33333333,0.57142857,0.5,1.0,1.0,1.0,0.7,3.0,89.23333740234375,15.0,0.0,0.0,101.2,2.0,0.66666667,Reese McGuire,15674,2019-08-13,0
23,TOR,NYY,2019,24,9,C,1.0,2.0,2.0,0.0,0.0,0.0,0.0,0.0,0.0,0.0,0.0,0.0,0.0,0.0,0.0,0.0,0.0,0.0,0.0,0.0,1.0,1.0,0.0,0.0,5.0,2.0,3.0,0.0,0.0,0.0,0.0,0.0,0.0,0.0,0.0,0.0,0.0,0.0,1.0,0.0,0.5,0.5,0.0,0.0,0.0,0.0,0.0,-0.5531145360127323,-0.3013983096733921,0.142857142857143,-100.0,0.0,-0.048315998166799545,-0.048315998166799545,0.0,-0.35600000619888306,-0.034099601209163666,0.9441999793052673,,0.0,-0.05115250125527382,-1.885992432498068e-05,0.2,91.0,0.4,82.5,,,,,,,0.4,85.0,-0.2571459710597992,-0.3171933591365814,,,,0.06873591244220734,-25.71459710597992,-15.859667956829071,,,,3.436795622110367,0.33333333,1.0,0.6,1.0,0.5,0.66666667,0.4,0.5,0.2,0.0,2.0,0.0,1.0,1.0,0.0,2.0,0.0,1.0,0.0,0.5,0.5,0.0,0.2,,,0.4,,0.4,,,,91.0,,,85.0,,82.44999694824219,,,,-7.539999961853027,,,-7.625,,3.4099998474121094,,,,8.710000038146973,,,1.3949999809265137,,-0.7300000190734863,,,,-0.2571459710597992,,,0.06873591616749763,,-0.3171933628618717,,,,-25.71459710597992,,,3.4367958083748817,,-15.859668143093586,,,,0.5,1.0,0.6,0.5,1.0,0.66666667,0.2,,,0.2,,0.4,,0.4,,,91.16840362548828,,85.14700317382812,,82.60725402832031,,,-7.027850151062012,,-7.253495216369629,,3.9523348808288574,,,7.997950077056885,,-0.1750200092792511,,-1.9403400421142578,,,-0.2571459710597992,,0.06873591616749763,,-0.3171933628618717,,,-25.71459710597992,,3.4367958083748817,,-15.859668143093586,0.5,1.0,0.6,0.5,1.0,0.66666667,0.2,2.0,68.55000305175781,6.5,0.0,0.0,70.4,0.0,0.0,Reese McGuire,15674,2019-08-11,0
24,TOR,NYY,2019,24,9,C,1.0,4.0,4.0,4.0,2.0,1.0,0.0,1.0,3.0,1.0,0.0,0.0,0.0,0.0,0.0,0.0,0.0,0.0,0.0,1.0,0.0,1.0,3.0,0.0,17.0,3.0,14.0,0.0,0.0,0.0,0.0,0.0,0.0,1.0,2.0,3.0,1.0,1.0,0.0,0.75,0.0,0.25,0.0,1.0,0.0,0.0,1.2238537073135376,3.125423840592143,3.6288562932708235,2.642857142857143,709.8533600823035,-0.004357484634965658,0.04913200065493584,0.0,0.04913200065493584,2.181999921798706,0.2090039998292923,0.20970000326633453,,0.0,0.2303670048713684,0.003929608813155738,0.64705882,93.63636364,0.11764706,83.5,,,0.17647059,80.33333333,0.05882353,87.0,,,1.2557945251464844,1.3473474979400635,,-0.12461673468351364,0.5679649710655212,,11.416313864968041,67.36737489700317,,-4.153891156117121,56.796497106552124,,0.75,0.6,0.70588235,0.77777778,0.66666667,0.75,0.29411765,0.5,0.17647059,1.0,0.0,3.0,1.0,0.0,3.0,4.0,0.25,0.0,0.75,0.25,0.0,0.75,0.58823529,,,,,0.11764706,0.17647059,,0.11764706,93.95999755859376,,,,,83.5,80.33333333333333,,88.55000305175781,-6.342000198364258,,,,,-0.23499999940395355,0.8233333428700765,,-9.21500015258789,9.376000213623048,,,,,0.32499998807907104,-2.059999942779541,,6.385000228881836,1.330419860780239,,,,,1.347347505390644,-0.12461673468351364,,0.5133064612746239,13.304198607802393,,,,,67.3673752695322,-4.153891156117121,,25.665323063731194,0.625,0.77777778,0.70588235,0.8,0.71428571,0.75,0.52941176,0.05882353,0.17647059,0.64705882,,,,0.11764706,87.58180236816406,80.5436299641927,93.84822221235795,,,,83.63815307617188,-11.191300392150879,1.408646583557129,-5.909704728560015,,,,0.3304208517074585,3.6045899391174316,-3.4794333775838218,8.169567454944957,,,,-0.8910959959030151,0.5679649710655212,-0.12461673468351364,1.2757613509893417,,,,1.347347505390644,56.796497106552124,-4.153891156117121,11.59783046353947,,,,67.3673752695322,0.625,0.77777778,0.70588235,0.8,0.71428571,0.75,0.52941176,4.0,84.57499694824219,23.25,0.0,0.0,96.5,1.0,0.25,Reese McGuire,15674,2019-08-08,0
25,TOR,@TBR,2019,24,9,C,1.0,4.0,4.0,0.0,0.0,0.0,0.0,0.0,0.0,0.0,0.0,0.0,1.0,0.0,0.0,0.0,0.0,0.0,0.0,0.0,1.0,2.0,0.0,0.0,12.0,4.0,8.0,0.0,0.0,0.0,0.0,0.25,0.0,0.0,0.0,0.0,0.0,0.0,0.5,0.0,0.33333333,0.66666667,0.0,0.0,0.0,0.0,0.0,-1.1062290720254646,-0.6027966193467842,0.142857142857143,-100.0,0.0,-0.04801400005817413,-0.04801400005817413,0.0,-0.6209999918937683,-0.06244340166449547,0.47084999084472656,,0.0,-0.1044130027294159,0.002439973119635494,0.75,92.88888889,0.08333333,85.0,,,0.16666667,81.5,,,,,-0.9961712956428528,0.02982518821954727,,-0.11274711787700653,,,-11.068569951587254,2.982518821954727,,-5.6373558938503265,,,0.2,0.57142857,0.41666667,0.0,0.75,0.6,0.58333333,0.5,0.16666667,1.0,0.0,2.0,0.0,2.0,1.0,3.0,0.33333333,0.0,0.66666667,0.0,0.66666667,0.33333333,0.58333333,0.16666667,,,,,0.25,,,92.89999825613839,92.19999694824219,,,,,82.63333129882812,,,3.9100001198904857,-8.565000534057617,,,,,-4.696666717529297,,,11.644286019461495,3.694999933242798,,,,,-2.1733333269755044,,,-0.7074695788323879,-0.2728937454521656,,,,,-0.08292193338274956,,,-10.106708269034113,-13.64468727260828,,,,,-2.764064446091652,,,0.25,0.5,0.41666667,0.0,0.75,0.6,0.66666667,,0.16666667,0.58333333,,,0.16666667,0.08333333,,81.66075134277344,93.14961460658482,,,92.34919738769531,85.07250213623047,,-4.9209747314453125,3.4329000200544084,,,-7.781215190887451,-6.091300010681152,,-5.856684684753418,10.279830932617188,,,2.39139986038208,0.20679399371147156,,-0.11274712160229683,-0.7074695788323879,,,-0.2728937454521656,0.02982518821954727,,-5.6373560801148415,-10.106708269034113,,,-13.64468727260828,2.982518821954727,0.2,0.57142857,0.41666667,0.0,0.75,0.6,0.58333333,3.0,86.33333333333333,38.333333333333336,0.0,0.0,101.7,1.0,0.33333333,Reese McGuire,15674,2019-08-07,0
26,TOR,@TBR,2019,24,9,C,1.0,4.0,4.0,0.0,0.0,0.0,0.0,0.0,0.0,0.0,0.0,0.0,2.0,0.0,0.0,0.0,0.0,0.0,0.0,0.0,1.0,0.0,1.0,0.0,20.0,6.0,14.0,0.0,0.0,0.0,0.0,0.5,0.0,0.0,0.0,0.0,0.0,0.0,1.0,0.5,0.5,0.0,0.0,0.0,0.0,0.0,0.0,-1.1062290720254646,-0.6027966193467842,0.142857142857143,-100.0,0.0,-0.09165000170469284,-0.09165000170469284,0.0,-1.531000018119812,-0.15394699573516846,0.9310500025749207,,0.0,-0.1026960015296936,0.004258751702912303,0.6,93.83333333,,,,,0.3,78.5,0.1,86.0,,,-0.8129779696464539,,,-0.3216856122016907,-0.04557297006249428,,-6.7748164137204485,,,-5.361426870028177,-2.278648503124714,,0.41666667,0.625,0.5,0.6,1.0,0.8,0.4,0.75,0.1,2.0,0.0,0.0,0.0,0.0,2.0,2.0,1.0,0.0,0.0,0.0,0.0,1.0,0.6,,,,,,0.3,,0.1,93.69167073567708,,,,,,78.33333333333333,,86.14999389648438,-5.257500012715657,,,,,,10.093332926432291,,-7.585000038146973,8.567499796549479,,,,,,-4.853333155314128,,5.305000305175781,-0.8551421612501144,,,,,,-0.3216856084764004,,-0.04557297006249428,-7.126184677084287,,,,,,-5.361426807940006,,-2.278648503124714,0.46153846,0.57142857,0.5,0.83333333,0.75,0.8,0.35,0.1,0.3,0.6,,,,,86.21369934082031,78.45603434244792,93.80881754557292,,,,,-7.6648149490356445,11.088216145833334,-4.837831497192383,,,,,3.9243099689483643,-6.635761896769206,7.48026974995931,,,,,-0.04557297006249428,-0.3216856084764004,-0.8551421612501144,,,,,-2.278648503124714,-5.361426807940006,-7.126184677084287,,,,,0.46153846,0.57142857,0.5,0.83333333,0.75,0.8,0.35,2.0,88.3499984741211,6.0,0.0,0.0,101.0,1.0,0.5,Reese McGuire,15674,2019-08-05,0
27,TOR,@BAL,2019,24,9,C,1.0,4.0,4.0,1.0,0.0,0.0,0.0,1.0,1.0,2.0,0.0,0.0,1.0,0.0,0.0,0.0,1.0,0.0,0.0,0.25,2.0,1.0,0.0,0.0,14.0,3.0,11.0,0.0,0.0,0.0,0.0,0.25,0.0,0.25,1.0,1.25,0.75,0.0,2.0,0.0,0.66666667,0.33333333,0.0,1.0,0.0,0.0,0.48488402366638184,0.5703282475038424,1.0737607001825227,0.142857142857143,210.22666739169696,0.0,0.08344399929046631,-0.172092005610466,0.2555359899997711,-0.13099999725818634,-0.012197400443255901,1.746399998664856,,0.0,0.029183100908994675,0.0185974759086074,0.57142857,90.125,0.07142857,80.0,,,0.21428571,75.0,0.14285714,83.0,,,-0.5880039930343628,1.463457703590393,,-0.9150072932243347,-0.03547883778810501,,-7.350049912929535,146.3457703590393,,-30.500243107477825,-1.7739418894052505,,0.33333333,0.5,0.42857143,0.5,1.0,0.83333333,0.57142857,1.0,0.07142857,2.0,1.0,0.0,0.0,2.0,1.0,3.0,0.66666667,0.33333333,0.0,0.0,0.66666667,0.33333333,0.21428571,0.14285714,,,0.21428571,0.07142857,0.21428571,,0.14285714,91.0,90.30000305175781,,,88.96666463216145,80.0,74.96666463216145,,83.4000015258789,-0.7200000286102295,-7.434999942779541,,,10.343332926432291,-0.2800000011920929,2.7966667811075845,,-7.565000057220459,7.3733336130778,8.649999618530273,,,3.803333282470703,1.1299999952316284,-7.7133331298828125,,3.7350001335144043,-0.39607516676187515,-0.11087699607014656,,,-0.08105180785059929,1.463457703590393,-0.9150073155760765,,-0.03547883778810501,-13.202505558729172,-5.543849803507328,,,-2.7017269283533096,146.3457703590393,-30.500243852535885,,-1.7739418894052505,0.5,0.4,0.42857143,0.5,1.0,0.83333333,0.71428571,0.14285714,0.21428571,0.21428571,,,0.35714286,0.07142857,83.53009796142578,75.12339782714844,91.15972900390625,,,89.7094970703125,80.10079956054688,-6.888575077056885,3.4062201182047525,-0.9212093353271484,,,2.9800060272216795,-1.2158499956130981,2.241664409637451,-9.6904665629069,6.408569971720378,,,4.4021049499511715,0.05211539939045906,-0.03547883778810501,-0.9150073155760765,-0.39607516676187515,,,-0.19192880392074585,1.463457703590393,-1.7739418894052505,-30.500243852535885,-13.202505558729172,,,-3.8385760784149165,146.3457703590393,0.5,0.4,0.42857143,0.5,1.0,0.83333333,0.71428571,3.0,88.83333333333333,2.0,0.0,0.0,98.4,1.0,0.33333333,Reese McGuire,15674,2019-08-03,0
28,TOR,@KCR,2019,24,9,C,1.0,4.0,4.0,1.0,1.0,0.0,0.0,0.0,0.0,0.0,0.0,0.0,1.0,0.0,0.0,0.0,0.0,0.0,0.0,0.25,2.0,0.0,1.0,0.0,8.0,1.0,7.0,1.0,0.0,0.0,0.0,0.25,0.0,0.25,0.25,0.5,0.0,0.33333333,2.0,0.33333333,0.66666667,0.0,0.0,0.0,0.5,0.0,0.21740181744098663,-0.3545305409960312,0.1489019116826492,0.142857142857143,29.37858524792094,-0.002178742317482829,-0.0724719986319542,-0.07491599768400192,0.002443999983370304,-0.5099999904632568,-0.047353800386190414,0.6945000290870667,,0.0,-0.057955801486968994,-0.046395524066206284,0.5,92.5,0.375,81.33333333,,,0.125,82.0,,,,,-0.07234930992126465,-0.2847881019115448,,0.02982518821954727,,,-1.8087327480316162,-9.492936730384827,,2.982518821954727,,,0.75,0.5,0.625,0.33333333,1.0,0.6,0.5,1.0,0.25,0.0,2.0,1.0,2.0,0.0,1.0,3.0,0.0,0.66666667,0.33333333,0.66666667,0.0,0.33333333,0.25,,,,0.25,0.25,0.125,0.125,,94.94999694824219,,,,89.5999984741211,82.0,79.4000015258789,81.5999984741211,,-6.460000038146973,,,,-7.170000076293945,8.085000038146973,6.400000095367432,6.670000076293945,,8.299999237060547,,,,3.929999828338623,-3.25,-3.9100000858306885,-7.019999980926514,,0.43325408920645714,,,,-0.5477676093578339,-0.23921514302492142,-0.04557297006249428,0.02982518821954727,,21.662704460322857,,,,-27.388380467891693,-11.96075715124607,-4.557297006249428,2.982518821954727,,1.0,0.4,0.625,0.33333333,1.0,0.6,0.625,,0.125,0.25,,,0.25,0.375,,81.65370178222656,95.10040283203125,,,89.71009826660156,81.05596415201823,,7.552450180053711,-5.86606502532959,,,-6.957115173339844,8.287943522135416,,-7.75531005859375,7.49076509475708,,,2.9483649730682373,-4.657820065816243,,0.02982518821954727,0.43325408920645714,,,-0.5477676093578339,-0.2847881130874157,,2.982518821954727,21.662704460322857,,,-27.388380467891693,-9.492937102913857,1.0,0.4,0.625,0.33333333,1.0,0.6,0.625,3.0,83.13333638509114,-4.333333333333333,0.0,0.0,91.3,0.0,0.0,Reese McGuire,15674,2019-07-31,0
29,TOR,TBR,2019,24,9,C,1.0,5.0,5.0,1.0,1.0,0.0,0.0,0.0,0.0,0.0,0.0,0.0,2.0,0.0,0.0,0.0,0.0,0.0,0.0,0.2,2.0,0.0,1.0,0.0,16.0,3.0,13.0,0.0,0.0,0.0,0.0,0.4,0.0,0.2,0.2,0.4,0.0,0.33333333,2.0,0.33333333,0.66666667,0.0,0.0,0.0,0.0,0.0,0.1739214539527893,-0.6310878090023975,-0.0017972431540469458,0.142857142857143,-0.01903509744389909,-0.002178742317482829,-0.06539600342512131,-0.08307600021362305,0.017680000513792038,-0.3330000042915344,-0.031896501779556274,0.7238399982452393,,0.0,-0.03406380116939545,-0.05628213658433026,0.5,93.125,0.125,91.0,,,,,0.1875,82.33333333,0.1875,85.33333333,-0.5751684308052063,-0.2690403461456299,,,0.5177378058433533,-0.23270966112613678,-7.189605385065079,-13.452017307281494,,,17.257926861445107,-7.756988704204559,0.72727273,0.4,0.625,0.375,0.5,0.4,0.3125,0.4,0.375,2.0,1.0,0.0,0.0,2.0,1.0,3.0,0.66666667,0.33333333,0.0,0.0,0.66666667,0.33333333,0.0625,,,0.375,0.4375,0.125,,,,93.0,,,83.81666564941406,92.91428920200893,90.75,,,,-2.4100000858306885,,,-6.0049997965494795,0.07857145581926618,3.734999895095825,,,,9.079999923706055,,,2.3433334032694497,3.388571330479213,-0.02499997615814209,,,,-0.05465850979089737,,,0.2850281447172165,-0.5205099247395992,-0.2690403312444687,,,,-5.465850979089737,,,4.7504690786202755,-7.43585606770856,-13.452016562223434,,,,0.7,0.5,0.625,0.28571429,0.66666667,0.4,0.375,,,0.0625,,0.375,0.4375,0.125,,,93.32820129394531,,84.05663553873698,93.22308349609375,90.98259735107422,,,-2.3454999923706055,,-5.922876358032227,-0.02928427287510463,4.148254871368408,,,7.7393999099731445,,0.6523273388544718,2.2617385046822682,-1.4669864177703857,,,-0.05465850979089737,,0.2850281447172165,-0.5205099247395992,-0.2690403312444687,,,-5.465850979089737,,4.7504690786202755,-7.43585606770856,-13.452016562223434,0.7,0.5,0.625,0.28571429,0.66666667,0.4,0.375,3.0,89.43332926432292,-2.3333333333333335,0.0,0.0,97.5,1.0,0.33333333,Reese McGuire,15674,2019-07-28,0
30,TOR,TBR,2019,24,7,C,1.0,0.0,0.0,0.0,0.0,0.0,0.0,0.0,0.0,0.0,0.0,0.0,0.0,0.0,0.0,0.0,0.0,0.0,0.0,0.0,0.0,0.0,0.0,0.0,0.0,0.0,0.0,0.0,0.0,0.0,0.0,0.0,0.0,0.0,0.0,0.0,0.0,0.0,0.0,0.0,0.0,0.0,0.0,0.0,0.0,0.0,0.0,0.0,0.0,0.142857142857143,,0.0,,,,,,,,0.0,,,,,,,,,,,,,,,,,,,,,,,,,,,,,,,,,,,,,,,,,,,,,,,,,,,,,,,,,,,,,,,,,,,,,,,,,,,,,,,,,,,,,,,,,,,,,,,,,,,,,,,,,,,,,,,,,,,,,,,,,,,,,,,,,,,,,,,,,,,,,,,,,,,,,,,,,,,,,,,0.0,,,,,,,,Reese McGuire,15674,2019-07-27,0
