,Opp,teamid,season,Team,HomeAway,Age,W,L,ERA,G,GS,CG,ShO,SV,HLD,BS,IP,TBF,H,R,ER,HR,BB,IBB,HBP,WP,BK,SO,K/9,BB/9,H/9,K/BB,IFH%,BUH%,GB,FB,LD,IFFB,IFH,BU,BUH,K%,BB%,K-BB%,SIERA,HR/9,AVG,WHIP,BABIP,LOB%,FIP,E-F,xFIP,ERA-,FIP-,xFIP-,GB/FB,LD%,GB%,FB%,IFFB%,HR/FB,RS,RS/9,Balls,Strikes,Pitches,WPA,-WPA,+WPA,RE24,REW,pLI,inLI,gmLI,exLI,Pulls,Games,WPA/LI,Clutch,SD,MD,FB%1,FBv,CT%,CTv,CB%,CBv,XX%,wFB,wCT,wCB,wFB/C,wCT/C,wCB/C,O-Swing%,Z-Swing%,Swing%,O-Contact%,Z-Contact%,Contact%,Zone%,F-Strike%,SwStr%,Pull,Cent,Oppo,Soft,Med,Hard,bipCount,Pull%,Cent%,Oppo%,Soft%,Med%,Hard%,PlayerName,playerid,tERA,pfxFA%,pfxFC%,pfxSL%,pfxCH%,pfxvFA,pfxvFC,pfxvSL,pfxvCH,pfxFA-X,pfxFC-X,pfxSL-X,pfxCH-X,pfxFA-Z,pfxFC-Z,pfxSL-Z,pfxCH-Z,pfxwFA,pfxwFC,pfxwSL,pfxwCH,pfxwFA/C,pfxwFC/C,pfxwSL/C,pfxwCH/C,pfxO-Swing%,pfxZ-Swing%,pfxSwing%,pfxO-Contact%,pfxZ-Contact%,pfxContact%,pfxZone%,piCU%,piFA%,piFC%,pivCU,pivFA,pivFC,piCU-X,piFA-X,piFC-X,piCU-Z,piFA-Z,piFC-Z,piwCU,piwFA,piwFC,piwCU/C,piwFA/C,piwFC/C,piO-Swing%,piZ-Swing%,piSwing%,piO-Contact%,piZ-Contact%,piContact%,piZone%,Events,EV,LA,Barrels,Barrel%,maxEV,HardHit,HardHit%,gamedate,dh
0,- - -,2,2019,- - -,A,28,1.0,1.0,5.741381991996966,55.0,0.0,0.0,0.0,4.0,9.0,5.0,58.0,271.0,66.0,38.0,37.0,8.0,29.0,1.0,4.0,4.0,1.0,63.0,9.775866635021861,4.5000021018354595,10.241384093832426,2.17241379,0.09803922,0.0,51.0,78.0,44.0,10.0,5.0,2.0,0.0,0.23247232,0.10701107,0.12546125,4.596702547605412,1.241379890161506,0.2773109243697479,1.637931799518654,0.3473053892215569,0.69476082,4.541596779523443,1.1997852124735227,5.423635553568433,125.06544909337916,95.94469264655157,118.36198514004236,0.65384615,0.25433526,0.29479769,0.45086705,0.12820513,0.1025641,17.0,2.6379322665932006,428.0,704.0,1132.0,-0.6438879439374432,-6.4829940284689656,5.839106050785631,-8.705999741330743,-0.7595946262590587,1.2887432963963141,1.0631958176501286,1.2831963646140965,1.2807066665341458,45.0,55.0,-0.6802019483293407,0.18057727851500793,17.0,17.0,0.58797524,93.43308271,0.2882405,89.92638037,0.12378426,83.0,0.00441696,-0.47767242416739464,-2.077171240001917,-2.50533439964056,-0.07183043972442026,-0.637169092025128,-1.7895245711718286,0.2832,0.743083,0.48894783,0.66101695,0.80053191,0.75587703,0.44739169,0.56457565,0.11925795,59.0,60.0,56.0,31.0,79.0,65.0,175.0,0.33714286,0.34285714,0.32,0.17714286,0.45142857,0.37142857,Shawn Armstrong,12857,5.018622065030185,0.59611993,0.27777778,0.12433862,0.00176367,93.36568046885834,89.85714210631356,82.98368846271055,75.94999694824219,-4.063668639702205,2.021650796371793,6.568723463843055,8.90999984741211,9.864763333247257,5.500222245473711,-1.157163121598832,1.7999999523162842,-0.3379080332815647,-0.8508451282978058,-3.7931342385709286,-0.10095242038369179,-0.049986395455852775,-0.270109564538986,-2.690166126646049,-5.047621019184589,0.23404255,0.70016207,0.48765432,0.57024793,0.80555556,0.75406872,0.54409171,0.12478032,0.58523726,0.28646749,82.96137801694198,93.57202863263655,90.06100749384406,7.464257545874152,-3.226551138960921,2.909122648780331,-2.4690077766566207,8.862335737761077,4.3303895519554985,-2.612633168697357,-0.04458583891391754,-2.331221003085375,-1.8398825131671528,-0.006694570407495126,-0.7150984672041028,0.23314066,0.70243902,0.48765432,0.5785124,0.80324074,0.75406872,0.54232804,175.0,88.12774581027169,21.028901734104046,14.0,0.08,111.5,61.0,0.34857143,2050-01-01,0
1,@BOS,2,2019,BAL,A,28,0.0,0.0,0.0,1.0,0.0,0.0,0.0,0.0,0.0,1.0,0.0,3.0,2.0,0.0,0.0,0.0,1.0,0.0,0.0,0.0,0.0,0.0,0.0,9.0,18.0,0.0,0.0,0.0,0.0,0.0,2.0,0.0,0.0,0.0,0.0,0.0,0.33333333,-0.33333333,,0.0,1.0,3.0,1.0,1.0,6.214009952545166,-6.214009952545166,6.214009952545166,0.0,130.1352916775341,135.4812492015053,0.0,1.0,0.0,0.0,0.0,0.0,0.0,0.0,7.0,9.0,16.0,-0.30186399817466736,-0.30186399817466736,0.0,-2.444999933242798,-0.21908600628376007,2.525700092315674,1.180999994277954,2.361999988555908,2.106800079345703,1.0,1.0,-0.11625099927186966,-0.0032659612307152086,0.0,1.0,0.5,93.25,0.375,88.66666667,0.125,82.0,,-0.4205036759376526,-0.6830969452857971,-0.14625629782676697,-5.256295949220657,-11.384949088096619,-7.312814891338348,0.2,0.83333333,0.4375,1.0,0.6,0.71428571,0.375,0.66666667,0.125,1.0,0.0,1.0,1.0,0.0,1.0,2.0,0.5,0.0,0.5,0.5,0.0,0.5,Shawn Armstrong,12857,49.79333697545252,0.5,0.375,0.125,,93.25,88.83333333333333,81.8499984741211,,-3.228749990463257,4.0733334223429365,6.555000305175781,,9.638750076293945,4.840000152587891,-3.440000057220459,,-0.4205036796629429,-0.6830969229340553,-0.14625629782676697,,-5.256295995786786,-11.384948715567589,-7.312814891338348,,0.22222222,0.71428571,0.4375,1.0,0.6,0.71428571,0.4375,0.125,0.5,0.375,81.96575164794922,93.48812103271484,88.99366251627605,7.01317024230957,-2.4527885913848877,5.068841934204102,-4.890199661254883,8.551874160766602,3.547495206197103,-0.14625629782676697,-0.4205036796629429,-0.6830969229340553,-7.312814891338348,-5.256295995786786,-11.384948715567589,0.22222222,0.71428571,0.4375,1.0,0.6,0.71428571,0.4375,2.0,88.25,15.5,0.0,0.0,107.4,1.0,0.5,2019-09-29,0
2,@BOS,2,2019,BAL,A,28,0.0,0.0,13.500014081612017,1.0,0.0,0.0,0.0,0.0,0.0,0.0,0.2,5.0,2.0,1.0,1.0,0.0,1.0,0.0,0.0,0.0,0.0,1.0,13.500014081612017,13.500014081612017,27.000028163224034,1.0,0.0,0.0,0.0,1.0,2.0,0.0,0.0,0.0,0.0,0.2,0.2,0.0,6.595215934886933,0.0,0.5,4.500004693870673,0.6666666666666666,0.66666667,4.714011517168724,8.786002564443294,7.697826648759376,292.22785587791566,98.92779522641449,167.62025809929523,0.0,0.66666667,0.0,0.33333333,0.0,0.0,0.0,0.0,8.0,15.0,23.0,-0.04292000085115433,-0.10094399750232697,0.058024000376462936,-0.9589999914169312,-0.08593189716339111,0.9380800127983093,0.6028000116348267,0.6028000116348267,1.47160005569458,1.0,1.0,-0.08104649931192398,0.035293471568455484,0.0,0.0,0.47826087,94.27272727,0.34782609,90.0,0.17391304,83.75,,-0.5171880125999451,-0.36284780502319336,0.18786081671714783,-4.701709205454046,-4.535597562789917,4.696520417928696,0.5,0.85714286,0.60869565,0.625,1.0,0.78571429,0.30434783,0.2,0.13043478,0.0,1.0,2.0,1.0,1.0,1.0,3.0,0.0,0.33333333,0.66666667,0.33333333,0.33333333,0.33333333,Shawn Armstrong,12857,10.730838813548589,0.47826087,0.34782609,0.17391304,,94.21818403764205,90.26249694824219,83.6500015258789,,-3.370909257368608,3.5112500190734863,5.949999809265137,,8.800908868963068,3.9887499809265137,-0.949999988079071,,-0.517188023775816,-0.36284781247377396,0.18786082416772842,,-4.701709307052872,-4.5355976559221745,4.696520604193211,,0.46153846,0.8,0.60869565,0.5,1.0,0.78571429,0.43478261,0.17391304,0.47826087,0.34782609,83.81336975097656,94.42143110795455,90.40910339355469,6.684014797210693,-2.655353719537908,4.431162357330322,-2.1954119205474854,7.991688121448863,2.9362850189208984,0.18786082416772842,-0.517188023775816,-0.36284781247377396,4.696520604193211,-4.701709307052872,-4.5355976559221745,0.46153846,0.8,0.60869565,0.5,1.0,0.78571429,0.43478261,3.0,73.0,32.0,0.0,0.0,93.9,0.0,0.0,2019-09-28,0
3,@TOR,2,2019,BAL,A,28,0.0,0.0,18.0,1.0,0.0,0.0,0.0,0.0,0.0,1.0,1.0,7.0,3.0,2.0,2.0,0.0,0.0,0.0,1.0,0.0,0.0,1.0,9.0,0.0,27.0,1.0,0.0,0.0,1.0,2.0,2.0,0.0,0.0,0.0,0.0,0.14285714,0.0,0.14285714,4.77886167966979,0.0,0.5,3.0,0.6,0.5,4.214009952545166,13.785990047454835,8.192425978183746,389.63673474734486,88.52525300667678,178.3331259958268,0.5,0.4,0.2,0.4,0.0,0.0,0.0,0.0,12.0,16.0,28.0,-0.3977760076522827,-0.7177000045776367,0.319923996925354,-1.4490000009536743,-0.1387930065393448,4.082459926605225,1.968000054359436,1.968000054359436,2.305999994277954,1.0,1.0,-0.0984954982995987,0.001060124822937547,0.0,1.0,0.5,93.5,0.42857143,89.58333333,0.07142857,84.0,,-0.6938660740852356,-0.4525224566459656,0.03547883778810501,-4.956186243465969,-3.771020472049713,1.7739418894052505,0.21428571,0.64285714,0.42857143,0.66666667,0.88888889,0.83333333,0.5,0.57142857,0.07142857,2.0,2.0,1.0,0.0,2.0,3.0,5.0,0.4,0.4,0.2,0.0,0.4,0.6,Shawn Armstrong,12857,6.792047930786666,0.5,0.42857143,0.07142857,,93.55714634486607,89.51666259765625,83.89999389648438,,-3.4549999237060547,3.005833307902018,6.375,,9.289999825613839,5.132500012715657,1.2899999618530273,,-0.6938660815358162,-0.4525224417448044,0.03547883778810501,,-4.956186296684401,-3.7710203478733697,1.7739418894052505,,0.08333333,0.6875,0.42857143,0.0,0.90909091,0.83333333,0.57142857,0.07142857,0.5,0.42857143,84.18164825439453,93.94636753627232,89.85562133789062,6.887700080871582,-2.6270299639020647,3.901353200276693,-0.07119950652122498,8.36837659563337,4.06349245707194,0.03547883778810501,-0.6938660815358162,-0.4525224417448044,1.7739418894052505,-4.956186296684401,-3.7710203478733697,0.09090909,0.64705882,0.42857143,0.0,0.90909091,0.83333333,0.60714286,5.0,90.85999755859375,19.6,0.0,0.0,100.8,2.0,0.4,2019-09-23,0
4,SEA,2,2019,BAL,H,28,0.0,0.0,0.0,1.0,0.0,0.0,0.0,0.0,0.0,0.0,2.0,6.0,0.0,0.0,0.0,0.0,0.0,0.0,0.0,0.0,0.0,2.0,9.0,0.0,0.0,2.0,0.0,0.0,1.0,3.0,0.0,0.0,0.0,0.0,0.0,0.33333333,0.0,0.33333333,3.0690204035958213,0.0,0.0,0.0,0.0,1.0,1.2140099525451662,-1.2140099525451662,4.197821971774101,0.0,26.110195000390796,91.81124358764221,0.33333333,0.0,0.25,0.75,0.0,0.0,0.0,0.0,10.0,13.0,23.0,0.3036400079727173,0.0,0.3036400079727173,1.1460000276565552,0.1067039966583252,1.9155999422073364,2.399199962615967,2.399199962615967,2.399199962615967,1.0,1.0,0.15856599807739258,-5.690581732789579e-05,1.0,0.0,0.43478261,94.0,0.39130435,90.22222222,0.17391304,82.75,,1.2572593688964844,0.1991562694311142,0.15488819777965546,12.572593688964846,2.212847438123491,3.8722049444913864,0.18181818,0.58333333,0.39130435,1.0,1.0,1.0,0.52173913,0.5,0.0,1.0,1.0,2.0,2.0,1.0,1.0,4.0,0.25,0.25,0.5,0.5,0.25,0.25,Shawn Armstrong,12857,-0.4449514210829049,0.43478261,0.39130435,0.17391304,,94.0,90.24444580078125,82.69999694824219,,-4.168000030517578,3.4066666497124567,7.269999980926514,,10.43699951171875,5.646666632758246,-1.7050000429153442,,1.241451371461153,0.1991562694311142,0.15488819405436516,,12.41451371461153,2.212847438123491,3.872204851359129,,0.18181818,0.58333333,0.39130435,1.0,1.0,1.0,0.52173913,0.17391304,0.43478261,0.39130435,82.80975341796875,94.227783203125,90.38201226128473,8.004697799682617,-3.279848098754883,4.310735490587023,-2.9492650032043457,9.240005493164062,4.525795406765408,0.15488819405436516,1.241451371461153,0.1991562694311142,3.872204851359129,12.41451371461153,2.212847438123491,0.18181818,0.58333333,0.39130435,1.0,1.0,1.0,0.52173913,4.0,77.8499984741211,31.0,0.0,0.0,92.3,0.0,0.0,2019-09-21,0
5,TOR,2,2019,BAL,H,28,0.0,0.0,81.0000844896721,1.0,0.0,0.0,0.0,0.0,0.0,0.0,0.1,4.0,2.0,3.0,3.0,1.0,1.0,0.0,0.0,0.0,0.0,0.0,0.0,27.000028163224034,54.00005632644807,0.0,0.0,0.0,0.0,3.0,0.0,1.0,0.0,0.0,0.0,0.0,0.25,-0.25,13.865700934886931,27.000028163224034,0.6666666666666666,9.000009387741345,0.5,0.0,51.214060020499005,29.7860244691731,30.116910129830426,1753.3671352674937,1066.3622034365717,653.2106449151202,0.0,0.0,0.0,1.0,0.33333333,0.33333333,0.0,0.0,10.0,8.0,18.0,-0.13330399990081787,-0.16163599491119385,0.028332000598311424,-2.3489999771118164,-0.21871499717235565,0.8327000141143799,0.5759999752044678,0.8960000276565552,1.3896000385284424,1.0,1.0,-0.14355400204658508,-0.016532460834760815,0.0,1.0,0.44444444,93.125,0.38888889,90.14285714,0.16666667,84.33333333,,-1.4298127889633179,0.01626267284154892,-0.46693161129951477,-17.872659862041473,0.23232389773641315,-15.56438704331716,0.09090909,0.85714286,0.38888889,1.0,1.0,1.0,0.38888889,0.25,0.0,0.0,2.0,1.0,1.0,1.0,1.0,3.0,0.0,0.66666667,0.33333333,0.33333333,0.33333333,0.33333333,Shawn Armstrong,12857,22.61740889026632,0.44444444,0.38888889,0.16666667,,92.9625015258789,89.88571602957589,84.26666768391927,,-2.934999942779541,3.1685714721679688,6.573333740234375,,10.420000076293945,6.019999912806919,-0.09000003337860107,,-1.4298128113150597,0.00045471638441085815,-0.46693160757422447,,-17.872660141438246,0.0064959483487265456,-15.564386919140816,,0.1,0.75,0.38888889,1.0,1.0,1.0,0.44444444,0.16666667,0.44444444,0.38888889,84.32813517252605,93.10747528076172,90.01857212611607,7.450979868570964,-1.8993475437164307,4.04802131652832,-1.182960033416748,9.160165786743164,4.8630812508719305,-0.46693160757422447,-1.4298128113150597,0.00045471638441085815,-15.564386919140816,-17.872660141438246,0.0064959483487265456,0.1,0.75,0.38888889,1.0,1.0,1.0,0.44444444,3.0,89.76666259765625,44.0,1.0,0.33333333,107.3,1.0,0.33333333,2019-09-18,0
6,TOR,2,2019,BAL,H,28,0.0,0.0,9.0,1.0,0.0,0.0,0.0,0.0,0.0,1.0,1.0,5.0,1.0,1.0,1.0,0.0,1.0,0.0,0.0,0.0,0.0,1.0,9.0,9.0,9.0,1.0,0.0,0.0,0.0,2.0,1.0,0.0,0.0,0.0,0.0,0.2,0.2,0.0,7.257175934886933,0.0,0.25,2.0,0.3333333333333333,0.5,4.214009952545166,4.785990047454834,8.192425978183746,194.81836737367243,88.52525300667678,178.3331259958268,0.0,0.33333333,0.0,0.66666667,0.0,0.0,0.0,0.0,11.0,12.0,23.0,-0.11468800157308578,-0.22626399993896484,0.11157599836587906,-0.4269999861717224,-0.039757899940013885,2.1214001178741455,2.1731998920440674,2.1731998920440674,2.399199962615967,1.0,1.0,-0.06395170092582703,0.009889291573264812,0.0,1.0,0.7826087,93.77777778,0.08695652,92.5,0.13043478,84.33333333,,-0.268410861492157,-0.11284784972667694,-0.07782145589590073,-1.4911714527342055,-5.642392486333847,-2.5940485298633575,0.29411765,0.66666667,0.39130435,0.4,1.0,0.66666667,0.26086957,0.2,0.13043478,1.0,1.0,1.0,0.0,1.0,2.0,3.0,0.33333333,0.33333333,0.33333333,0.0,0.33333333,0.66666667,Shawn Armstrong,12857,5.651821424999232,0.82608696,0.04347826,0.13043478,,93.69473427220395,91.69999694824219,84.23333740234375,,-3.4836843390213814,-0.4399999976158142,6.159999847412109,,10.058421084755345,8.039999961853027,-1.9966665903727214,,-0.3304525502026081,-0.050806157290935516,-0.07782145589590073,,-1.7392239484347796,-5.080615729093552,-2.5940485298633575,,0.14285714,0.77777778,0.39130435,0.0,0.85714286,0.66666667,0.39130435,0.13043478,0.7826087,0.08695652,84.30376688639323,93.93463134765625,92.27300262451172,7.164263407389323,-2.805145687527127,0.659340500831604,-3.3899033864339194,9.16314442952474,6.021299839019775,-0.07782145589590073,-0.2684108577668667,-0.11284784972667694,-2.5940485298633575,-1.4911714320381484,-5.642392486333847,0.14285714,0.77777778,0.39130435,0.0,0.85714286,0.66666667,0.39130435,3.0,96.5,27.666666666666668,0.0,0.0,100.7,1.0,0.33333333,2019-09-17,0
7,@DET,2,2019,BAL,A,28,0.0,0.0,0.0,1.0,0.0,0.0,0.0,0.0,0.0,0.0,1.0,3.0,1.0,0.0,0.0,0.0,0.0,0.0,0.0,0.0,0.0,1.0,9.0,0.0,9.0,1.0,0.0,0.0,1.0,0.0,1.0,0.0,0.0,0.0,0.0,0.33333333,0.0,0.33333333,1.5892426400935993,0.0,0.3333333333333333,1.0,0.5,1.0,1.2140099525451662,-1.2140099525451662,1.2140099525451662,0.0,26.110195000390796,27.18280175921356,1.0,0.5,0.5,0.0,0.0,0.0,0.0,0.0,4.0,5.0,9.0,0.15049999952316284,-0.0725800022482872,0.22307999432086945,0.5669999718666077,0.053239401429891586,2.3166699409484863,2.319999933242798,2.319999933242798,2.319999933242798,1.0,1.0,0.053790900856256485,0.011173035897524428,1.0,0.0,0.66666667,93.66666667,0.22222222,92.0,0.11111111,85.0,,0.6790993213653564,-0.0808154046535492,0.04557297006249428,11.31832202275594,-4.04077023267746,4.557297006249428,0.2,0.75,0.44444444,1.0,0.33333333,0.5,0.44444444,0.33333333,0.22222222,1.0,1.0,0.0,0.0,0.0,2.0,2.0,0.5,0.5,0.0,0.0,0.0,1.0,Shawn Armstrong,12857,3.8470527208358636,0.66666667,0.22222222,0.11111111,,93.48333740234375,92.10000610351562,85.4000015258789,,-4.418333371480306,0.6650000214576721,6.170000076293945,,10.704999287923178,7.789999961853027,1.190000057220459,,0.6790993176400661,-0.0808154009282589,0.04557297006249428,,11.31832196066777,-4.040770046412945,4.557297006249428,,0.0,0.8,0.44444444,,0.5,0.5,0.55555556,0.11111111,0.66666667,0.22222222,85.45349884033203,93.63230387369792,92.15509796142578,6.960700035095215,-3.41456667582194,1.8200877904891968,-0.17798000574111938,9.510505040486654,6.048264980316162,0.04557297006249428,0.6790993176400661,-0.0808154009282589,4.557297006249428,11.31832196066777,-4.040770046412945,0.0,0.8,0.44444444,,0.5,0.5,0.55555556,2.0,97.5999984741211,5.0,0.0,0.0,101.0,1.0,0.5,2019-09-14,0
8,@DET,2,2019,BAL,A,28,0.0,0.0,0.0,1.0,0.0,0.0,0.0,0.0,1.0,0.0,0.2,4.0,2.0,0.0,0.0,0.0,0.0,0.0,0.0,0.0,0.0,1.0,13.500014081612017,0.0,27.000028163224034,1.0,0.0,0.0,0.0,1.0,2.0,0.0,0.0,0.0,0.0,0.25,0.0,0.25,3.7375134348869326,0.0,0.5,3.0000031292471148,0.6666666666666666,1.0,0.21400682329805187,-0.21400682329805187,3.1978219548887044,0.0,5.3051105609154074,70.1515537334514,0.0,0.66666667,0.0,0.33333333,0.0,0.0,2.0,27.000028163224034,4.0,10.0,14.0,-0.01607999950647354,-0.12150000035762787,0.10542000085115433,-0.4189999997615814,-0.03934270143508911,1.7269999980926514,0.7350000143051147,1.4700000286102295,0.7839999794960022,1.0,1.0,-0.024724099785089493,0.015413156227340357,0.0,0.0,0.42857143,93.5,0.57142857,90.75,,,,0.4167383909225464,-0.7852150201797485,,6.9456398487091064,-9.815187752246857,,0.42857143,0.71428571,0.57142857,0.33333333,0.8,0.625,0.5,0.5,0.21428571,0.0,3.0,0.0,0.0,3.0,0.0,3.0,0.0,1.0,0.0,0.0,1.0,0.0,Shawn Armstrong,12857,7.156683762610462,0.42857143,0.57142857,,,93.48333740234375,90.7249984741211,,,-3.2033332188924155,1.7662500143051147,,,9.751667022705078,6.360000133514404,,,0.4167383760213852,-0.7852150052785873,,,6.94563960035642,-9.815187565982342,,,0.33333333,0.75,0.57142857,0.0,0.83333333,0.625,0.57142857,,0.42857143,0.57142857,,93.61507161458333,90.78665161132812,,-2.403481642405192,2.589057445526123,,8.493375142415365,5.113003730773926,,0.4167383760213852,-0.7852150052785873,,6.94563960035642,-9.815187565982342,0.33333333,0.75,0.57142857,0.0,0.83333333,0.625,0.57142857,3.0,88.2000020345052,27.0,0.0,0.0,94.7,0.0,0.0,2019-09-13,0
9,LAD,2,2019,BAL,H,28,1.0,0.0,0.0,1.0,0.0,0.0,0.0,0.0,0.0,0.0,1.2,5.0,1.0,0.0,0.0,0.0,0.0,0.0,0.0,0.0,0.0,1.0,5.399989314100431,0.0,5.399989314100431,1.0,0.0,0.0,1.0,2.0,1.0,0.0,0.0,0.0,0.0,0.2,0.0,0.2,4.198015934886932,0.0,0.2,0.5999988126778256,0.25,1.0,2.0140123271895147,-2.0140123271895147,4.401057218911097,0.0,42.75425987325531,96.21325593373963,0.5,0.25,0.25,0.5,0.0,0.0,5.0,26.999946570502154,7.0,15.0,22.0,0.14468799531459808,-0.028279999271035194,0.17296800017356873,1.159000039100647,0.10791400074958801,1.2681599855422974,1.3261300325393677,2.0399999618530273,0.18639999628067017,1.0,1.0,0.07704339921474457,0.03704945733657283,1.0,0.0,0.5,92.90909091,0.22727273,90.0,0.27272727,83.0,,0.217514306306839,0.13724640011787415,0.8221480250358582,1.9774027846076272,2.744928002357483,13.70246708393097,0.3,0.58333333,0.45454545,1.0,1.0,1.0,0.54545455,0.8,0.0,1.0,2.0,1.0,0.0,3.0,1.0,4.0,0.25,0.5,0.25,0.0,0.75,0.25,Shawn Armstrong,12857,2.4627049885436936,0.5,0.22727273,0.27272727,,93.03636585582386,90.1,83.0499979654948,,-4.545454545454546,1.7799999237060546,5.4316666920979815,,10.409090909090908,6.451999664306641,0.41499996185302734,,0.2175143025815487,0.13724640756845474,0.8221480064094067,,1.9774027507413516,2.744928151369095,13.70246677349011,,0.25,0.57142857,0.45454545,1.0,1.0,1.0,0.63636364,0.27272727,0.5,0.22727273,83.18168131510417,93.2366055575284,90.2507568359375,6.316478093465169,-3.588052923029119,2.7933441162109376,-1.040378491083781,9.225261341441762,5.195061874389649,0.8221480064094067,0.2175143025815487,0.13724640756845474,13.70246677349011,1.9774027507413516,2.744928151369095,0.25,0.57142857,0.45454545,1.0,1.0,1.0,0.63636364,4.0,91.17500305175781,23.25,0.0,0.0,104.3,2.0,0.5,2019-09-11,0
10,TEX,2,2019,BAL,H,28,0.0,0.0,0.0,1.0,0.0,0.0,0.0,0.0,0.0,1.0,1.1,6.0,2.0,0.0,0.0,0.0,1.0,0.0,0.0,0.0,0.0,1.0,6.750016696792419,6.750016696792419,13.500033393584838,1.0,0.0,0.0,1.0,3.0,0.0,2.0,0.0,0.0,0.0,0.16666667,0.16666667,0.0,6.958242588428599,0.0,0.4,2.250005565597473,0.5,1.0,3.964011807744324,-3.964011807744324,8.439740907718816,0.0,83.32403677027396,183.68989057541637,0.33333333,0.0,0.25,0.75,0.66666667,0.0,0.0,0.0,12.0,19.0,31.0,-0.0412760004401207,-0.2647640109062195,0.2234880030155182,0.012000000104308128,0.0011173100210726261,1.6651999950408936,1.8038699626922607,3.426800012588501,1.9855999946594238,1.0,1.0,0.03340519964694977,-0.05819261290844635,0.0,0.0,0.38709677,93.33333333,0.51612903,89.8125,0.09677419,82.66666667,,0.207688570022583,-0.0469219796359539,-0.8548943400382996,1.7307380835215251,-0.2932623727247119,-28.496478001276653,0.42857143,0.5,0.4516129,0.88888889,1.0,0.92857143,0.32258065,0.33333333,0.03225806,0.0,3.0,1.0,2.0,1.0,1.0,4.0,0.0,0.75,0.25,0.5,0.25,0.25,Shawn Armstrong,12857,0.7447231920854946,0.41935484,0.48387097,0.09677419,,93.1999981219952,89.713330078125,82.7999979654948,,-3.6630768409142127,2.824000040690104,5.7033335367838545,,10.322307880108173,6.0913335164388025,-1.243333339691162,,0.273582611232996,-0.3584569878876209,-0.8748612031340599,,2.1044816248691998,-2.38971325258414,-29.162040104468662,,0.25,0.66666667,0.4516129,0.75,1.0,0.92857143,0.48387097,0.09677419,0.38709677,0.51612903,82.98560078938802,93.5524190266927,90.11772155761719,6.5006103515625,-3.1680758794148765,3.5388267040252686,-2.881763458251953,9.241816838582357,4.850640773773193,-0.8748612031340599,0.2076885662972927,-0.29256294295191765,-29.162040104468662,1.7307380524774392,-1.8285183934494853,0.2,0.6875,0.4516129,0.66666667,1.0,0.92857143,0.51612903,4.0,89.80000305175781,39.0,0.0,0.0,99.9,2.0,0.5,2019-09-06,0
11,@TBR,2,2019,BAL,A,28,0.0,0.0,0.0,1.0,0.0,0.0,0.0,0.0,1.0,0.0,2.0,8.0,2.0,0.0,0.0,0.0,0.0,0.0,0.0,0.0,0.0,2.0,9.0,0.0,9.0,2.0,0.0,0.0,2.0,2.0,2.0,0.0,0.0,0.0,0.0,0.25,0.0,0.25,3.1777009348869325,0.0,0.25,1.0,0.3333333333333333,1.0,1.2140099525451662,-1.2140099525451662,3.2032179653644564,0.0,26.110195000390796,70.26842964483266,1.0,0.33333333,0.33333333,0.33333333,0.0,0.0,0.0,0.0,11.0,22.0,33.0,0.19793200492858887,-0.14169999957084656,0.3396320044994354,1.027999997138977,0.10336899757385254,1.9536399841308594,1.738700032234192,1.5673999786376953,2.487799882888794,1.0,1.0,0.05965249985456467,0.041661972891879145,1.0,0.0,0.39393939,93.46153846,0.57575758,91.31578947,0.03030303,85.0,,-0.41368231177330017,1.1376599073410034,-0.04190467298030853,-3.1821716290253863,5.987683722847387,-4.190467298030853,0.29411765,0.75,0.51515152,0.4,0.83333333,0.70588235,0.48484848,0.5,0.15151515,0.0,3.0,3.0,1.0,1.0,4.0,6.0,0.0,0.5,0.5,0.16666667,0.16666667,0.66666667,Shawn Armstrong,12857,2.9513630441661323,0.39393939,0.57575758,0.03030303,,93.47691932091347,91.21578818873355,85.0999984741211,,-4.183846106896033,1.5536842346191406,4.090000152587891,,11.046923123873198,7.52421087967722,0.07000000029802322,,-0.4136823043227196,1.221988309174776,-0.04190467298030853,,-3.1821715717132277,6.431517416709348,-4.190467298030853,,0.21428571,0.73684211,0.51515152,0.33333333,0.78571429,0.70588235,0.57575758,0.03030303,0.39393939,0.57575758,85.14450073242188,93.627197265625,91.31888620476974,5.088230133056641,-3.53422605074369,2.4351248490182975,-1.5145200490951538,9.609412560096153,6.170097351074219,-0.04190467298030853,-0.4136823043227196,1.221988309174776,-4.190467298030853,-3.1821715717132277,6.431517416709348,0.26666667,0.72222222,0.51515152,0.5,0.76923077,0.70588235,0.54545455,6.0,93.88333129882812,16.666666666666668,0.0,0.0,111.3,2.0,0.33333333,2019-09-03,1
12,@KCR,2,2019,BAL,A,28,0.0,0.0,6.750016696792419,1.0,0.0,0.0,0.0,0.0,0.0,0.0,1.1,7.0,3.0,1.0,1.0,1.0,1.0,0.0,0.0,0.0,0.0,0.0,0.0,6.750016696792419,20.250050090377258,0.0,0.0,0.0,4.0,1.0,1.0,0.0,0.0,0.0,0.0,0.0,0.14285714,-0.14285714,6.626555467438767,6.750016696792419,0.5,3.0000074207966305,0.4,1.0,15.214039635731687,-8.46402293893927,6.955925218134137,146.1141369571254,317.3810832556616,151.5509034809095,4.0,0.16666667,0.66666667,0.16666667,0.0,1.0,0.0,0.0,8.0,11.0,19.0,-0.221343994140625,-0.2961080074310303,0.07476399838924408,-1.0700000524520874,-0.09935010224580765,1.1744600534439087,1.1272000074386597,2.1856000423431396,,0.0,1.0,-0.1822890043258667,-0.006175467915288335,0.0,1.0,0.42105263,93.375,0.57894737,90.72727273,,,,-1.5993471145629883,0.3370000123977661,,-19.991838932037354,3.0636364763433286,,0.38461538,1.0,0.57894737,0.6,1.0,0.81818182,0.31578947,0.71428571,0.10526316,3.0,3.0,0.0,1.0,2.0,3.0,6.0,0.5,0.5,0.0,0.16666667,0.33333333,0.5,Shawn Armstrong,12857,16.338888818899697,0.42105263,0.57894737,,,93.57499694824219,90.55454323508523,,,-3.773750066757202,2.477272727272727,,,8.84000015258789,4.78454555164684,,,-1.5993471555411816,0.3370000272989273,,,-19.99183944426477,3.06363661180843,,,0.14285714,0.83333333,0.57894737,0.0,0.9,0.81818182,0.63157895,,0.42105263,0.57894737,,93.72517395019531,90.65189985795455,,-3.0879688262939453,3.409684267911044,,7.9062089920043945,3.7299090298739346,,-1.5993471555411816,0.3370000272989273,,-19.99183944426477,3.06363661180843,0.125,0.90909091,0.57894737,0.0,0.9,0.81818182,0.57894737,6.0,87.36666870117188,-1.5,1.0,0.16666667,103.1,3.0,0.5,2019-09-01,0
13,KCR,2,2019,BAL,H,28,0.0,0.0,0.0,1.0,0.0,0.0,0.0,0.0,0.0,0.0,1.0,4.0,0.0,0.0,0.0,0.0,0.0,0.0,0.0,0.0,0.0,0.0,0.0,0.0,0.0,0.0,0.0,0.0,1.0,2.0,1.0,0.0,0.0,0.0,0.0,0.0,0.0,0.0,7.367575934886932,0.0,0.0,0.0,0.0,1.0,3.214009952545166,-3.214009952545166,7.1924259781837465,0.0,67.72023367124812,156.67343650736848,0.5,0.25,0.25,0.5,0.0,0.0,0.0,0.0,6.0,14.0,20.0,0.006847990211099386,-0.0018960200250148773,0.00874400045722723,0.5730000138282776,0.0533519983291626,0.08479999750852585,0.1363999992609024,0.1363999992609024,0.08640000224113464,1.0,1.0,0.029264399781823158,0.0514902041367782,0.0,0.0,0.55,93.90909091,0.3,91.83333333,0.15,84.33333333,,0.08778225630521774,0.42870843410491943,-0.14004015922546387,0.7980205118656158,7.145140568415324,-4.668005307515463,0.41666667,0.75,0.55,0.8,1.0,0.90909091,0.4,0.5,0.05,1.0,2.0,1.0,0.0,4.0,0.0,4.0,0.25,0.5,0.25,0.0,1.0,0.0,Shawn Armstrong,12857,4.3285963655403235,0.55,0.3,0.15,,93.78181596235795,91.78333536783855,84.36666870117188,,-4.126363580877131,1.7266666094462078,4.246666590372722,,10.099091269753195,7.191666920979817,-0.2666666507720947,,0.08778225630521774,0.42870843783020973,-0.14004015177488327,,0.7980205118656158,7.145140630503495,-4.668005059162775,,0.25,0.75,0.55,0.5,1.0,0.90909091,0.6,0.15,0.55,0.3,84.47266642252605,93.98244406960227,91.96221923828125,5.054049809773763,-3.3229827880859375,2.717866579691569,-1.6821050643920898,8.832167885520242,5.876041412353516,-0.14004015177488327,0.08778225630521774,0.42870843783020973,-4.668005059162775,0.7980205118656158,7.145140630503495,0.375,0.66666667,0.55,0.66666667,1.0,0.90909091,0.6,4.0,84.77499389648438,24.25,0.0,0.0,92.0,0.0,0.0,2019-08-21,0
14,@BOS,2,2019,BAL,A,28,0.0,0.0,27.000066787169676,1.0,0.0,0.0,0.0,0.0,0.0,0.0,1.1,11.0,6.0,4.0,4.0,1.0,1.0,0.0,0.0,0.0,0.0,2.0,13.500033393584838,6.750016696792419,40.500100180754515,2.0,0.5,0.0,2.0,3.0,3.0,0.0,1.0,0.0,0.0,0.18181818,0.09090909,0.09090909,5.0215924748285845,6.750016696792419,0.6,5.250012986394103,0.7142857142857143,0.53571429,12.21403221493506,14.786034572234616,6.9397371973205,584.4565478285016,254.9658708595582,151.20027597665347,0.66666667,0.375,0.25,0.375,0.0,0.33333333,0.0,0.0,11.0,24.0,35.0,-0.10945600271224976,-0.15385200083255768,0.04439600184559822,-3.8329999446868896,-0.34345901012420654,0.42356398701667786,0.5718669891357422,1.182800054550171,0.0,1.0,1.0,-0.39945098757743835,0.1410342995034829,0.0,1.0,0.68571429,94.5,0.22857143,91.625,0.08571429,84.0,,-2.1494250297546387,-0.8548192977905273,-0.41750627756118774,-8.955937623977661,-10.685241222381592,-13.916875918706259,0.44444444,0.64705882,0.54285714,0.875,1.0,0.94736842,0.48571429,0.72727273,0.02857143,3.0,4.0,1.0,1.0,3.0,4.0,8.0,0.375,0.5,0.125,0.125,0.375,0.5,Shawn Armstrong,12857,11.417086053939405,0.68571429,0.22857143,0.08571429,,94.50833129882812,91.4124984741211,83.90000406901042,,-4.039166768391927,1.9550000429153442,5.7133331298828125,,8.952083587646484,5.347499847412109,-0.4766666889190674,,-2.149425107985735,-0.854819294065237,-0.41750627011060715,,-8.955937949940562,-10.685241175815463,-13.916875670353571,,0.35714286,0.66666667,0.54285714,0.8,0.92857143,0.89473684,0.6,0.08571429,0.68571429,0.22857143,83.85276285807292,94.56380208333333,91.41307067871094,6.55620002746582,-3.1593119303385415,3.0097224712371826,-1.5838596026102703,8.028149286905924,4.300192356109619,-0.41750627011060715,-2.149425107985735,-0.854819294065237,-13.916875670353571,-8.955937949940562,-10.685241175815463,0.35714286,0.66666667,0.54285714,0.8,0.92857143,0.89473684,0.6,8.0,89.4625015258789,13.875,1.0,0.125,111.5,4.0,0.5,2019-08-18,0
15,@NYY,2,2019,BAL,A,28,0.0,0.0,0.0,1.0,0.0,0.0,0.0,0.0,0.0,0.0,0.2,2.0,0.0,0.0,0.0,0.0,0.0,0.0,0.0,0.0,0.0,1.0,13.500014081612017,0.0,0.0,1.0,0.0,0.0,0.0,1.0,0.0,0.0,0.0,0.0,0.0,0.5,0.0,0.5,2.103325934886932,0.0,0.0,0.0,0.0,1.0,0.21400682329805187,-0.21400682329805187,3.1978219548887044,0.0,5.3051105609154074,70.1515537334514,0.0,0.0,0.0,1.0,0.0,0.0,0.0,0.0,2.0,6.0,8.0,0.027036000043153763,0.0,0.027036000043153763,0.2930000126361847,0.02806510031223297,0.5210000276565552,0.3075999915599823,0.6151999831199646,0.5759999752044678,1.0,1.0,0.05211789906024933,-0.00022538733666842975,0.0,0.0,0.625,94.8,0.375,92.66666667,,,,0.5808448195457458,-0.023162946105003357,,11.616896390914917,-0.7720982035001118,,0.6,1.0,0.75,0.33333333,1.0,0.66666667,0.375,0.5,0.25,1.0,0.0,0.0,0.0,1.0,0.0,1.0,1.0,0.0,0.0,0.0,1.0,0.0,Shawn Armstrong,12857,-1.1303067212056002,0.625,0.375,,,94.67999877929688,92.26666259765625,,,-4.376000213623047,2.043333371480306,,,10.554000091552734,7.593332926432292,,,0.5808448269963264,-0.023162946105003357,,,11.616896539926529,-0.7720982035001118,,,0.33333333,1.0,0.75,0.0,0.8,0.66666667,0.625,,0.625,0.375,,94.61566162109375,92.206298828125,,-3.7220958709716796,3.370380083719889,,9.655461883544922,6.268800099690755,,0.5808448269963264,-0.023162946105003357,,11.616896539926529,-0.7720982035001118,0.33333333,1.0,0.75,0.0,0.8,0.66666667,0.625,1.0,95.5,42.0,0.0,0.0,95.5,1.0,1.0,2019-08-14,0
16,HOU,2,2019,BAL,H,28,0.0,0.0,27.000028163224034,1.0,0.0,0.0,0.0,0.0,1.0,0.0,0.1,3.0,2.0,1.0,1.0,0.0,0.0,0.0,0.0,0.0,0.0,0.0,0.0,0.0,54.00005632644807,0.0,0.0,0.0,1.0,0.0,2.0,0.0,0.0,0.0,0.0,0.0,0.0,0.0,5.172909286813598,0.0,0.6666666666666666,6.0000062584942295,0.6666666666666666,0.5,3.2140099525451666,23.78601821067887,3.2140099525451666,584.4557117558313,67.72023367124812,70.50218073613026,1.0,0.66666667,0.33333333,0.0,0.0,0.0,0.0,0.0,5.0,7.0,12.0,-0.15280799567699432,-0.21936799585819244,0.06656000018119812,-1.1660000085830688,-0.10856600105762482,2.0962700843811035,1.3896000385284424,1.3896000385284424,2.3043999671936035,1.0,1.0,-0.08612330257892609,0.013228117547409074,0.0,1.0,0.66666667,94.875,0.25,91.33333333,0.08333333,86.0,,-1.2499253749847412,-0.11045653373003006,0.372119665145874,-15.624067187309265,-3.681884457667669,37.2119665145874,0.16666667,0.66666667,0.41666667,1.0,0.75,0.8,0.5,1.0,0.08333333,2.0,1.0,0.0,0.0,2.0,1.0,3.0,0.66666667,0.33333333,0.0,0.0,0.66666667,0.33333333,Shawn Armstrong,12857,15.085020575704974,0.66666667,0.25,0.08333333,,94.67500305175781,91.43332926432292,85.69999694824219,,-4.75124979019165,1.09333332379659,3.240000009536743,,9.979999542236328,7.023333231608073,2.2699999809265137,,-1.2499253638088703,-0.11045653373003006,0.372119665145874,,-15.624067047610879,-3.681884457667669,37.2119665145874,,0.16666667,0.66666667,0.41666667,1.0,0.75,0.8,0.5,0.08333333,0.66666667,0.25,85.71510314941406,94.81317901611328,91.52585856119792,4.145279884338379,-3.945053815841675,2.279843330383301,0.7173320055007935,8.967768669128418,5.671596527099609,0.372119665145874,-1.2499253638088703,-0.11045653373003006,37.2119665145874,-15.624067047610879,-3.681884457667669,0.16666667,0.66666667,0.41666667,1.0,0.75,0.8,0.5,3.0,86.09999593098958,13.333333333333334,1.0,0.33333333,110.5,1.0,0.33333333,2019-08-11,0
17,HOU,2,2019,BAL,H,28,0.0,0.0,13.500014081612017,1.0,0.0,0.0,0.0,0.0,0.0,0.0,0.2,4.0,2.0,1.0,1.0,0.0,0.0,0.0,0.0,1.0,0.0,1.0,13.500014081612017,0.0,27.000028163224034,1.0,0.0,0.0,1.0,1.0,1.0,0.0,0.0,0.0,0.0,0.25,0.0,0.25,3.1777009348869325,0.0,0.5,3.0000031292471148,0.6666666666666666,0.5,0.21400682329805187,13.286007258313965,3.1978219548887044,292.22785587791566,5.3051105609154074,70.1515537334514,1.0,0.33333333,0.33333333,0.33333333,0.0,0.0,0.0,0.0,6.0,13.0,19.0,-0.11235599964857101,-0.18590399622917175,0.07354799658060074,-0.8220000267028809,-0.07653629779815674,1.4194400310516357,1.0460000038146973,1.0460000038146973,1.1224000453948975,1.0,1.0,-0.07694440335035324,-0.0022107544517897815,0.0,1.0,0.84210526,93.5625,0.15789474,91.33333333,,,,-1.2446346282958984,0.2529713213443756,,-7.778966426849365,8.432377378145855,,0.25,0.72727273,0.52631579,1.0,0.75,0.8,0.57894737,0.75,0.10526316,0.0,0.0,3.0,1.0,1.0,1.0,3.0,0.0,0.0,1.0,0.33333333,0.33333333,0.33333333,Shawn Armstrong,12857,2.9513630441661323,0.78947368,0.21052632,,,93.52666829427083,91.375,,,-5.346000162760417,1.462499976158142,,,10.165333048502605,6.684999942779541,,,-1.202729944139719,0.21106664091348648,,,-8.018199627598127,5.276666022837162,,,0.16666667,0.69230769,0.52631579,1.0,0.77777778,0.8,0.68421053,,0.78947368,0.21052632,,93.66126302083333,91.51335144042969,,-4.447176106770834,2.6842539310455322,,9.043666585286458,5.268952369689941,,-1.202729944139719,0.21106664091348648,,-8.018199627598127,5.276666022837162,0.16666667,0.69230769,0.52631579,1.0,0.77777778,0.8,0.68421053,3.0,82.33333333333333,14.333333333333334,0.0,0.0,101.7,1.0,0.33333333,2019-08-09,0
18,TOR,2,2019,BAL,H,28,0.0,0.0,0.0,1.0,0.0,0.0,0.0,1.0,0.0,0.0,1.0,5.0,2.0,0.0,0.0,0.0,0.0,0.0,0.0,0.0,0.0,3.0,27.0,0.0,18.0,3.0,0.5,0.0,2.0,0.0,0.0,0.0,1.0,0.0,0.0,0.6,0.0,0.6,-0.0018640651130676922,0.0,0.4,2.0,1.0,1.0,-2.785990047454834,2.785990047454834,-2.785990047454834,0.0,-57.10988234132386,-59.455956194619844,2.0,0.0,1.0,0.0,0.0,0.0,0.0,0.0,6.0,11.0,17.0,0.17827600240707397,-0.1703760027885437,0.3486520051956177,0.5730000138282776,0.0533519983291626,3.598560094833374,2.959199905395508,2.959199905395508,,0.0,1.0,0.013344000093638897,0.03619692675180504,1.0,0.0,0.70588235,94.5,0.29411765,91.6,,,,0.06577371060848236,-0.137567937374115,,0.5481142550706863,-2.7513587474823,,0.14285714,0.9,0.58823529,0.0,0.55555556,0.5,0.58823529,0.6,0.29411765,0.0,1.0,1.0,1.0,1.0,0.0,2.0,0.0,0.5,0.5,0.5,0.5,0.0,Shawn Armstrong,12857,-1.3389744910770252,0.76470588,0.23529412,,,94.1923076923077,91.375,,,-4.055384709284856,1.847499966621399,,,9.151538555438702,5.282500267028809,,,0.026862982660531998,-0.09865720197558403,,,0.20663832815793845,-2.4664300493896008,,,0.16666667,0.81818182,0.58823529,0.0,0.55555556,0.5,0.64705882,,0.70588235,0.29411765,,94.603759765625,91.7031005859375,,-3.4167324701944985,2.3142887115478517,,8.324590047200521,4.388072204589844,,0.06577371060848236,-0.1375679299235344,,0.5481142550706863,-2.751358598470688,0.16666667,0.81818182,0.58823529,0.0,0.55555556,0.5,0.64705882,2.0,84.05000305175781,-19.0,0.0,0.0,98.5,1.0,0.5,2019-08-04,0
19,TOR,2,2019,BAL,H,28,0.0,0.0,9.0,1.0,0.0,0.0,0.0,0.0,1.0,0.0,1.0,5.0,2.0,1.0,1.0,0.0,0.0,0.0,0.0,0.0,0.0,1.0,9.0,0.0,18.0,1.0,0.0,0.0,1.0,2.0,1.0,0.0,0.0,0.0,0.0,0.2,0.0,0.2,4.198015934886932,0.0,0.4,2.0,0.5,0.5,1.2140099525451662,7.785990047454834,5.1924259781837465,194.81836737367243,26.110195000390796,113.35405753045175,0.5,0.25,0.25,0.5,0.0,0.0,0.0,0.0,7.0,16.0,23.0,0.06994400173425674,-0.11129599809646606,0.1812400072813034,0.5730000138282776,0.0533519983291626,2.0736000537872314,1.47747004032135,1.6532000303268433,1.836400032043457,1.0,1.0,0.0004254140076227486,0.03330529583032828,1.0,0.0,0.60869565,93.21428571,0.30434783,90.42857143,0.08695652,84.0,,0.17565441131591797,-0.4630792737007141,0.1918419599533081,1.2546743665422713,-6.615418195724487,9.592097997665405,0.35714286,0.77777778,0.52173913,1.0,0.42857143,0.66666667,0.39130435,0.6,0.17391304,0.0,2.0,2.0,0.0,4.0,0.0,4.0,0.0,0.5,0.5,0.0,1.0,0.0,Shawn Armstrong,12857,2.4627049885436936,0.60869565,0.30434783,0.08695652,,93.18571254185268,90.35714285714286,84.05000305175781,,-4.473571504865374,1.7228572028023856,5.300000190734863,,9.78285653250558,5.795714242117746,0.2849999964237213,,0.17565440759062767,-0.4630792774260044,0.1918419599533081,,1.2546743399330549,-6.61541824894292,9.592097997665405,,0.4,0.61538462,0.52173913,1.0,0.5,0.66666667,0.56521739,0.08695652,0.60869565,0.30434783,84.22865295410156,93.43518938337054,90.56648472377232,6.098065376281738,-3.520014899117606,2.7956695556640625,-1.1013169288635254,8.63975361415318,4.582374572753906,0.1918419599533081,0.17565440759062767,-0.4630792774260044,9.592097997665405,1.2546743399330549,-6.61541824894292,0.36363636,0.66666667,0.52173913,1.0,0.5,0.66666667,0.52173913,4.0,92.75,26.25,0.0,0.0,104.7,2.0,0.5,2019-08-03,0
20,@SDP,2,2019,BAL,A,28,0.0,0.0,0.0,1.0,0.0,0.0,0.0,1.0,0.0,0.0,2.0,7.0,1.0,0.0,0.0,0.0,0.0,0.0,0.0,0.0,0.0,2.0,9.0,0.0,4.5,2.0,0.5,0.0,2.0,2.0,1.0,0.0,1.0,0.0,0.0,0.28571429,0.0,0.28571429,2.7984738499632593,0.0,0.14285714285714285,0.5,0.2,1.0,1.2140099525451662,-1.2140099525451662,3.2032179653644564,0.0,26.110195000390796,70.26842964483266,1.0,0.2,0.4,0.4,0.0,0.0,0.0,0.0,8.0,21.0,29.0,0.09084799885749817,-0.011687999591231346,0.10253600031137466,0.9919999837875366,0.10237400233745575,0.5884569883346558,0.9711999893188477,1.041200041770935,,0.0,1.0,0.09117259830236435,0.06321081570823259,1.0,0.0,0.79310345,93.82608696,0.20689655,91.0,,,,1.5268971920013428,-0.6765583157539368,,6.638683443484099,-11.27597192923228,,0.47058824,0.66666667,0.55172414,0.75,0.75,0.75,0.4137931,0.57142857,0.13793103,3.0,1.0,1.0,0.0,4.0,1.0,5.0,0.6,0.2,0.2,0.0,0.8,0.2,Shawn Armstrong,12857,1.3714887849454116,0.79310345,0.20689655,,,93.73477836277173,91.03333536783855,,,-4.137391131857167,1.4766666094462078,,,9.888695758322012,6.204999923706055,,,1.5690613389015198,-0.6765582896769047,,,6.822005821310956,-11.275971494615078,,,0.38461538,0.6875,0.55172414,0.6,0.81818182,0.75,0.55172414,,0.79310345,0.20689655,,93.98586107336956,91.24979654947917,,-3.234683492909307,2.5160115559895835,,8.72169892684273,4.888963381449382,,1.5690613389015198,-0.6765582896769047,,6.822005821310956,-11.275971494615078,0.38461538,0.6875,0.55172414,0.6,0.81818182,0.75,0.55172414,5.0,89.24000244140625,19.4,0.0,0.0,105.8,1.0,0.2,2019-07-30,0
21,@LAA,2,2019,BAL,A,28,0.0,0.0,0.0,1.0,0.0,0.0,0.0,0.0,0.0,0.0,1.2,6.0,1.0,0.0,0.0,0.0,0.0,0.0,0.0,0.0,0.0,0.0,0.0,0.0,5.399989314100431,0.0,0.0,0.0,2.0,4.0,0.0,2.0,0.0,0.0,0.0,0.0,0.0,0.0,7.798242582960266,0.0,0.16666666666666666,0.5999988126778256,0.16666666666666666,1.0,3.214009952545166,-3.214009952545166,7.988099735988331,0.0,67.72023367124812,173.9074830355306,0.5,0.0,0.33333333,0.66666667,0.5,0.0,0.0,0.0,13.0,17.0,30.0,0.14544999599456787,-0.050050001591444016,0.19550000131130219,0.9459999799728394,0.09343209862709045,1.50832998752594,1.4500000476837158,1.3200000524520874,0.8199999928474426,1.0,1.0,0.08972880244255066,0.006702348033443217,1.0,0.0,0.53333333,92.875,0.4,90.41666667,0.06666667,85.0,,0.5207772254943848,0.06308071315288544,0.3089633882045746,3.254857659339905,0.5256726096073787,15.44816941022873,0.21428571,0.6875,0.46666667,1.0,0.72727273,0.78571429,0.53333333,0.5,0.1,3.0,0.0,3.0,2.0,3.0,1.0,6.0,0.5,0.0,0.5,0.33333333,0.5,0.16666667,Shawn Armstrong,12857,-0.14060126102999385,0.56666667,0.36666667,0.06666667,,92.82352941176471,90.19090687144886,84.5999984741211,,-4.173529232249541,1.2090909264304421,3.6500000953674316,,9.190588558421416,5.912727355957031,0.2449999898672104,,0.46605850756168365,0.1019914373755455,0.2931554242968559,,2.741520632715786,0.9271948852322319,14.657771214842796,,0.08333333,0.72222222,0.46666667,1.0,0.76923077,0.78571429,0.6,0.06666667,0.53333333,0.4,84.58039855957031,92.98155975341797,90.39124552408855,4.457129955291748,-3.6113288402557373,1.979549725850423,-1.0105280876159668,8.297094345092773,4.716371854146321,0.2931554242968559,0.504969235509634,0.06308070942759514,14.657771214842796,3.1560577219352126,0.5256725785632927,0.08333333,0.72222222,0.46666667,1.0,0.76923077,0.78571429,0.6,6.0,79.61666870117188,44.5,0.0,0.0,90.3,0.0,0.0,2019-07-28,0
22,@LAA,2,2019,BAL,A,28,0.0,0.0,0.0,1.0,0.0,0.0,0.0,0.0,0.0,0.0,1.0,4.0,0.0,0.0,0.0,0.0,1.0,0.0,0.0,0.0,0.0,1.0,9.0,9.0,0.0,1.0,0.0,0.0,0.0,2.0,0.0,0.0,0.0,0.0,0.0,0.25,0.25,0.0,7.833325934886932,0.0,0.0,1.0,0.0,1.0,4.214009952545166,-4.214009952545166,8.192425978183746,0.0,88.52525300667678,178.3331259958268,0.0,0.0,0.0,1.0,0.0,0.0,2.0,18.0,8.0,11.0,19.0,0.016100000590085983,-0.0035499900113791227,0.01964999921619892,0.527999997138977,0.05214809998869896,0.20250000059604645,0.35499998927116394,0.35499998927116394,0.03500000014901161,1.0,1.0,0.03771119937300682,0.041794976146482615,0.0,0.0,0.57894737,94.0,0.42105263,90.25,,,,0.07082682847976685,0.4360504746437073,,0.6438802589069713,5.450630933046341,,0.22222222,0.7,0.47368421,0.5,0.71428571,0.66666667,0.52631579,0.5,0.15789474,0.0,2.0,0.0,1.0,1.0,0.0,2.0,0.0,1.0,0.0,0.5,0.5,0.0,Shawn Armstrong,12857,2.6892327257532345,0.57894737,0.42105263,,,93.97272283380681,90.375,,,-3.6618180708451704,2.418750047683716,,,9.841818376020951,5.106249809265137,,,0.07082682847976685,0.4360504597425461,,,0.6438802589069713,5.450630746781826,,,0.125,0.72727273,0.47368421,1.0,0.625,0.66666667,0.57894737,,0.57894737,0.42105263,,94.16258655894886,90.53173828125,,-2.8929391340775923,3.318026304244995,,8.753786260431463,4.007528781890869,,0.07082682847976685,0.4360504597425461,,0.6438802589069713,5.450630746781826,0.125,0.72727273,0.47368421,1.0,0.625,0.66666667,0.57894737,2.0,74.5,51.5,0.0,0.0,80.1,0.0,0.0,2019-07-26,0
23,@LAA,2,2019,BAL,A,28,0.0,0.0,54.00005632644807,1.0,0.0,0.0,0.0,0.0,1.0,0.0,0.1,3.0,0.0,2.0,2.0,0.0,2.0,0.0,0.0,0.0,0.0,0.0,0.0,54.00005632644807,0.0,0.0,0.0,0.0,0.0,0.0,1.0,0.0,0.0,0.0,0.0,0.0,0.66666667,-0.66666667,23.482909409366933,0.0,0.0,6.0000062584942295,0.0,0.0,21.214028728027856,32.78602759842021,21.214028728027856,1168.9114235116626,442.21097233324446,460.37699819950564,0.0,1.0,0.0,0.0,0.0,0.0,0.0,0.0,11.0,8.0,19.0,-0.03985000029206276,-0.13375000655651093,0.09390000253915787,-0.24400000274181366,-0.024098800495266914,3.411669969558716,1.2825000286102295,2.565000057220459,6.03000020980835,1.0,1.0,-0.022159399464726448,0.010478902626628952,0.0,0.0,0.78947368,94.26666667,0.21052632,90.5,,,,-0.16506551206111908,-0.20943742990493774,,-1.1004367470741272,-5.235935747623444,,0.08333333,0.57142857,0.26315789,1.0,1.0,1.0,0.36842105,0.33333333,0.0,0.0,0.0,1.0,0.0,1.0,0.0,1.0,0.0,0.0,1.0,0.0,1.0,0.0,Shawn Armstrong,12857,88.91376471377875,0.78947368,0.21052632,,,94.16000162760416,90.4749984741211,,,-3.605333455403646,2.4800000190734863,,,10.596666463216145,5.647500038146973,,,-0.122901301831007,-0.20943742245435715,,,-0.8193420122067134,-5.235935561358929,,,0.1,0.44444444,0.26315789,1.0,1.0,1.0,0.47368421,,0.78947368,0.21052632,,94.33295084635417,90.61177825927734,,-2.684020233154297,3.596714973449707,,9.583328247070312,4.37051248550415,,-0.122901301831007,-0.20943742245435715,,-0.8193420122067134,-5.235935561358929,0.1,0.44444444,0.26315789,1.0,1.0,1.0,0.47368421,1.0,86.9000015258789,20.0,0.0,0.0,86.9,0.0,0.0,2019-07-25,0
24,@ARI,2,2019,BAL,A,28,0.0,0.0,0.0,1.0,0.0,0.0,0.0,0.0,0.0,0.0,2.0,6.0,0.0,0.0,0.0,0.0,0.0,0.0,0.0,0.0,0.0,2.0,9.0,0.0,0.0,2.0,0.0,0.0,1.0,1.0,2.0,0.0,0.0,0.0,0.0,0.33333333,0.0,0.33333333,2.3291315218447104,0.0,0.0,0.0,0.0,1.0,1.2140099525451662,-1.2140099525451662,2.2086139589548113,0.0,26.110195000390796,48.725615702023106,1.0,0.5,0.25,0.25,0.0,0.0,0.0,0.0,6.0,20.0,26.0,0.024855999276041985,0.0,0.024855999276041985,1.062000036239624,0.10442499816417694,0.15993300080299377,0.2874000072479248,0.3580000102519989,,0.0,1.0,0.15873199701309204,-0.003316922255258148,0.0,0.0,0.53846154,95.64285714,0.34615385,92.33333333,0.11538462,85.33333333,,1.0526514053344727,0.5088310837745667,0.08891324698925018,7.518938609531947,5.653678708606296,2.963774899641673,0.41666667,0.85714286,0.65384615,0.8,0.83333333,0.82352941,0.53846154,0.5,0.11538462,0.0,2.0,2.0,1.0,3.0,0.0,4.0,0.0,0.5,0.5,0.25,0.75,0.0,Shawn Armstrong,12857,3.6944251364267595,0.53846154,0.34615385,0.11538462,,95.5142822265625,92.28888617621527,85.59999593098958,,-4.338571275983538,2.5688889821370444,5.113333384195964,,10.307856968470983,5.560000101725261,-1.1799999872843425,,1.094815582036972,0.5088310800492764,0.08891325071454048,,7.820111300264086,5.653678667214182,2.963775023818016,,0.42857143,0.73684211,0.65384615,0.66666667,0.85714286,0.82352941,0.73076923,0.11538462,0.53846154,0.34615385,85.75466918945312,95.73237827845982,92.49112277560764,5.847456614176433,-3.5234642028808594,3.655899895562066,-2.5853400230407715,9.184634617396764,4.468616485595703,0.08891325071454048,1.094815582036972,0.5088310800492764,2.963775023818016,7.820111300264086,5.653678667214182,0.33333333,0.75,0.65384615,1.0,0.8,0.82352941,0.76923077,4.0,82.2249984741211,18.25,0.0,0.0,96.2,1.0,0.25,2019-07-23,0
25,WSN,2,2019,BAL,H,28,0.0,0.0,13.500014081612017,1.0,0.0,0.0,0.0,0.0,0.0,0.0,0.2,3.0,1.0,1.0,1.0,0.0,0.0,0.0,0.0,1.0,1.0,2.0,27.000028163224034,0.0,13.500014081612017,2.0,1.0,0.0,1.0,0.0,0.0,0.0,1.0,0.0,0.0,0.66666667,0.0,0.66666667,0.03802038111915462,0.0,0.3333333333333333,1.5000015646235574,1.0,0.0,-2.785996305949063,16.28601038756108,-2.785996305949063,292.22785587791566,-57.11001254941731,-59.456091751661525,1.0,0.0,1.0,0.0,0.0,0.0,0.0,0.0,5.0,12.0,17.0,-0.07395999878644943,-0.09558799862861633,0.0216279998421669,-0.6930000185966492,-0.06452509760856628,0.5820800065994263,0.27799999713897705,0.5559999942779541,0.41600000858306885,1.0,1.0,-0.06226310133934021,-0.06479846742769521,0.0,1.0,0.41176471,94.0,0.52941176,90.66666667,0.05882353,85.0,,-0.5744869112968445,0.6809837818145752,0.0,-8.206955875669207,7.566486464606391,0.0,0.5,0.8,0.58823529,0.5,1.0,0.7,0.29411765,1.0,0.17647059,0.0,1.0,0.0,1.0,0.0,0.0,1.0,0.0,1.0,0.0,1.0,0.0,0.0,Shawn Armstrong,12857,-1.6003797104369561,0.47058824,0.47058824,0.05882353,,93.5875015258789,90.625,84.5999984741211,,-3.930000066757202,0.23749999701976776,5.28000020980835,,8.932499885559082,5.332499980926514,-0.10000000149011612,,-0.5983207747340202,0.7048176787793636,0.0,,-7.479009684175253,8.810220984742045,0.0,,0.5,0.71428571,0.58823529,0.6,0.8,0.7,0.41176471,0.05882353,0.41176471,0.52941176,84.62580108642578,94.09376743861607,90.78973388671875,6.610949993133545,-3.3408456529889787,1.2544479370117188,-1.3381999731063843,8.502052852085658,3.919926537407769,0.0,-0.5744869038462639,0.6809838078916073,0.0,-8.20695576923234,7.5664867543511924,0.5,0.71428571,0.58823529,0.6,0.8,0.7,0.41176471,1.0,74.9000015258789,-22.0,0.0,0.0,74.9,0.0,0.0,2019-07-16,0
26,TBR,2,2019,BAL,H,28,0.0,0.0,0.0,1.0,0.0,0.0,0.0,0.0,0.0,0.0,1.0,4.0,0.0,0.0,0.0,0.0,1.0,0.0,0.0,0.0,0.0,1.0,9.0,9.0,0.0,1.0,0.0,0.0,1.0,1.0,0.0,0.0,0.0,0.0,0.0,0.25,0.25,0.0,6.666950934886932,0.0,0.0,1.0,0.0,1.0,4.214009952545166,-4.214009952545166,6.203217965364456,0.0,88.52525300667678,135.24749811020772,1.0,0.0,0.5,0.5,0.0,0.0,1.0,9.0,8.0,15.0,23.0,0.004951999988406897,-0.0020280000753700733,0.00698000006377697,0.5730000138282776,0.0533519983291626,0.07980000227689743,0.07639999687671661,0.07639999687671661,,0.0,1.0,0.05103889852762222,0.0110162374011211,0.0,0.0,0.82608696,93.78947368,0.08695652,91.0,0.08695652,84.0,,0.39248764514923096,0.0,0.07420551031827927,2.0657244481538473,0.0,3.7102755159139633,0.27272727,1.0,0.65217391,1.0,0.91666667,0.93333333,0.52173913,0.5,0.04347826,1.0,0.0,1.0,0.0,1.0,1.0,2.0,0.5,0.0,0.5,0.0,0.5,0.5,Shawn Armstrong,12857,2.903854668993738,0.82608696,0.08695652,0.08695652,,93.76315789473684,90.5,84.0999984741211,,-4.608947352359169,0.7049999833106995,4.134999752044678,,9.626842298005757,4.065000057220459,0.7050000429153442,,0.43465185910463333,0.0,0.07420551031827927,,2.2876413637085964,0.0,3.7102755159139633,,0.2,1.0,0.65217391,1.0,0.92307692,0.93333333,0.56521739,0.08695652,0.82608696,0.08695652,84.16294860839844,93.91935007195724,90.6199951171875,5.18897008895874,-3.656445151881168,1.5792195796966553,-0.6327534914016724,8.61948675858347,3.213944911956787,0.07420551031827927,0.43465185910463333,0.0,3.7102755159139633,2.2876413637085964,0.0,0.2,1.0,0.65217391,1.0,0.92307692,0.93333333,0.56521739,2.0,95.0999984741211,-0.5,0.0,0.0,100.2,1.0,0.5,2019-07-14,0
27,TBR,2,2019,BAL,H,28,0.0,0.0,0.0,1.0,0.0,0.0,0.0,0.0,0.0,0.0,0.0,2.0,0.0,0.0,0.0,0.0,2.0,0.0,0.0,0.0,0.0,0.0,0.0,18.0,0.0,0.0,0.0,0.0,0.0,0.0,0.0,0.0,0.0,0.0,0.0,0.0,1.0,-1.0,,0.0,0.0,2.0,0.0,1.0,9.214009952545165,-9.214009952545165,9.214009952545165,0.0,192.5503496838201,200.46031766688034,0.0,0.0,0.0,0.0,0.0,0.0,0.0,0.0,8.0,7.0,15.0,-0.09481199830770493,-0.09481199830770493,0.0,-1.0210000276565552,-0.09506519883871078,1.2885299921035767,1.0460000038146973,1.0460000038146973,1.7899999618530273,1.0,1.0,-0.07688820362091064,0.003306681352328797,0.0,1.0,0.8,93.33333333,,,0.2,84.33333333,,-0.5434502959251404,,-0.10394636541604996,-4.528752466042837,,-3.4648788472016654,0.18181818,1.0,0.4,1.0,0.75,0.83333333,0.26666667,0.5,0.06666667,0.0,0.0,0.0,0.0,0.0,0.0,0.0,,,,,,,Shawn Armstrong,12857,551.4736905321479,0.8,,0.2,,93.35833740234375,,84.23333740234375,,-4.914999961853027,,4.369999885559082,,9.666666666666666,,0.7966666221618652,,-0.5434503182768822,,-0.10394636541604996,,-4.528752652307352,,-3.4648788472016654,,0.11111111,0.83333333,0.4,1.0,0.8,0.83333333,0.4,0.2,0.8,,84.26556905110677,93.45017496744792,,5.442040125528972,-3.958007494608561,,-0.4898671706517537,8.777430216471354,,-0.10394636541604996,-0.5434503182768822,,-3.4648788472016654,-4.528752652307352,,0.11111111,0.83333333,0.4,1.0,0.8,0.83333333,0.4,0.0,,,0.0,,,0.0,,2019-07-13,1
28,@TOR,2,2019,BAL,A,28,0.0,0.0,18.0,1.0,0.0,0.0,0.0,0.0,0.0,0.0,1.0,5.0,1.0,2.0,2.0,0.0,1.0,0.0,0.0,0.0,0.0,1.0,9.0,9.0,9.0,1.0,0.0,0.0,1.0,2.0,0.0,0.0,0.0,0.0,0.0,0.2,0.2,0.0,6.595215934886933,0.0,0.25,2.0,0.3333333333333333,0.0,4.214009952545166,13.785990047454835,8.192425978183746,389.63673474734486,88.52525300667678,178.3331259958268,0.5,0.0,0.33333333,0.66666667,0.0,0.0,0.0,0.0,10.0,10.0,20.0,0.022592000663280487,-0.030184000730514526,0.05277600139379501,0.296999990940094,0.028448300436139107,0.5389599800109863,0.43733298778533936,0.6384000182151794,0.6668000221252441,1.0,1.0,0.010412399657070637,0.03150537068057106,0.0,0.0,0.45,93.22222222,0.15,90.0,0.4,83.5,,-0.01872483268380165,0.171941339969635,-0.10941849648952484,-0.208053696486685,5.731377998987833,-1.3677312061190605,0.21428571,0.83333333,0.4,0.66666667,0.6,0.625,0.3,0.6,0.15,1.0,1.0,1.0,0.0,0.0,3.0,3.0,0.33333333,0.33333333,0.33333333,0.0,0.0,1.0,Shawn Armstrong,12857,2.3911733270848394,0.45,0.15,0.4,,93.23333062065973,89.63333129882812,83.5250015258789,,-3.2722223069932728,0.11666666467984517,6.027500152587891,,9.290000067816841,4.009999910990397,-0.38624998927116394,,-0.01872483268380165,0.1719413362443447,-0.10941849648952484,,-0.208053696486685,5.731377874811491,-1.3677312061190605,,0.16666667,0.75,0.4,0.5,0.66666667,0.625,0.4,0.4,0.45,0.15,83.62760925292969,93.44393581814236,89.7996317545573,6.92282772064209,-2.5024956597222223,1.026849667231242,-1.5051647424697876,8.277974446614584,2.675800005594889,-0.10941849648952484,-0.01872483268380165,0.1719413362443447,-1.3677312061190605,-0.208053696486685,5.731377874811491,0.16666667,0.75,0.4,0.5,0.66666667,0.625,0.4,3.0,99.0,20.0,1.0,0.33333333,108.9,2.0,0.66666667,2019-07-07,0
29,@TOR,2,2019,BAL,A,28,0.0,0.0,0.0,1.0,0.0,0.0,0.0,0.0,0.0,0.0,1.0,4.0,0.0,0.0,0.0,0.0,1.0,0.0,0.0,0.0,0.0,1.0,9.0,9.0,0.0,1.0,0.0,0.0,0.0,1.0,1.0,0.0,0.0,0.0,0.0,0.25,0.25,0.0,6.942638434886932,0.0,0.0,1.0,0.0,1.0,4.214009952545166,-4.214009952545166,6.203217965364456,0.0,88.52525300667678,135.24749811020772,0.0,0.5,0.0,0.5,0.0,0.0,0.0,0.0,7.0,7.0,14.0,0.0015760200330987573,-0.0001919719943543896,0.0017679999582469463,0.5509999990463257,0.05277780070900917,0.01730000041425228,0.03920000046491623,0.03920000046491623,,0.0,1.0,0.07645220309495926,0.014647218602186055,0.0,0.0,0.85714286,93.33333333,0.14285714,91.0,,,,0.26682084798812866,0.22732079029083252,,2.2235070665677386,11.366039514541626,,0.0,0.66666667,0.28571429,,0.75,0.75,0.42857143,0.75,0.07142857,0.0,1.0,1.0,0.0,0.0,2.0,2.0,0.0,0.5,0.5,0.0,0.0,1.0,Shawn Armstrong,12857,7.602954891476556,0.92857143,0.07142857,,,93.21538837139423,90.4000015258789,,,-4.7838460482083836,1.9500000476837158,,,9.456153869628906,4.809999942779541,,,0.27915986999869347,0.2571459710597992,,,2.147383615374565,25.71459710597992,,,0.0,0.57142857,0.28571429,,0.75,0.75,0.5,,0.85714286,0.14285714,,93.5100606282552,91.4095458984375,,-4.182507514953613,1.5863815546035767,,8.576002756754557,4.754605293273926,,0.30898505821824074,0.22732078284025192,,2.574875485152006,11.366039142012596,0.0,0.57142857,0.28571429,,0.75,0.75,0.5,2.0,101.5,22.5,1.0,0.5,104.5,2.0,1.0,2019-07-06,0
30,@TBR,2,2019,BAL,A,28,0.0,0.0,0.0,1.0,0.0,0.0,0.0,1.0,0.0,0.0,0.1,1.0,0.0,0.0,0.0,0.0,0.0,0.0,0.0,0.0,0.0,1.0,27.000028163224034,0.0,0.0,1.0,0.0,0.0,0.0,0.0,0.0,0.0,0.0,0.0,0.0,1.0,0.0,1.0,0.11357593488693318,0.0,0.0,0.0,0.0,1.0,-2.785996305949063,2.785996305949063,-2.785996305949063,0.0,-57.11001254941731,-59.456091751661525,0.0,0.0,0.0,0.0,0.0,0.0,0.0,0.0,3.0,4.0,7.0,0.045974001288414,0.0,0.045974001288414,0.5099999904632568,0.05128210037946701,1.628600001335144,0.814300000667572,1.628600001335144,,0.0,1.0,0.02822919934988022,-4.4707411831629296e-08,0.0,0.0,1.0,94.28571429,,,,,,0.27205246686935425,,,3.886463812419346,,,0.25,0.66666667,0.42857143,0.0,1.0,0.66666667,0.42857143,1.0,0.14285714,0.0,0.0,0.0,0.0,0.0,0.0,0.0,,,,,,,Shawn Armstrong,12857,-2.808632204174996,1.0,,,,94.27143205915179,,,,-3.5300001416887556,,,,11.202856881277901,,,,0.27205246314406395,,,,3.8864637592009137,,,,0.25,0.66666667,0.42857143,0.0,1.0,0.66666667,0.42857143,,1.0,,,94.50409807477679,,,-2.4318855830601285,,,10.179712568010602,,,0.27205246314406395,,,3.8864637592009137,,0.25,0.66666667,0.42857143,0.0,1.0,0.66666667,0.42857143,0.0,,,0.0,,,0.0,,2019-07-03,0
31,CLE,2,2019,BAL,H,28,0.0,0.0,6.750016696792419,1.0,0.0,0.0,0.0,0.0,0.0,0.0,1.1,7.0,3.0,1.0,1.0,0.0,0.0,0.0,0.0,1.0,0.0,1.0,6.750016696792419,0.0,20.250050090377258,1.0,0.0,0.0,1.0,4.0,1.0,0.0,0.0,0.0,0.0,0.14285714,0.0,0.14285714,6.02829027203979,0.0,0.42857142857142855,2.250005565597473,0.5,0.66666667,1.714006242146851,5.036010454645568,7.681645042112841,146.1141369571254,36.51262747319643,167.26976952390692,0.25,0.16666667,0.16666667,0.66666667,0.0,0.0,0.0,0.0,8.0,17.0,25.0,-0.08913999795913696,-0.16342000663280487,0.07428000122308731,-0.3779999911785126,-0.035195499658584595,0.8651000261306763,0.6458669900894165,0.7991999983787537,0.5591999888420105,1.0,1.0,-0.048442501574754715,-0.05459760392360308,0.0,1.0,0.72,93.83333333,0.28,91.85714286,,,,0.5322737693786621,-1.1128555536270142,,2.957076496548123,-15.897936480385916,,0.3,0.8,0.6,0.66666667,0.75,0.73333333,0.6,0.42857143,0.16,1.0,2.0,3.0,1.0,2.0,3.0,6.0,0.16666667,0.33333333,0.5,0.16666667,0.33333333,0.5,Shawn Armstrong,12857,1.9434283514928266,0.76,0.24,,,93.82631321957237,91.90000406901042,,,-4.692631370142887,0.9266666571299235,,,9.59947365208676,5.215000152587891,,,0.5355272330343723,-1.0739448070526123,,,2.818564384391433,-17.89908011754354,,,0.33333333,0.75,0.6,0.66666667,0.75,0.73333333,0.64,,0.72,0.28,,94.04092068142361,91.98236955915179,,-4.022333357069227,1.8045122964041573,,8.766724480523003,4.193422862461635,,0.5744379609823227,-1.1128555350005627,,3.1913220054573483,-15.897936214293754,0.3,0.8,0.6,0.66666667,0.75,0.73333333,0.6,6.0,89.23333740234375,29.333333333333332,0.0,0.0,102.8,2.0,0.33333333,2019-06-30,0
32,SDP,2,2019,BAL,H,28,0.0,0.0,13.5,1.0,0.0,0.0,0.0,0.0,0.0,0.0,2.0,9.0,2.0,3.0,3.0,2.0,0.0,0.0,1.0,0.0,0.0,3.0,13.5,0.0,9.0,3.0,0.0,0.0,0.0,4.0,0.0,0.0,0.0,1.0,0.0,0.33333333,0.0,0.33333333,3.5586129889498954,9.0,0.25,1.0,0.0,0.0,14.714009952545165,-1.2140099525451653,5.6924259781837465,292.22755106050863,306.97795602867774,124.18390227468095,0.0,0.0,0.0,1.0,0.0,0.5,1.0,4.5,12.0,18.0,30.0,-0.20692400634288788,-0.31171199679374695,0.10478799790143967,-2.4539999961853027,-0.22849200665950775,0.6681600213050842,0.8306670188903809,1.5,0.25279998779296875,1.0,1.0,-0.15531499683856964,-0.1543772920516177,0.0,1.0,0.76666667,93.2173913,0.16666667,89.8,0.06666667,85.0,,0.7448025941848755,-0.9666561484336853,-1.267014980316162,3.2382721486298935,-19.333122968673706,-63.350749015808105,0.23529412,0.69230769,0.43333333,1.0,0.44444444,0.61538462,0.43333333,0.66666667,0.16666667,1.0,2.0,2.0,1.0,2.0,2.0,5.0,0.2,0.4,0.4,0.2,0.4,0.4,Shawn Armstrong,12857,17.15297482333915,0.76666667,0.16666667,0.06666667,,93.14348038383152,89.74000244140625,85.0999984741211,,-4.864782582158628,1.0819999694824218,4.409999847412109,,9.30391328231148,5.4,3.2899999618530273,,0.7448025718331337,-0.9666561484336853,-1.2670149952173233,,3.2382720514484076,-19.333122968673706,-63.350749760866165,,0.25,0.64285714,0.43333333,0.75,0.55555556,0.61538462,0.46666667,0.06666667,0.76666667,0.16666667,85.05929565429688,93.25719684103261,89.7907958984375,5.262895107269287,-3.8240824160368545,1.996702003479004,2.2752199172973633,8.302056354025137,4.378406143188476,-1.2670149952173233,0.7448025718331337,-0.9666561484336853,-63.350749760866165,3.2382720514484076,-19.333122968673706,0.23529412,0.69230769,0.43333333,0.75,0.55555556,0.61538462,0.43333333,5.0,97.2249984741211,35.25,2.0,0.4,105.1,2.0,0.4,2019-06-26,0
33,@SEA,2,2019,BAL,A,28,0.0,0.0,0.0,1.0,0.0,0.0,0.0,0.0,0.0,0.0,2.0,8.0,0.0,0.0,0.0,0.0,2.0,0.0,0.0,0.0,0.0,3.0,13.5,9.0,0.0,1.5,0.0,0.0,0.0,3.0,0.0,0.0,0.0,0.0,0.0,0.375,0.25,0.125,5.718122809886933,0.0,0.0,1.0,0.0,1.0,3.214009952545166,-3.214009952545166,6.197821971774101,0.0,67.72023367124812,135.1306225645589,0.0,0.0,0.0,1.0,0.0,0.0,1.0,4.5,15.0,18.0,33.0,0.07401999831199646,-0.030899999663233757,0.10491999983787537,1.0219999551773071,0.1032319962978363,0.6514999866485596,0.6349999904632568,0.5099999904632568,0.5400000214576721,1.0,1.0,0.08903360366821289,0.024581131295588837,1.0,0.0,0.57575758,93.84210526,0.39393939,90.84615385,0.03030303,85.0,,0.6593892574310303,0.40824267268180847,-0.03891072794795036,3.4704697759527914,3.1403282513985267,-3.8910727947950363,0.0,0.6875,0.33333333,,0.72727273,0.72727273,0.48484848,0.375,0.09090909,1.0,1.0,1.0,0.0,2.0,1.0,3.0,0.33333333,0.33333333,0.33333333,0.0,0.66666667,0.33333333,Shawn Armstrong,12857,2.005377586177496,0.60606061,0.36363636,0.03030303,,93.79000244140624,90.83333333333333,84.9000015258789,,-4.52400016784668,1.4733333587646484,5.360000133514404,,9.511000061035157,5.53000005086263,-0.1599999964237213,,0.6349393576383591,0.4590488374233246,-0.03891072794795036,,3.174696788191796,3.8254069785277047,-3.8910727947950363,,0.0,0.61111111,0.33333333,,0.72727273,0.72727273,0.54545455,0.03030303,0.57575758,0.39393939,85.06420135498047,94.1303646689967,91.14633413461539,6.544869899749756,-3.923769097579153,2.103149707500751,-1.4626200199127197,8.685950028268914,4.547580718994141,-0.03891072794795036,0.6857455149292946,0.40824268013238907,-3.8910727947950363,3.6091869206804983,3.1403283087106852,0.0,0.61111111,0.33333333,,0.72727273,0.72727273,0.54545455,3.0,88.83333333333333,44.333333333333336,0.0,0.0,101.0,1.0,0.33333333,2019-06-21,0
34,@OAK,2,2019,BAL,A,28,0.0,0.0,36.0,1.0,0.0,0.0,0.0,0.0,0.0,0.0,1.0,8.0,4.0,4.0,4.0,0.0,0.0,0.0,0.0,0.0,0.0,2.0,18.0,0.0,36.0,2.0,0.0,0.0,3.0,1.0,2.0,0.0,0.0,0.0,0.0,0.25,0.0,0.25,2.6178884348869325,0.0,0.5,4.0,0.6666666666666666,0.0,-0.7859900474548338,36.78599004745483,1.2032179653644564,779.2734694946897,-15.499843670466529,26.94905066791596,3.0,0.33333333,0.5,0.16666667,0.0,0.0,1.0,9.0,10.0,19.0,29.0,-0.2111479938030243,-0.2698439955711365,0.05869600176811218,-2.486999988555908,-0.24969899654388428,0.8100000023841858,0.8026000261306763,0.8411999940872192,0.7211999893188477,1.0,1.0,-0.22508999705314636,-0.03558653773885734,0.0,1.0,0.37931034,93.18181818,0.44827586,89.92307692,0.17241379,84.6,,-1.4706897735595703,0.0003240033984184265,-0.08615481853485107,-13.369907032359729,0.0024923338339878963,-1.7230963706970213,0.25,0.92307692,0.55172414,0.5,0.75,0.6875,0.44827586,0.625,0.17241379,3.0,2.0,1.0,0.0,1.0,5.0,6.0,0.5,0.33333333,0.16666667,0.0,0.16666667,0.83333333,Shawn Armstrong,12857,3.052813758665424,0.48275862,0.34482759,0.17241379,,92.81428745814732,89.57999877929687,84.35999755859375,,-4.692856924874442,0.5630000114440918,5.295999908447266,,9.565714154924665,5.5279998779296875,-1.0300000190734864,,-1.5010939612984657,0.030728179961442947,-0.043990608304739,,-10.72209972356047,0.3072817996144295,-0.8798121660947799,,0.25,0.92307692,0.55172414,0.75,0.66666667,0.6875,0.44827586,0.17241379,0.37931034,0.44827586,84.42005615234375,93.43544699928977,90.0172588641827,6.461704254150391,-4.327410958030007,1.086699705857497,-2.116156005859375,9.274300315163352,4.766106825608474,-0.043990608304739,-1.4706897847354412,0.0003240033984184265,-0.8798121660947799,-13.369907133958556,0.0024923338339878963,0.26666667,0.85714286,0.55172414,0.75,0.66666667,0.6875,0.48275862,6.0,95.26666259765625,10.0,1.0,0.16666667,111.1,4.0,0.66666667,2019-06-19,0
35,BOS,2,2019,BAL,H,28,0.0,0.0,0.0,1.0,0.0,0.0,0.0,0.0,0.0,0.0,1.1,6.0,1.0,0.0,0.0,0.0,1.0,0.0,0.0,0.0,0.0,1.0,6.750016696792419,6.750016696792419,6.750016696792419,1.0,0.0,0.0,2.0,1.0,1.0,0.0,0.0,0.0,0.0,0.16666667,0.16666667,0.0,5.934325943396933,0.0,0.2,1.5000037103983153,0.25,1.0,3.964011807744324,-3.964011807744324,5.455921507735821,0.0,83.32403677027396,119.06128888214658,2.0,0.25,0.5,0.25,0.0,0.0,0.0,0.0,7.0,12.0,19.0,0.06789600104093552,-0.041600000113248825,0.10949599742889404,0.621999979019165,0.05791430175304413,0.9047330021858215,0.9279999732971191,0.7991999983787537,0.9724000096321106,1.0,1.0,0.04558910056948662,0.02945624526945126,1.0,0.0,0.68421053,92.69230769,0.26315789,89.2,0.05263158,82.0,,0.3485865592956543,0.04743422940373421,-0.04190467298030853,2.681435071505033,0.948684588074684,-4.190467298030853,0.0,1.0,0.63157895,,0.66666667,0.66666667,0.63157895,0.66666667,0.21052632,1.0,1.0,2.0,1.0,3.0,0.0,4.0,0.25,0.25,0.5,0.25,0.75,0.0,Shawn Armstrong,12857,4.93417460180672,0.68421053,0.26315789,0.05263158,,92.56923264723558,89.4,82.30000305175781,,-3.8561539283165565,0.8220000267028809,6.949999809265137,,9.20923086313101,5.5180000305175785,-1.7699999809265137,,0.3485865592956543,0.04743422940373421,-0.04190467298030853,,2.681435071505033,0.948684588074684,-4.190467298030853,,0.0,0.92307692,0.63157895,,0.66666667,0.66666667,0.68421053,0.05263158,0.68421053,0.26315789,82.35220336914062,92.67628831129808,89.45225830078125,7.708940029144287,-2.840040060190054,1.9517690658569335,-2.7327699661254883,8.233511117788462,4.391682052612305,-0.04190467298030853,0.3485865592956543,0.04743422940373421,-4.190467298030853,2.681435071505033,0.948684588074684,0.0,1.0,0.63157895,,0.66666667,0.66666667,0.63157895,4.0,79.5,13.5,0.0,0.0,87.6,0.0,0.0,2019-06-16,0
36,BOS,2,2019,BAL,H,28,0.0,0.0,0.0,1.0,0.0,0.0,0.0,0.0,0.0,0.0,0.2,3.0,0.0,0.0,0.0,0.0,1.0,0.0,0.0,0.0,0.0,2.0,27.000028163224034,13.500014081612017,0.0,2.0,0.0,0.0,0.0,0.0,0.0,0.0,0.0,0.0,0.0,0.66666667,0.33333333,0.33333334,4.998909176640265,0.0,0.0,1.5000015646235574,0.0,1.0,1.7140083879216093,-1.7140083879216093,1.7140083879216093,0.0,36.51267211608176,38.01261261418231,0.0,0.0,0.0,0.0,0.0,0.0,0.0,0.0,8.0,10.0,18.0,0.025019999593496323,-0.009688000194728374,0.03470800071954727,0.3869999945163727,0.036033499985933304,0.5303999781608582,0.5004000067710876,0.3628000020980835,0.44920000433921814,1.0,1.0,0.02961149998009205,0.017560446897153734,0.0,0.0,0.61111111,92.54545455,0.27777778,89.0,0.11111111,82.0,,0.3713822662830353,-0.13216662406921387,0.006662242114543915,3.376202420754866,-2.6433324813842773,0.33311210572719574,0.18181818,0.42857143,0.27777778,0.0,1.0,0.6,0.38888889,0.33333333,0.11111111,0.0,0.0,0.0,0.0,0.0,0.0,0.0,,,,,,,Shawn Armstrong,12857,1.590433783825593,0.61111111,0.27777778,0.11111111,,92.68181818181819,88.84000244140626,81.94999694824219,,-4.126363580877131,1.6880001068115233,6.885000228881836,,9.83909121426669,5.086000061035156,-1.7899999618530273,,0.3713822551071644,-0.13216663151979446,0.006662242114543915,,3.37620231915604,-2.6433326303958893,0.33311210572719574,,0.22222222,0.33333333,0.27777778,0.0,1.0,0.6,0.5,0.11111111,0.61111111,0.27777778,82.01090240478516,92.85355446555398,88.97484130859375,7.873425006866455,-3.130170995538885,2.5104019165039064,-3.1352648735046387,8.714347839355469,4.152780151367187,0.006662242114543915,0.3713822551071644,-0.13216663151979446,0.33311210572719574,3.37620231915604,-2.6433326303958893,0.22222222,0.33333333,0.27777778,0.0,1.0,0.6,0.5,0.0,,,0.0,,,0.0,,2019-06-15,0
37,TOR,2,2019,BAL,H,28,0.0,0.0,0.0,1.0,0.0,0.0,0.0,0.0,1.0,0.0,2.0,6.0,0.0,0.0,0.0,0.0,0.0,0.0,0.0,0.0,0.0,3.0,13.5,0.0,0.0,3.0,0.0,0.0,1.0,2.0,0.0,1.0,0.0,0.0,0.0,0.5,0.0,0.5,1.103159272755266,0.0,0.0,0.0,0.0,1.0,0.2140099525451662,-0.2140099525451662,2.2032179653644564,0.0,5.305175664962135,48.60874015637431,0.5,0.0,0.33333333,0.66666667,0.5,0.0,0.0,0.0,8.0,20.0,28.0,0.14861199259757996,0.0,0.14861199259757996,1.1460000276565552,0.1067039966583252,0.9335330128669739,1.3214000463485718,1.2532000541687012,1.5291999578475952,1.0,1.0,0.15969599783420563,-0.0005029210503674497,1.0,0.0,0.46428571,93.69230769,0.39285714,88.90909091,0.14285714,82.5,,0.9443586468696594,0.6404542326927185,0.04804861918091774,7.264297283612765,5.822311206297441,1.2012154795229435,0.38461538,0.8,0.60714286,0.2,0.66666667,0.52941176,0.53571429,0.66666667,0.28571429,2.0,1.0,0.0,1.0,2.0,0.0,3.0,0.66666667,0.33333333,0.0,0.33333333,0.66666667,0.0,Shawn Armstrong,12857,-1.5568377584382143,0.46428571,0.39285714,0.14285714,,93.61538461538461,89.01818292791194,82.375,,-4.70923086313101,2.527272657914595,7.510000228881836,,10.084615854116587,4.6145453019575635,-1.6825000047683716,,0.98652283847332,0.6404542289674282,0.04804861918091774,,7.5886372190255384,5.822311172431165,1.2012154795229435,,0.36363636,0.76470588,0.60714286,0.25,0.61538462,0.52941176,0.60714286,0.14285714,0.46428571,0.39285714,82.50867462158203,93.79264009915866,89.15882457386364,8.270282745361328,-3.9647369384765625,3.4205582358620386,-2.659752607345581,9.219019376314604,3.7164154052734375,0.04804861918091774,0.98652283847332,0.6404542289674282,1.2012154795229435,7.5886372190255384,5.822311172431165,0.44444444,0.68421053,0.60714286,0.25,0.61538462,0.52941176,0.67857143,3.0,91.66666666666667,29.333333333333332,0.0,0.0,106.7,1.0,0.33333333,2019-06-11,0
38,@HOU,2,2019,BAL,A,28,0.0,0.0,0.0,1.0,0.0,0.0,0.0,0.0,0.0,0.0,1.0,4.0,0.0,0.0,0.0,0.0,0.0,0.0,1.0,0.0,0.0,2.0,18.0,0.0,0.0,2.0,0.0,0.0,1.0,0.0,0.0,0.0,0.0,0.0,0.0,0.5,0.0,0.5,0.7754509348869325,0.0,0.0,0.0,0.0,1.0,2.214009952545166,-2.214009952545166,2.214009952545166,0.0,46.91521433581946,48.84249124767191,1.0,0.0,1.0,0.0,0.0,0.0,0.0,0.0,9.0,10.0,19.0,0.08905000239610672,-0.0560000017285347,0.14505000412464142,0.5170000195503235,0.05182959884405136,1.8279999494552612,1.5130000114440918,1.5130000114440918,1.812999963760376,1.0,1.0,0.03910519927740097,0.009609245393477364,1.0,0.0,0.52631579,92.9,0.36842105,89.28571429,0.10526316,82.5,,-0.10999097675085068,0.6504079103469849,0.03547883778810501,-1.0999097675085068,9.291541576385498,1.7739418894052505,0.16666667,0.57142857,0.31578947,0.5,0.5,0.5,0.36842105,0.75,0.15789474,1.0,0.0,0.0,0.0,1.0,0.0,1.0,1.0,0.0,0.0,0.0,1.0,0.0,Shawn Armstrong,12857,1.5297793941521498,0.52631579,0.36842105,0.10526316,,92.90999755859374,89.11428397042411,82.3499984741211,,-3.8310001373291014,2.4014284951346263,7.985000133514404,,9.429000091552734,5.0328570774623325,-1.2049999237060547,,-0.10999097675085068,0.6504079252481461,0.03547883778810501,,-1.0999097675085068,9.29154178925923,1.7739418894052505,,0.2,0.44444444,0.31578947,0.5,0.5,0.5,0.47368421,0.10526316,0.52631579,0.36842105,82.36845397949219,92.97938842773438,89.13900320870536,9.11596965789795,-2.7704999923706053,3.2131374904087613,-2.7954201698303223,8.35382537841797,3.9076429094587053,0.03547883778810501,-0.10999097675085068,0.6504079252481461,1.7739418894052505,-1.0999097675085068,9.29154178925923,0.18181818,0.5,0.31578947,0.5,0.5,0.5,0.42105263,1.0,69.30000305175781,-27.0,0.0,0.0,69.3,0.0,0.0,2019-06-07,0
39,@TEX,2,2019,BAL,A,28,0.0,0.0,0.0,1.0,0.0,0.0,0.0,0.0,0.0,0.0,1.0,4.0,0.0,0.0,0.0,0.0,1.0,0.0,0.0,0.0,0.0,0.0,0.0,9.0,0.0,0.0,0.0,0.0,1.0,1.0,1.0,1.0,0.0,0.0,0.0,0.0,0.25,-0.25,10.227075934886932,0.0,0.0,1.0,0.0,1.0,6.214009952545166,-6.214009952545166,8.203217965364455,0.0,130.1352916775341,178.5668770871244,1.0,0.33333333,0.33333333,0.33333333,1.0,0.0,0.0,0.0,8.0,8.0,16.0,0.0575999990105629,-0.030939999967813492,0.08854000270366669,0.656000018119812,0.05535870045423508,1.127500057220459,0.8820000290870667,0.8820000290870667,0.6700000166893005,1.0,1.0,0.03866250067949295,0.012423970351435276,0.0,0.0,0.5,93.125,0.25,87.25,0.25,82.0,,0.024808146059513092,-0.06547358632087708,0.5376284718513489,0.31010182574391365,-1.6368396580219269,13.440711796283722,0.0,0.5,0.25,,1.0,1.0,0.5,0.5,0.0,1.0,1.0,1.0,1.0,1.0,1.0,3.0,0.33333333,0.33333333,0.33333333,0.33333333,0.33333333,0.33333333,Shawn Armstrong,12857,8.42359867129781,0.5,0.25,0.25,,93.0,87.4000015258789,82.125,,-4.466249942779541,2.565000057220459,5.942500114440918,,10.428750038146973,4.769999980926514,-0.4749999940395355,,0.024808146059513092,-0.06547358259558678,0.5376284494996071,,0.31010182574391365,-1.6368395648896694,13.440711237490177,,0.0,0.44444444,0.25,,1.0,1.0,0.5625,0.25,0.5,0.25,82.20034790039062,93.15536499023438,87.47337341308594,7.020959854125977,-3.2905261516571045,3.807529926300049,-1.788238525390625,9.38149356842041,3.6871299743652344,0.5376284494996071,0.024808146059513092,-0.06547358259558678,13.440711237490177,0.31010182574391365,-1.6368395648896694,0.0,0.44444444,0.25,,1.0,1.0,0.5625,3.0,70.56666564941406,29.0,0.0,0.0,81.0,0.0,0.0,2019-06-05,0
40,@TEX,2,2019,BAL,A,28,0.0,0.0,0.0,1.0,0.0,0.0,0.0,0.0,0.0,0.0,1.0,6.0,2.0,1.0,0.0,0.0,0.0,0.0,0.0,0.0,0.0,2.0,18.0,0.0,18.0,2.0,0.0,0.0,3.0,0.0,1.0,0.0,0.0,0.0,0.0,0.33333333,0.0,0.33333333,0.8092981799197104,0.0,0.3333333333333333,2.0,0.5,0.5,-0.7859900474548338,0.7859900474548338,-0.7859900474548338,0.0,-15.499843670466529,-16.136577217703145,3.0,0.25,0.75,0.0,0.0,0.0,1.0,9.0,9.0,21.0,30.0,0.0044000400230288506,-0.01558000035583973,0.01998000033199787,-0.3440000116825104,-0.029029499739408493,0.1763329952955246,0.1340000033378601,0.1340000033378601,0.057999998331069946,1.0,1.0,-0.0533985011279583,0.07835151695834569,0.0,0.0,0.63333333,94.47368421,0.13333333,89.75,0.23333333,83.0,,0.4300183057785034,-0.08063134551048279,-0.8124135732650757,2.263254240939492,-2.0157836377620697,-11.605908189501081,0.33333333,0.72222222,0.56666667,0.5,0.84615385,0.76470588,0.6,0.66666667,0.13333333,2.0,0.0,2.0,0.0,2.0,2.0,4.0,0.5,0.0,0.5,0.0,0.5,0.5,Shawn Armstrong,12857,1.5834696271652036,0.63333333,0.13333333,0.23333333,,94.35262900904605,89.67500305175781,82.9857177734375,,-3.3231578626130758,3.552500009536743,8.375714438302177,,9.662105359529194,4.057499885559082,-2.455714362008231,,0.430018313229084,-0.08063134551048279,-0.8124135732650757,,2.2632542801530735,-2.0157836377620697,-11.605908189501081,,0.25,0.77777778,0.56666667,0.33333333,0.85714286,0.76470588,0.6,0.23333333,0.63333333,0.13333333,83.03171212332589,94.50667531866776,89.75735473632812,9.208238874162946,-2.3509417082134045,4.393932342529297,-3.8128555842808316,8.624657881887336,3.3182849884033203,-0.8124135732650757,0.430018313229084,-0.08063134551048279,-11.605908189501081,2.2632542801530735,-2.0157836377620697,0.23076923,0.82352941,0.56666667,0.33333333,0.85714286,0.76470588,0.56666667,4.0,84.5,-3.5,0.0,0.0,96.5,1.0,0.25,2019-06-04,0
41,DET,2,2019,BAL,H,28,0.0,0.0,0.0,1.0,0.0,0.0,0.0,1.0,0.0,0.0,1.0,4.0,0.0,0.0,0.0,0.0,1.0,0.0,0.0,0.0,0.0,1.0,9.0,9.0,0.0,1.0,0.0,0.0,0.0,2.0,0.0,0.0,0.0,0.0,0.0,0.25,0.25,0.0,7.833325934886932,0.0,0.0,1.0,0.0,1.0,4.214009952545166,-4.214009952545166,8.192425978183746,0.0,88.52525300667678,178.3331259958268,0.0,0.0,0.0,1.0,0.0,0.0,0.0,0.0,9.0,11.0,20.0,0.16283999383449554,-0.16453200578689575,0.3273720145225525,0.9729999899864197,0.09059590101242065,3.623840093612671,1.4648000001907349,2.9296000003814697,,0.0,1.0,0.02420789934694767,0.020727856544024176,1.0,0.0,0.65,92.30769231,0.05,88.0,0.3,82.66666667,,-0.05357480049133301,-0.10435162484645844,0.6648037433624268,-0.41211384993333083,-10.435162484645844,11.08006238937378,0.21428571,0.83333333,0.4,0.66666667,1.0,0.875,0.3,0.75,0.05,0.0,0.0,2.0,1.0,1.0,0.0,2.0,0.0,0.0,1.0,0.5,0.5,0.0,Shawn Armstrong,12857,2.6892327257532345,0.65,0.05,0.3,,92.16153658353366,87.80000305175781,82.56667073567708,,-4.898461561936599,1.1200000047683716,6.993333180745442,,9.616922818697416,6.039999961853027,-1.668333371480306,,-0.05357480049133301,-0.10435162484645844,0.664803721010685,,-0.41211384993333083,-10.435162484645844,11.08006201684475,,0.27272727,0.55555556,0.4,0.66666667,1.0,0.875,0.45,0.3,0.65,0.05,82.69153340657552,92.36941293569711,87.90149688720703,7.719200134277344,-4.011231642503005,1.6360499858856201,-2.901911735534668,8.606110206017128,5.064169883728027,0.664803721010685,-0.05357480049133301,-0.10435162484645844,11.08006201684475,-0.41211384993333083,-10.435162484645844,0.27272727,0.55555556,0.4,0.66666667,1.0,0.875,0.45,2.0,81.55000305175781,44.5,0.0,0.0,91.1,0.0,0.0,2019-05-27,0
42,@COL,2,2019,BAL,A,28,0.0,0.0,0.0,1.0,0.0,0.0,0.0,0.0,1.0,0.0,0.1,3.0,1.0,0.0,0.0,0.0,1.0,0.0,0.0,0.0,0.0,0.0,0.0,27.000028163224034,27.000028163224034,0.0,0.0,0.0,1.0,0.0,1.0,0.0,0.0,0.0,0.0,0.0,0.33333333,-0.33333333,11.36868696950249,0.0,0.5,6.0000062584942295,0.5,1.0,12.214019340286512,-12.214019340286512,12.214019340286512,0.0,254.9656030022463,265.43958946781794,1.0,0.5,0.5,0.0,0.0,0.0,0.0,0.0,6.0,5.0,11.0,-0.08533599972724915,-0.1991720050573349,0.11383599787950516,-0.4050000011920929,-0.03316950052976608,2.9031999111175537,2.5471999645233154,2.5471999645233154,4.8592000007629395,1.0,1.0,-0.03421799838542938,0.00482422519038956,0.0,1.0,0.63636364,93.28571429,0.09090909,89.0,0.27272727,82.66666667,,-0.6448327302932739,-0.050806157290935516,-0.11305829882621765,-9.21189614704677,-5.080615729093552,-3.768609960873922,0.0,0.75,0.27272727,,1.0,1.0,0.36363636,0.33333333,0.0,1.0,0.0,1.0,0.0,2.0,0.0,2.0,0.5,0.0,0.5,0.0,1.0,0.0,Shawn Armstrong,12857,17.826958294479162,0.63636364,0.09090909,0.27272727,,93.17143031529018,88.69999694824219,82.90000406901042,,-3.218571526663644,1.1200000047683716,5.1566667556762695,,8.247142791748047,4.820000171661377,-2.050000031789144,,-0.6026685312390327,-0.050806157290935516,-0.11305829510092735,,-8.609550446271896,-5.080615729093552,-3.7686098366975784,,0.0,0.6,0.27272727,,1.0,1.0,0.45454545,0.27272727,0.63636364,0.09090909,82.84670003255208,93.25382777622768,88.68389892578125,5.562629699707031,-2.610762459891183,1.5306099653244019,-2.8183698654174805,7.53395026070731,4.490489959716797,-0.11305829510092735,-0.6026685312390327,-0.050806157290935516,-3.7686098366975784,-8.609550446271896,-5.080615729093552,0.0,0.6,0.27272727,,1.0,1.0,0.45454545,2.0,106.44999694824219,3.0,0.0,0.0,110.2,2.0,1.0,2019-05-26,0
43,@COL,2,2019,BAL,A,28,0.0,0.0,54.00005632644807,1.0,0.0,0.0,0.0,0.0,0.0,1.0,0.1,4.0,3.0,2.0,2.0,2.0,0.0,0.0,0.0,0.0,0.0,0.0,0.0,0.0,81.0000844896721,0.0,0.0,0.0,0.0,3.0,1.0,0.0,0.0,0.0,0.0,0.0,0.0,0.0,10.976575934886933,54.00005632644807,0.75,9.000009387741345,0.5,1.0,81.21409131297015,-27.214034986522087,21.116900742089083,1168.9114235116626,1690.5134345398988,458.2732361834324,0.0,0.25,0.0,0.75,0.0,0.66666667,0.0,0.0,5.0,8.0,13.0,-0.3699040114879608,-0.4165399968624115,0.04663600027561188,-2.7009999752044678,-0.2212119996547699,1.1049000024795532,0.5105999708175659,1.0211999416351318,1.850000023841858,1.0,1.0,-0.3832930028438568,0.0485079447772051,0.0,1.0,0.53846154,92.71428571,0.07692308,87.0,0.38461538,82.8,,-1.5184166431427002,-1.2814534902572632,-0.15512710809707642,-21.69166633061,-128.14534902572632,-3.1025421619415283,0.28571429,0.66666667,0.46153846,0.5,1.0,0.83333333,0.46153846,0.5,0.07692308,2.0,1.0,1.0,0.0,0.0,4.0,4.0,0.5,0.25,0.25,0.0,0.0,1.0,Shawn Armstrong,12857,68.36252468983955,0.53846154,,0.46153846,,92.61428397042411,,83.36666870117188,,-3.3399998801095143,,6.148333231608073,,8.50857162475586,,-1.1966666380564372,,-1.5184166729450226,,-1.43658060207963,,-21.691666756357467,,-23.943010034660496,,0.2,0.625,0.46153846,0.0,1.0,0.83333333,0.61538462,0.38461538,0.53846154,0.07692308,82.74478149414062,92.70615931919643,86.5271987915039,7.363610076904297,-2.7539710998535156,4.405089855194092,-2.935922050476074,7.784537179129464,1.1163100004196167,-0.15512711182236671,-1.5184166729450226,-1.2814534902572632,-3.1025422364473343,-21.691666756357467,-128.14534902572632,0.2,0.625,0.46153846,0.0,1.0,0.83333333,0.61538462,4.0,103.1500015258789,23.75,2.0,0.5,108.2,4.0,1.0,2019-05-24,0
44,NYY,2,2019,BAL,H,28,0.0,0.0,0.0,1.0,0.0,0.0,0.0,0.0,0.0,0.0,1.0,4.0,0.0,0.0,0.0,0.0,1.0,0.0,0.0,0.0,0.0,0.0,0.0,9.0,0.0,0.0,0.0,0.0,2.0,1.0,0.0,1.0,0.0,0.0,0.0,0.0,0.25,-0.25,9.629200934886931,0.0,0.0,1.0,0.0,1.0,6.214009952545166,-6.214009952545166,8.203217965364455,0.0,130.1352916775341,178.5668770871244,2.0,0.0,0.66666667,0.33333333,1.0,0.0,0.0,0.0,8.0,9.0,17.0,0.02247600071132183,-0.0050559998489916325,0.027532000094652176,0.5730000138282776,0.0533519983291626,0.3009999990463257,0.35600000619888306,0.35600000619888306,,0.0,1.0,0.05719419941306114,0.017476899532233678,0.0,0.0,0.64705882,92.63636364,0.11764706,86.5,0.23529412,82.0,,-0.42844370007514954,0.7282015085220337,0.2484574317932129,-3.8949427279559052,36.410075426101685,6.211435794830322,0.33333333,0.8,0.47058824,0.75,0.75,0.75,0.29411765,0.25,0.11764706,2.0,0.0,1.0,1.0,2.0,0.0,3.0,0.66666667,0.0,0.33333333,0.33333333,0.66666667,0.0,Shawn Armstrong,12857,3.400238423366307,0.64705882,0.11764706,0.23529412,,92.60000332919034,86.5,81.80000305175781,,-4.470909118652344,4.005000114440918,9.565000534057617,,10.547273115678268,4.775000095367432,-1.534999966621399,,-0.42844370752573013,0.7123935520648956,0.2484574280679226,,-3.894942795688456,35.61967760324478,6.211435701698065,,0.33333333,0.8,0.47058824,0.75,0.75,0.75,0.29411765,0.23529412,0.64705882,0.11764706,81.99784851074219,92.8944258256392,86.74414825439453,10.35028076171875,-3.7147844487970527,4.989429950714111,-2.868844985961914,9.482085488059305,3.7442150115966797,0.2484574280679226,-0.42844370752573013,0.7123935520648956,6.211435701698065,-3.894942795688456,35.61967760324478,0.27272727,0.83333333,0.47058824,0.66666667,0.8,0.75,0.35294118,3.0,84.33333333333333,21.333333333333332,0.0,0.0,97.9,1.0,0.33333333,2019-05-22,0
45,NYY,2,2019,BAL,H,28,0.0,0.0,0.0,1.0,0.0,0.0,0.0,0.0,1.0,0.0,1.1,4.0,0.0,0.0,0.0,0.0,0.0,0.0,0.0,0.0,0.0,2.0,13.500033393584838,0.0,0.0,2.0,0.0,0.0,1.0,1.0,0.0,0.0,0.0,0.0,0.0,0.5,0.0,0.5,1.0130759348869325,0.0,0.0,0.0,0.0,1.0,0.21400253174853567,-0.21400253174853567,1.705912231740033,0.0,5.305021275144753,37.83725238523932,1.0,0.0,0.5,0.5,0.0,0.0,0.0,0.0,5.0,11.0,16.0,0.13199999928474426,0.0,0.13199999928474426,0.7070000171661377,0.06582870334386826,1.6196000576019287,1.7483999729156494,2.186800003051758,0.5727999806404114,1.0,1.0,0.08813630044460297,-0.006634698450224852,1.0,0.0,0.75,92.91666667,0.125,88.0,0.125,81.5,,0.8722951412200928,0.015747781842947006,0.1871366798877716,7.2691261768341064,0.7873890921473503,9.35683399438858,0.375,0.75,0.5625,0.33333333,0.83333333,0.66666667,0.5,1.0,0.1875,1.0,0.0,1.0,0.0,2.0,0.0,2.0,0.5,0.0,0.5,0.0,1.0,0.0,Shawn Armstrong,12857,-1.0333238123331465,0.75,0.125,0.125,,92.96666463216145,87.9000015258789,81.44999694824219,,-4.221666653951009,1.3949999809265137,8.305000305175781,,10.039166768391928,5.809999942779541,-2.0349998474121094,,0.8722951672971249,0.015747781842947006,0.187136672437191,,7.269126394142707,0.7873890921473503,9.35683362185955,,0.375,0.75,0.5625,0.33333333,0.83333333,0.66666667,0.5,0.125,0.75,0.125,81.61215209960938,93.25282796223958,88.06135559082031,8.881265640258789,-3.4967123667399087,2.3451249599456787,-3.4219799041748047,9.171358108520508,4.702400207519531,0.187136672437191,0.8722951672971249,0.015747781842947006,9.35683362185955,7.269126394142707,0.7873890921473503,0.44444444,0.71428571,0.5625,0.5,0.8,0.66666667,0.4375,2.0,78.85000610351562,27.0,0.0,0.0,83.4,0.0,0.0,2019-05-20,0
46,@CLE,2,2019,BAL,A,28,0.0,0.0,0.0,1.0,0.0,0.0,0.0,0.0,0.0,0.0,1.0,3.0,0.0,0.0,0.0,0.0,0.0,0.0,0.0,0.0,0.0,2.0,18.0,0.0,0.0,2.0,0.0,0.0,0.0,1.0,0.0,0.0,0.0,0.0,0.0,0.66666667,0.0,0.66666667,0.37224257761026613,0.0,0.0,0.0,0.0,1.0,-0.7859900474548338,0.7859900474548338,1.2032179653644564,0.0,-15.499843670466529,26.94905066791596,0.0,0.0,0.0,1.0,0.0,0.0,0.0,0.0,3.0,8.0,11.0,0.07056000083684921,0.0,0.07056000083684921,1.0049999952316284,0.09054049849510193,0.8960000276565552,0.6669999957084656,1.3339999914169312,0.5479999780654907,1.0,1.0,0.08217550069093704,-0.0034255021877054176,1.0,0.0,0.63636364,92.42857143,0.18181818,87.5,0.18181818,81.5,,0.5143663287162781,0.292624831199646,0.03547883778810501,7.348090410232544,14.6312415599823,1.7739418894052505,0.57142857,0.5,0.54545455,0.5,1.0,0.66666667,0.36363636,0.66666667,0.18181818,0.0,1.0,0.0,0.0,0.0,1.0,1.0,0.0,1.0,0.0,0.0,0.0,1.0,Shawn Armstrong,12857,-1.715266860931104,0.63636364,0.18181818,0.18181818,,92.37142508370536,87.39999389648438,81.30000305175781,,-3.648571559361049,3.2300000190734863,7.585000038146973,,9.629999433244977,3.2400002479553223,-2.2699999809265137,,0.5143663175404072,0.3347890228033066,0.03547883778810501,,7.348090250577245,16.73945114016533,1.7739418894052505,,0.6,0.5,0.54545455,0.33333333,1.0,0.66666667,0.54545455,0.18181818,0.63636364,0.18181818,81.43789672851562,92.61878313337054,87.5571517944336,8.478815078735352,-2.9075543539864674,4.164700031280518,-3.6279349327087402,8.779671260288783,1.8841040134429932,0.03547883778810501,0.5143663175404072,0.3347890228033066,1.7739418894052505,7.348090250577245,16.73945114016533,0.6,0.5,0.54545455,0.33333333,1.0,0.66666667,0.54545455,1.0,101.19999694824219,20.0,0.0,0.0,101.2,1.0,1.0,2019-05-17,0
47,@NYY,2,2019,BAL,A,28,0.0,0.0,9.0,1.0,0.0,0.0,0.0,0.0,0.0,0.0,1.0,5.0,2.0,1.0,1.0,0.0,0.0,0.0,0.0,0.0,0.0,2.0,18.0,0.0,18.0,2.0,0.0,0.0,0.0,0.0,3.0,0.0,0.0,0.0,0.0,0.4,0.0,0.4,1.7417359348869328,0.0,0.4,2.0,0.6666666666666666,0.5,-0.7859900474548338,9.785990047454835,-0.7859900474548338,194.81836737367243,-15.499843670466529,-16.136577217703145,0.0,1.0,0.0,0.0,0.0,0.0,0.0,0.0,5.0,13.0,18.0,-0.07131999731063843,-0.1365319937467575,0.06521199643611908,-0.4490000009536743,-0.04300770163536072,0.8159999847412109,0.7960000038146973,0.7960000038146973,0.2667999863624573,1.0,1.0,-0.06312859803438187,-0.02427336108851824,0.0,1.0,0.5,93.77777778,0.16666667,87.66666667,0.33333333,82.5,,0.5379497408866882,-0.79680335521698,-0.0774841159582138,5.977219343185425,-26.560111840565998,-1.2914019326368966,0.4,0.625,0.5,0.25,1.0,0.66666667,0.44444444,0.8,0.16666667,2.0,0.0,1.0,1.0,0.0,2.0,3.0,0.66666667,0.0,0.33333333,0.33333333,0.0,0.66666667,Shawn Armstrong,12857,8.325114447323203,0.5,0.16666667,0.33333333,,93.80000135633681,87.7000020345052,82.43333435058594,,-3.732222239176432,2.5899999936421714,7.916666666666667,,10.544444613986546,3.989999771118164,-1.683333396911621,,0.537949725985527,-0.7968033626675606,-0.07748411223292351,,5.977219177616967,-26.560112088918686,-1.2914018705487251,,0.5,0.5,0.5,0.25,1.0,0.66666667,0.55555556,0.33333333,0.5,0.16666667,82.37551879882812,93.83407931857639,87.6642354329427,8.741771697998047,-2.9062743716769748,3.6478331883748374,-3.104907671610514,9.603327433268229,2.870136578877767,-0.07748411223292351,0.537949725985527,-0.7968033626675606,-1.2914018705487251,5.977219177616967,-26.560112088918686,0.5,0.5,0.5,0.25,1.0,0.66666667,0.55555556,3.0,86.46666463216145,17.0,0.0,0.0,102.8,1.0,0.33333333,2019-05-15,2
48,LAA,2,2019,BAL,H,28,0.0,0.0,0.0,1.0,0.0,0.0,0.0,0.0,0.0,0.0,1.0,3.0,0.0,0.0,0.0,0.0,1.0,0.0,0.0,0.0,0.0,0.0,0.0,9.0,0.0,0.0,0.0,0.0,1.0,1.0,0.0,0.0,0.0,0.0,0.0,0.0,0.33333333,-0.33333333,12.176242516566932,0.0,0.0,1.0,0.0,1.0,6.214009952545166,-6.214009952545166,8.203217965364455,0.0,130.1352916775341,178.5668770871244,1.0,0.0,0.5,0.5,0.0,0.0,0.0,0.0,6.0,3.0,9.0,0.028248000890016556,-0.02597999945282936,0.05422800034284592,0.5730000138282776,0.0533519983291626,0.5894669890403748,0.5659999847412109,0.5659999847412109,0.4027999937534332,1.0,1.0,0.02912689931690693,0.018794360762479374,0.0,0.0,0.66666667,92.5,0.33333333,86.66666667,,,,-0.2502717077732086,1.0216151475906372,,-4.171195129553476,34.05383825302124,,0.0,1.0,0.33333333,,0.66666667,0.66666667,0.33333333,0.33333333,0.11111111,1.0,0.0,1.0,0.0,2.0,0.0,2.0,0.5,0.0,0.5,0.0,1.0,0.0,Shawn Armstrong,12857,6.271669043666683,0.66666667,0.33333333,,,92.46666463216145,86.76666259765625,,,-3.5900001525878906,3.7100000381469727,,,11.041666666666666,4.673333485921224,,,-0.2502717114984989,1.021615169942379,,,-4.171195191641649,34.0538389980793,,,0.0,0.75,0.33333333,,0.66666667,0.66666667,0.44444444,,0.66666667,0.33333333,,92.74678548177083,86.93276977539062,,-2.2668347358703613,4.819693247477214,,9.857671737670898,3.135643641153971,,-0.2502717114984989,1.021615169942379,,-4.171195191641649,34.0538389980793,0.0,0.75,0.33333333,,0.66666667,0.66666667,0.44444444,2.0,84.05000305175781,15.0,0.0,0.0,90.5,0.0,0.0,2019-05-12,0
49,BOS,2,2019,BAL,H,28,0.0,0.0,0.0,1.0,0.0,0.0,0.0,0.0,0.0,0.0,2.0,7.0,0.0,0.0,0.0,0.0,1.0,0.0,0.0,1.0,0.0,2.0,9.0,4.5,0.0,2.0,0.0,0.0,1.0,2.0,1.0,0.0,0.0,0.0,0.0,0.28571429,0.14285714,0.14285715,4.510432983302647,0.0,0.0,0.5,0.0,1.0,2.714009952545166,-2.714009952545166,4.703217965364456,0.0,57.31772400353379,102.75796387752018,0.5,0.25,0.25,0.5,0.0,0.0,0.0,0.0,13.0,23.0,36.0,0.3036400079727173,-0.13785600662231445,0.44149601459503174,1.1460000276565552,0.1067039966583252,2.797300100326538,2.399199962615967,2.399199962615967,2.399199962615967,1.0,1.0,0.10470700263977051,0.003840524290669445,1.0,0.0,0.58333333,91.95238095,0.25,86.55555556,0.16666667,80.66666667,,1.2509266138076782,-0.14032447338104248,0.17393098771572113,5.956793399084182,-1.5591608153449166,2.898849795262019,0.17647059,0.78947368,0.5,0.66666667,0.8,0.77777778,0.52777778,0.57142857,0.11111111,3.0,1.0,0.0,1.0,1.0,2.0,4.0,0.75,0.25,0.0,0.25,0.25,0.5,Shawn Armstrong,12857,3.188332492634767,0.58333333,0.25,0.16666667,,91.79047502790179,86.39999728732639,80.81667073567708,,-3.793333507719494,3.418888727823893,8.373333613077799,,10.456666492280506,4.432222154405382,-2.428333282470703,,1.293090831488371,-0.14032446593046188,0.17393098771572113,,6.157575388039861,-1.5591607325606875,2.898849795262019,,0.26666667,0.66666667,0.5,0.75,0.78571429,0.77777778,0.58333333,0.16666667,0.58333333,0.25,80.96014912923177,92.03874860491071,86.55926513671875,9.152823766072592,-2.822614942278181,4.331544664171007,-4.2050784428914385,9.152965000697545,2.934432135687934,0.17393098771572113,1.293090831488371,-0.14032446593046188,2.898849795262019,6.157575388039861,-1.5591607325606875,0.26666667,0.66666667,0.5,0.75,0.78571429,0.77777778,0.58333333,4.0,88.17500305175781,27.25,1.0,0.25,106.8,2.0,0.5,2019-05-08,0
50,TBR,2,2019,BAL,H,28,0.0,0.0,0.0,1.0,0.0,0.0,0.0,0.0,1.0,0.0,0.2,2.0,0.0,0.0,0.0,0.0,0.0,0.0,0.0,0.0,0.0,1.0,13.500014081612017,0.0,0.0,1.0,0.0,0.0,1.0,0.0,0.0,0.0,0.0,0.0,0.0,0.5,0.0,0.5,-0.07717406511306746,0.0,0.0,0.0,0.0,1.0,0.21400682329805187,-0.21400682329805187,0.21400682329805187,0.0,5.3051105609154074,5.523044492234369,1.0,0.0,1.0,0.0,0.0,0.0,0.0,0.0,2.0,4.0,6.0,0.0609080009162426,0.0,0.0609080009162426,0.7390000224113464,0.06880819797515869,1.0277999639511108,0.621399998664856,1.242799997329712,0.8424000144004822,1.0,1.0,0.05951109901070595,-0.00025053951224326965,1.0,0.0,0.33333333,92.0,0.5,86.66666667,0.16666667,83.0,,0.22547540068626404,0.4253329038619995,-0.03891072794795036,11.273770034313202,14.17776346206665,-3.8910727947950363,0.5,,0.5,0.33333333,,0.33333333,,0.5,0.33333333,0.0,0.0,1.0,1.0,0.0,0.0,1.0,0.0,0.0,1.0,1.0,0.0,0.0,Shawn Armstrong,12857,-0.9332320045557906,0.33333333,0.5,0.16666667,,91.9000015258789,86.76666259765625,83.0,,-3.055000066757202,3.493333180745443,6.699999809265137,,10.96500015258789,5.2033335367838545,0.09000000357627869,,0.22547540441155434,0.330933079123497,-0.03891072794795036,,11.273770220577717,11.031102637449901,-3.8910727947950363,,0.5,0.5,0.5,0.0,1.0,0.33333333,0.33333333,0.16666667,0.33333333,0.5,83.16200256347656,92.1051025390625,86.90179443359375,7.760519981384277,-2.389235019683838,4.691553433736165,-1.6951500177383423,9.863744735717773,3.734109878540039,-0.03891072794795036,0.22547540441155434,0.4253328889608383,-3.8910727947950363,11.273770220577717,14.177762965361277,0.5,0.5,0.5,0.0,1.0,0.33333333,0.33333333,1.0,61.70000076293945,-75.0,0.0,0.0,61.7,0.0,0.0,2019-05-04,0
51,@CHW,2,2019,BAL,A,28,0.0,0.0,0.0,1.0,0.0,0.0,0.0,0.0,0.0,0.0,1.1,6.0,1.0,0.0,0.0,0.0,1.0,0.0,0.0,0.0,0.0,1.0,6.750016696792419,6.750016696792419,6.750016696792419,1.0,0.0,0.0,2.0,2.0,0.0,1.0,0.0,0.0,0.0,0.16666667,0.16666667,0.0,6.184520390189155,0.0,0.2,1.5000037103983153,0.25,1.0,3.964011807744324,-3.964011807744324,6.947831207727319,0.0,83.32403677027396,151.37558972878148,1.0,0.0,0.5,0.5,0.5,0.0,0.0,0.0,10.0,18.0,28.0,0.028276000171899796,-0.05011799931526184,0.07839400321245193,0.2930000126361847,0.0288527999073267,0.8970860242843628,0.7831329703330994,0.6462000012397766,1.746999979019165,1.0,1.0,0.04334599897265434,-0.01182616764493239,0.0,0.0,0.5,92.0,0.39285714,87.36363636,0.10714286,81.33333333,,0.5481519103050232,0.21593479812145233,-0.4717710614204407,3.915370787893023,1.9630436192859302,-15.725702047348022,0.33333333,0.69230769,0.5,0.6,1.0,0.85714286,0.46428571,0.66666667,0.07142857,2.0,1.0,1.0,2.0,1.0,1.0,4.0,0.5,0.25,0.25,0.5,0.25,0.25,Shawn Armstrong,12857,1.5094887219269368,0.5,0.39285714,0.10714286,,91.95000348772321,87.45454545454545,81.40000406901042,,-3.643571308680943,1.605454531582919,8.25333340962728,,9.466428484235491,4.73090917413885,-2.9399998982747397,,0.5481519028544426,0.20012684538960457,-0.47177107259631157,,3.91537073467459,1.8193349580873142,-15.725702419877052,,0.27272727,0.64705882,0.5,0.33333333,1.0,0.85714286,0.60714286,0.10714286,0.53571429,0.35714286,81.53863525390625,91.8436767578125,87.5974365234375,8.989412943522135,-2.563379160563151,2.949026870727539,-4.2638031641642264,8.456844584147136,3.2469318389892576,-0.47177107259631157,0.5937248729169369,0.1545538753271103,-15.725702419877052,3.9581658194462457,1.545538753271103,0.27272727,0.64705882,0.5,0.33333333,1.0,0.85714286,0.60714286,4.0,79.57499694824219,27.5,0.0,0.0,100.9,1.0,0.25,2019-05-01,1
52,@LAA,11,2019,SEA,A,28,0.0,0.0,18.0,1.0,0.0,0.0,0.0,0.0,0.0,0.0,1.0,7.0,3.0,2.0,2.0,0.0,1.0,1.0,0.0,0.0,0.0,0.0,0.0,9.0,27.0,0.0,0.0,0.0,1.0,3.0,2.0,0.0,0.0,0.0,0.0,0.0,0.14285714,-0.14285714,9.109412647067339,0.0,0.5,4.0,0.5,0.5,6.214009952545166,11.785990047454835,12.181633991003036,404.80775692340967,137.2185708130181,264.73813285836263,0.33333333,0.33333333,0.16666667,0.5,0.0,0.0,0.0,0.0,10.0,19.0,29.0,-0.041600000113248825,-0.053950000554323196,0.012350000441074371,-1.472000002861023,-0.14538300037384033,0.25785699486732483,0.22499999403953552,0.22499999403953552,0.02500000037252903,1.0,1.0,-0.07713930308818817,-0.08419042983084035,0.0,0.0,0.75862069,92.68181818,0.06896552,88.5,0.17241379,82.0,0.13793103,-0.4123176634311676,0.044380322098731995,-0.5176498293876648,-1.8741711974143982,2.2190161049365997,-10.352996587753296,0.3125,0.61538462,0.44827586,1.0,0.5,0.69230769,0.44827586,0.57142857,0.13793103,2.0,4.0,0.0,0.0,2.0,4.0,6.0,0.33333333,0.66666667,0.0,0.0,0.33333333,0.66666667,Shawn Armstrong,12857,7.598415364464202,0.75862069,0.06896552,0.17241379,,92.67727383700284,88.14999389648438,81.7,,-3.74954535744407,2.365000009536743,7.341999816894531,,10.925908868963068,4.085000038146973,-2.9,,-0.3901202976703644,0.044380322098731995,-0.5176498293876648,,-1.773274080319838,2.2190161049365997,-10.352996587753296,,0.22222222,0.55,0.44827586,1.0,0.63636364,0.69230769,0.68965517,0.15151515,0.66666667,0.06060606,81.82020263671875,92.937255859375,88.32339477539062,8.257524108886718,-2.9365352283824575,3.56215500831604,-4.503532028198242,9.845299460671164,2.6276791095733643,-0.5176498293876648,-0.3901202976703644,0.044380322098731995,-10.352996587753296,-1.773274080319838,2.2190161049365997,0.22222222,0.55,0.44827586,1.0,0.63636364,0.69230769,0.68965517,6.0,94.40000406901042,22.0,1.0,0.16666667,100.6,4.0,0.66666667,2019-04-21,0
53,CLE,11,2019,SEA,H,28,0.0,0.0,0.0,1.0,0.0,0.0,0.0,0.0,0.0,0.0,1.0,5.0,1.0,0.0,0.0,0.0,1.0,0.0,0.0,0.0,0.0,0.0,0.0,9.0,9.0,0.0,0.0,0.0,0.0,2.0,1.0,1.0,0.0,1.0,0.0,0.0,0.2,-0.2,10.568775934886933,0.0,0.25,2.0,0.25,1.0,6.214009952545166,-6.214009952545166,10.192425978183746,0.0,137.2185708130181,221.6525049727435,0.0,0.33333333,0.0,0.66666667,0.5,0.0,0.0,0.0,9.0,12.0,21.0,0.018139999359846115,-0.029120000079274178,0.04726000130176544,0.5109999775886536,0.05161619931459427,0.4959999918937683,0.30000001192092896,0.30000001192092896,,0.0,1.0,0.006189439911395311,0.030383140040846468,0.0,0.0,0.5,92.4,0.25,88.4,0.25,82.2,0.04761905,0.5439925789833069,-0.08158779889345169,-0.4525623619556427,5.439925789833069,-1.6317559778690336,-9.051247239112854,0.30769231,0.85714286,0.5,0.75,1.0,0.9,0.35,0.4,0.04761905,2.0,0.0,2.0,1.0,3.0,0.0,4.0,0.5,0.0,0.5,0.25,0.75,0.0,Shawn Armstrong,12857,6.71331353059925,0.52380952,0.23809524,0.23809524,,92.2636385830966,88.42000122070313,82.0199951171875,,-3.0381819985129614,-0.15200001001358032,6.577999877929687,,10.351818431507457,5.147999954223633,-2.0559999465942385,,0.4931863993406296,-0.08158779889345169,-0.452562365680933,,4.4835127212784505,-1.6317559778690336,-9.05124731361866,,0.16666667,0.88888889,0.47619048,0.5,1.0,0.9,0.42857143,0.23809524,0.52380952,0.23809524,82.26436157226563,92.59559215198864,88.67481689453125,7.574620056152344,-2.08617487820712,0.7025839805603027,-3.7597618103027344,9.364168340509588,3.9330062866210938,-0.452562365680933,0.4931863993406296,-0.08158779889345169,-9.05124731361866,4.4835127212784505,-1.6317559778690336,0.16666667,0.88888889,0.47619048,0.5,1.0,0.9,0.42857143,4.0,86.53333536783855,48.0,0.0,0.0,90.3,0.0,0.0,2019-04-16,0
54,CLE,11,2019,SEA,H,28,0.0,0.0,0.0,1.0,0.0,0.0,0.0,0.0,0.0,0.0,0.1,3.0,0.0,0.0,0.0,0.0,1.0,0.0,1.0,0.0,0.0,1.0,27.000028163224034,27.000028163224034,0.0,1.0,0.0,0.0,0.0,0.0,0.0,0.0,0.0,0.0,0.0,0.33333333,0.33333333,0.0,7.571353668049155,0.0,0.0,3.0000031292471148,0.0,1.0,15.214022469533626,-15.214022469533626,15.214022469533626,0.0,334.6557961285483,330.4187257117138,0.0,0.0,0.0,0.0,0.0,0.0,3.0,81.0000844896721,6.0,8.0,14.0,-0.027079999446868896,-0.03771999850869179,0.010639999993145466,-0.49300000071525574,-0.04979800060391426,0.593999981880188,0.27799999713897705,0.5559999942779541,0.6740000247955322,1.0,1.0,-0.02361059933900833,-0.02197862670970733,0.0,0.0,0.57142857,93.5,0.28571429,88.75,0.14285714,81.5,,-0.13848015666007996,-0.3946899175643921,0.15007725358009338,-1.7310019582509995,-9.867247939109802,7.503862679004669,0.125,1.0,0.5,0.0,0.33333333,0.28571429,0.42857143,0.66666667,0.35714286,0.0,0.0,0.0,0.0,0.0,0.0,0.0,,,,,,,Shawn Armstrong,12857,13.839555151699887,0.57142857,0.28571429,0.14285714,,93.2750015258789,88.69999694824219,81.69999694824219,,-2.8125,0.9650000333786011,9.170000076293945,,10.801250457763672,5.180000305175781,-3.445000171661377,,-0.13848015666007996,-0.3946899212896824,0.13734161108732224,,-1.7310019582509995,-9.86724803224206,6.867080554366112,,0.16666667,0.75,0.5,0.0,0.33333333,0.28571429,0.57142857,0.14285714,0.57142857,0.28571429,81.9769515991211,93.6530532836914,89.00920104980469,10.421050071716309,-1.979897379875183,2.0956521034240723,-5.343179702758789,9.763612747192383,3.8476076126098633,0.13734161108732224,-0.13848015666007996,-0.3946899212896824,6.867080554366112,-1.7310019582509995,-9.86724803224206,0.16666667,0.75,0.5,0.0,0.33333333,0.28571429,0.57142857,0.0,,,0.0,,,0.0,,2019-04-15,0
55,HOU,11,2019,SEA,H,28,0.0,1.0,27.000066787169676,1.0,0.0,0.0,0.0,0.0,0.0,0.0,1.1,8.0,4.0,4.0,4.0,1.0,0.0,0.0,0.0,0.0,0.0,2.0,13.500033393584838,0.0,27.000066787169676,2.0,0.5,0.0,2.0,2.0,2.0,0.0,1.0,0.0,0.0,0.25,0.0,0.25,3.1777009348869325,6.750016696792419,0.5,3.0000074207966305,0.6,0.0,9.964026649337585,17.03604013783209,3.1978219317315304,607.2131373831337,219.48433323324096,70.1515532318742,1.0,0.33333333,0.33333333,0.33333333,0.0,0.5,0.0,0.0,3.0,21.0,24.0,-0.41383999586105347,-0.5988600254058838,0.18501999974250793,-2.878999948501587,-0.2908079922199249,2.1579999923706055,1.9179999828338623,2.8580000400543213,0.36000001430511475,1.0,1.0,-0.09980449825525284,-0.09196565805806675,0.0,1.0,0.45833333,92.18181818,0.33333333,88.125,0.20833333,82.2,,-0.5017768740653992,-0.9579355120658875,-0.4433481693267822,-4.561607946049084,-11.974193900823593,-8.866963386535645,0.6,0.85714286,0.75,0.66666667,0.83333333,0.77777778,0.58333333,0.5,0.16666667,3.0,2.0,1.0,1.0,2.0,3.0,6.0,0.5,0.33333333,0.16666667,0.16666667,0.33333333,0.5,Shawn Armstrong,12857,9.850702456635911,0.42307692,0.30769231,0.19230769,0.07692308,92.21818403764205,88.3125,82.07999877929687,75.94999694824219,-4.2481817765669385,1.3012499809265137,7.352000427246094,8.90999984741211,10.870909257368607,5.103749752044678,-0.9399999618530274,1.7999999523162842,-0.5017768926918507,-0.9579355344176292,-0.4433481842279434,-0.10095242038369179,-4.56160811538046,-11.974194180220366,-8.866963684558868,-5.047621019184589,0.4,0.875,0.69230769,0.75,0.78571429,0.77777778,0.61538462,0.26923077,0.42307692,0.30769231,80.5313720703125,92.53889049183239,88.55962371826172,8.430724007742745,-3.2637419267134233,2.383699417114258,-1.3691842215401786,9.638001875443893,3.7445974349975586,-0.5443006046116352,-0.5017768926918507,-0.9579355344176292,-7.775722923023361,-4.56160811538046,-11.974194180220366,0.4,0.875,0.69230769,0.75,0.78571429,0.77777778,0.61538462,6.0,90.88333129882812,12.333333333333334,1.0,0.16666667,104.6,2.0,0.33333333,2019-04-12,0
