,Team,Opp,season,Age,BatOrder,Pos,G,AB,PA,H,1B,2B,3B,HR,R,RBI,BB,IBB,SO,HBP,SF,SH,GDP,SB,CS,AVG,GB,FB,LD,IFFB,Pitches,Balls,Strikes,IFH,BU,BUH,BB%,K%,BB/K,OBP,SLG,OPS,ISO,BABIP,GB/FB,LD%,GB%,FB%,IFFB%,HR/FB,IFH%,BUH%,wOBA,wRAA,wRC,Spd,wRC+,wBSR,WPA,-WPA,+WPA,RE24,REW,pLI,phLI,PH,WPA/LI,Clutch,FB%1,FBv,SL%,SLv,CT%,CTv,CB%,CBv,CH%,CHv,XX%,wFB,wSL,wCT,wCB,wCH,wFB/C,wSL/C,wCT/C,wCB/C,wCH/C,O-Swing%,Z-Swing%,Swing%,O-Contact%,Z-Contact%,Contact%,Zone%,F-Strike%,SwStr%,Pull,Cent,Oppo,Soft,Med,Hard,bipCount,Pull%,Cent%,Oppo%,Soft%,Med%,Hard%,pfxFA%,pfxFT%,pfxFC%,pfxSI%,pfxSL%,pfxCU%,pfxKC%,pfxCH%,pfxvFA,pfxvFT,pfxvFC,pfxvSI,pfxvSL,pfxvCU,pfxvKC,pfxvCH,pfxFA-X,pfxFT-X,pfxFC-X,pfxSI-X,pfxSL-X,pfxCU-X,pfxKC-X,pfxCH-X,pfxFA-Z,pfxFT-Z,pfxFC-Z,pfxSI-Z,pfxSL-Z,pfxCU-Z,pfxKC-Z,pfxCH-Z,pfxwFA,pfxwFT,pfxwFC,pfxwSI,pfxwSL,pfxwCU,pfxwKC,pfxwCH,pfxwFA/C,pfxwFT/C,pfxwFC/C,pfxwSI/C,pfxwSL/C,pfxwCU/C,pfxwKC/C,pfxwCH/C,pfxO-Swing%,pfxZ-Swing%,pfxSwing%,pfxO-Contact%,pfxZ-Contact%,pfxContact%,pfxZone%,piCH%,piCU%,piFA%,piFC%,piSI%,piSL%,pivCH,pivCU,pivFA,pivFC,pivSI,pivSL,piCH-X,piCU-X,piFA-X,piFC-X,piSI-X,piSL-X,piCH-Z,piCU-Z,piFA-Z,piFC-Z,piSI-Z,piSL-Z,piwCH,piwCU,piwFA,piwFC,piwSI,piwSL,piwCH/C,piwCU/C,piwFA/C,piwFC/C,piwSI/C,piwSL/C,piO-Swing%,piZ-Swing%,piSwing%,piO-Contact%,piZ-Contact%,piContact%,piZone%,Events,EV,LA,Barrels,Barrel%,maxEV,HardHit,HardHit%,PlayerName,playerid,gamedate,dh
0,- - -,- - -,2019,28,- - -,- - -,37.0,51.0,58.0,14.0,11.0,2.0,1.0,0.0,13.0,1.0,6.0,0.0,18.0,1.0,0.0,0.0,0.0,13.0,5.0,0.2745098,14.0,7.0,7.0,1.0,233.0,85.0,148.0,1.0,4.0,4.0,0.10344828,0.31034483,0.33333333,0.36206897,0.35294118,0.71501015,0.07843138,0.42424242,2.0,0.25,0.5,0.25,0.14285714,0.0,0.07142857,1.0,0.31705184023955774,-0.14465251125389786,7.155118052586968,9.057915400670865,94.34805763851813,0.3843701840378344,0.20850197608524468,-1.3277979762788163,1.5363000096840551,-1.4529999345541,-0.143878604285419,1.2017212861560678,1.3510000109672546,2.0,-0.07064381707459688,0.2441465905439573,0.62008734,92.79285714,0.19213974,82.34090909,0.08296943,87.94736842,0.06550218,80.26666667,0.03930131,85.88888889,0.01716738,1.053364098072052,0.033793672919273376,-0.18111532554030418,-0.7647310942411423,-0.05354408919811249,0.7418057028676422,0.07680380208925768,-0.9532385554752852,-5.0982072949409485,-0.5949343244234722,0.256,0.59615385,0.41048035,0.40625,0.87096774,0.71276596,0.45414847,0.60344828,0.11587983,11.0,11.0,10.0,11.0,17.0,4.0,33.0,0.34375,0.34375,0.3125,0.34375,0.53125,0.125,0.42924528,0.08490566,0.07075472,0.10849057,0.19811321,0.04716981,0.01886792,0.04245283,93.38351624876589,92.92222340901692,87.77333577473958,90.40434862219769,83.01904751005627,77.77000045776367,83.89999389648438,85.66666836208768,-1.5673626648200738,-2.8388889100816517,1.0719999849796296,-0.28695649686067,1.1740476006553286,2.053000020980835,0.8399999737739563,3.0311113463507757,9.110769151331304,5.108333428700765,5.371999851862589,5.510434902232626,1.057380979969388,-5.10400003194809,-6.029999732971191,3.866666681236691,-0.1433703564107418,-0.17166118696331978,0.14698832482099533,0.229558277875185,-0.3163161911070347,-0.5309331975877285,-0.039147134870290756,-0.053544096648693085,-0.15754984220960638,-0.9536732609073321,0.9799221654733021,0.9980794690225435,-0.7531337883500825,-5.309331975877285,-0.9786783717572689,-0.594934407207701,0.25,0.5625,0.41509434,0.32,0.85714286,0.70454545,0.52830189,0.03418803,0.05982906,0.43162393,0.06837607,0.12393162,0.17948718,85.02878761291504,80.4123066493443,93.18109025105392,87.93807315826416,92.17534190210803,82.86401421683175,4.223181307315826,2.7829753075327193,-1.369136604932275,0.32728417962789536,-1.0772602804775895,1.4558544357617695,2.424454987049103,-6.648473086101668,7.961712657815159,4.198269139975309,3.073892149431952,-0.12460793058077495,-0.09544876962900162,-0.7798079550266266,0.9240135066211224,-0.08033246546983719,-0.5492606535553932,-0.10658856853842735,-1.1931096203625202,-5.570056821618762,0.9148648580407152,-0.5020779091864824,-1.8940022536392869,-0.2537823060438747,0.25490196,0.56363636,0.41509434,0.30769231,0.87096774,0.70454545,0.51886792,33.0,83.48214340209961,6.428571428571429,0.0,0.0,99.3,4.0,0.12121212,Terrance Gore,13658,2050-01-01,0
1,KCR,@WSN,2019,28,8,PR,1.0,0.0,0.0,0.0,0.0,0.0,0.0,0.0,1.0,0.0,0.0,0.0,0.0,0.0,0.0,0.0,0.0,1.0,0.0,0.0,0.0,0.0,0.0,0.0,0.0,0.0,0.0,0.0,0.0,0.0,0.0,0.0,0.0,0.0,0.0,0.0,0.0,0.0,0.0,0.0,0.0,0.0,0.0,0.0,0.0,0.0,0.0,0.0,0.0,0.5,,0.20000000298023224,0.023787999525666237,0.0,0.023787999525666237,0.23800000548362732,0.022862600162625313,2.609999895095825,,0.0,0.009114179760217667,-3.3304163662983832e-09,,,,,,,,,,,,,,,,,,,,,,,,,,,,,,,,,,,,,,,,,,,,,,,,,,,,,,,,,,,,,,,,,,,,,,,,,,,,,,,,,,,,,,,,,,,,,,,,,,,,,,,,,,,,,,,,,,,,,,,,,,,,,,,,,,,,,,,,,,,,,,0.0,,,,,,,,Terrance Gore,13658,2019-07-07,0
2,KCR,@WSN,2019,28,9,RF,1.0,0.0,1.0,0.0,0.0,0.0,0.0,0.0,1.0,0.0,0.0,0.0,0.0,1.0,0.0,0.0,0.0,0.0,0.0,0.0,0.0,0.0,0.0,0.0,2.0,2.0,0.0,0.0,0.0,0.0,0.0,0.0,0.0,1.0,0.0,1.0,0.0,0.0,0.0,0.0,0.0,0.0,0.0,0.0,0.0,0.0,0.7192159295082092,0.34514125787077327,0.47099937104044337,0.142857142857143,366.25625399176323,-0.002178742317482829,0.13457199931144714,0.0,0.13457199931144714,0.8360000252723694,0.08030740171670914,3.6407999992370605,,0.0,0.036962199956178665,5.970993130488544e-09,1.0,92.5,,,,,,,,,,0.3441825807094574,,,,,17.20912903547287,,,,,0.0,,0.0,,,,,,0.0,0.0,0.0,0.0,0.0,0.0,0.0,0.0,,,,,,,,,,1.0,,,,,,,,92.0,,,,,,,,11.039999961853027,,,,,,,,2.4700000286102295,,,,,,,,0.3441825918853283,,,,,,,,17.209129594266415,,,,,0.0,,0.0,,,,0.0,,,,,1.0,,,,,,91.86319732666016,,,,,,10.618850708007812,,,,,,0.5072264671325684,,,,,,0.3441825918853283,,,,,,17.209129594266415,,0.0,,0.0,,,,0.0,0.0,,,0.0,,,0.0,,Terrance Gore,13658,2019-07-05,0
3,KCR,CLE,2019,28,9,LF,1.0,3.0,4.0,1.0,0.0,1.0,0.0,0.0,1.0,0.0,1.0,0.0,0.0,0.0,0.0,0.0,0.0,0.0,0.0,0.33333333,1.0,0.0,2.0,0.0,21.0,8.0,13.0,0.0,0.0,0.0,0.25,0.0,1.0,0.5,0.66666667,1.16666667,0.33333334,0.33333333,1.0,0.66666667,0.33333333,0.0,0.0,0.0,0.0,0.0,0.47673967480659485,0.542167972000373,1.0456004246790536,2.642857142857143,202.31501002265543,-0.002178742317482829,0.03136400133371353,-0.027340000495314598,0.05870399996638298,0.09799999743700027,0.009099350310862064,0.6898999810218811,,0.0,0.02659030072391033,0.018871363570176353,0.57142857,93.25,0.42857143,81.33333333,,,,,,,,0.7267770767211914,-0.1507895588874817,,,,6.056475639343262,-1.675439543194241,,,,0.16666667,0.66666667,0.38095238,1.0,0.83333333,0.875,0.42857143,1.0,0.04761905,0.0,1.0,2.0,1.0,2.0,0.0,3.0,0.0,0.33333333,0.66666667,0.33333333,0.66666667,0.0,0.52380952,,,0.04761905,0.42857143,,,,94.00908868963069,,,83.5,81.41111246744792,,,,-5.694545399058949,,,-9.100000381469727,-0.5344444380866157,,,,9.347272699529475,,,-5.96999979019165,1.51000001695421,,,,0.7301858700811863,,,-0.04557297006249428,-0.1507895663380623,,,,6.638053364374421,,,-4.557297006249428,-1.6754396259784698,,,,0.2,0.54545455,0.38095238,0.5,1.0,0.875,0.52380952,,,0.52380952,,0.04761905,0.42857143,,,94.19282670454545,,83.59760284423828,81.51987033420139,,,-4.947356484153054,,-8.47212028503418,0.2843058639102512,,,8.279285777698863,,-5.914760112762451,0.7957957055833604,,,0.7301858700811863,,-0.04557297006249428,-0.1507895663380623,,,6.638053364374421,,-4.557297006249428,-1.6754396259784698,0.2,0.54545455,0.38095238,0.5,1.0,0.875,0.52380952,3.0,88.73333740234375,9.333333333333334,0.0,0.0,91.1,0.0,0.0,Terrance Gore,13658,2019-07-04,0
4,KCR,@TOR,2019,28,3,LF,1.0,0.0,0.0,0.0,0.0,0.0,0.0,0.0,0.0,0.0,0.0,0.0,0.0,0.0,0.0,0.0,0.0,0.0,0.0,0.0,0.0,0.0,0.0,0.0,0.0,0.0,0.0,0.0,0.0,0.0,0.0,0.0,0.0,0.0,0.0,0.0,0.0,0.0,0.0,0.0,0.0,0.0,0.0,0.0,0.0,0.0,0.0,0.0,0.0,0.142857142857143,,0.0,,,,,,,,0.0,,,,,,,,,,,,,,,,,,,,,,,,,,,,,,,,,,,,,,,,,,,,,,,,,,,,,,,,,,,,,,,,,,,,,,,,,,,,,,,,,,,,,,,,,,,,,,,,,,,,,,,,,,,,,,,,,,,,,,,,,,,,,,,,,,,,,,,,,,,,,,,,0.0,,,,,,,,Terrance Gore,13658,2019-07-01,0
5,KCR,@CLE,2019,28,8,PR,1.0,0.0,0.0,0.0,0.0,0.0,0.0,0.0,1.0,0.0,0.0,0.0,0.0,0.0,0.0,0.0,0.0,0.0,0.0,0.0,0.0,0.0,0.0,0.0,0.0,0.0,0.0,0.0,0.0,0.0,0.0,0.0,0.0,0.0,0.0,0.0,0.0,0.0,0.0,0.0,0.0,0.0,0.0,0.0,0.0,0.0,0.0,0.0,0.0,0.142857142857143,,0.0,,,,,,,,0.0,,,,,,,,,,,,,,,,,,,,,,,,,,,,,,,,,,,,,,,,,,,,,,,,,,,,,,,,,,,,,,,,,,,,,,,,,,,,,,,,,,,,,,,,,,,,,,,,,,,,,,,,,,,,,,,,,,,,,,,,,,,,,,,,,,,,,,,,,,,,,,,,0.0,,,,,,,,Terrance Gore,13658,2019-06-24,0
6,KCR,MIN,2019,28,8,PR-CF,1.0,0.0,0.0,0.0,0.0,0.0,0.0,0.0,0.0,0.0,0.0,0.0,0.0,0.0,0.0,0.0,0.0,1.0,0.0,0.0,0.0,0.0,0.0,0.0,0.0,0.0,0.0,0.0,0.0,0.0,0.0,0.0,0.0,0.0,0.0,0.0,0.0,0.0,0.0,0.0,0.0,0.0,0.0,0.0,0.0,0.0,0.0,0.0,0.0,0.5,,0.20000000298023224,0.06298399716615677,0.0,0.06298399716615677,0.15299999713897705,0.01420610025525093,2.98799991607666,,0.0,0.02107900008559227,-1.7844904397906758e-08,,,,,,,,,,,,,,,,,,,,,,,,,,,,,,,,,,,,,,,,,,,,,,,,,,,,,,,,,,,,,,,,,,,,,,,,,,,,,,,,,,,,,,,,,,,,,,,,,,,,,,,,,,,,,,,,,,,,,,,,,,,,,,,,,,,,,,,,,,,,,,0.0,,,,,,,,Terrance Gore,13658,2019-06-22,0
7,KCR,MIN,2019,28,8,LF,1.0,4.0,4.0,1.0,1.0,0.0,0.0,0.0,0.0,0.0,0.0,0.0,0.0,0.0,0.0,0.0,0.0,1.0,0.0,0.25,1.0,1.0,1.0,0.0,13.0,5.0,8.0,0.0,1.0,1.0,0.0,0.0,0.0,0.25,0.25,0.5,0.0,0.25,1.0,0.33333333,0.33333333,0.33333333,0.0,0.0,0.0,1.0,0.21740181744098663,-0.3545305409960312,0.1489019116826492,5.0,26.973424525468285,0.1978212606627494,-0.12224800139665604,-0.139164000749588,0.016915999352931976,-0.8569999933242798,-0.0795729011297226,1.141759991645813,,0.0,-0.045162998139858246,-0.061906790862328795,0.53846154,93.71428571,,,0.07692308,86.0,0.38461538,82.4,,,,-0.755158007144928,,0.42416852712631226,-0.00023640692234039307,,-10.787971530641828,,42.416852712631226,-0.004728138446807861,,0.16666667,0.71428571,0.46153846,0.0,1.0,0.83333333,0.53846154,0.5,0.07692308,1.0,2.0,1.0,2.0,1.0,1.0,4.0,0.25,0.5,0.25,0.5,0.25,0.25,0.38461538,0.15384615,0.07692308,,,0.07692308,0.30769231,,93.24000244140625,94.1500015258789,86.4000015258789,,,75.5,83.89999389648438,,-0.14200010299682617,8.914999961853027,-0.9100000262260437,,,-6.360000133514404,0.8399999737739563,,7.273999786376953,3.065000057220459,2.5,,,-5.150000095367432,-6.029999732971191,,-0.548804584890604,-0.23270966485142708,0.42416852712631226,,,0.03891072794795036,-0.039147134870290756,,-10.97609169781208,-11.635483242571354,42.416852712631226,,,3.8910727947950363,-0.9786783717572689,,0.16666667,0.71428571,0.46153846,0.0,1.0,0.83333333,0.53846154,,0.38461538,0.38461538,0.07692308,0.15384615,,,82.24067993164063,93.28870239257813,86.37519836425781,94.17720031738281,,,0.015810585021972655,0.2312539577484131,-1.384529948234558,8.842864990234375,,,-7.002388000488281,6.36920394897461,1.6487400531768799,2.235135078430176,,,-0.00023640692234039307,-0.548804584890604,0.42416852712631226,-0.23270966485142708,,,-0.004728138446807861,-10.97609169781208,42.416852712631226,-11.635483242571354,,0.16666667,0.71428571,0.46153846,0.0,1.0,0.83333333,0.53846154,4.0,82.03333536783855,22.333333333333332,0.0,0.0,94.7,0.0,0.0,Terrance Gore,13658,2019-06-21,0
8,KCR,MIN,2019,28,4,PR-DH,1.0,0.0,0.0,0.0,0.0,0.0,0.0,0.0,0.0,0.0,0.0,0.0,0.0,0.0,0.0,0.0,0.0,2.0,0.0,0.0,0.0,0.0,0.0,0.0,0.0,0.0,0.0,0.0,0.0,0.0,0.0,0.0,0.0,0.0,0.0,0.0,0.0,0.0,0.0,0.0,0.0,0.0,0.0,0.0,0.0,0.0,0.0,0.0,0.0,0.777777777777778,,0.4000000059604645,0.008451989851891994,0.0,0.008452000096440315,0.41100001335144043,0.03816159814596176,0.17720000445842743,,0.0,0.04769749939441681,-4.093371513275157e-08,,,,,,,,,,,,,,,,,,,,,,,,,,,,,,,,,,,,,,,,,,,,,,,,,,,,,,,,,,,,,,,,,,,,,,,,,,,,,,,,,,,,,,,,,,,,,,,,,,,,,,,,,,,,,,,,,,,,,,,,,,,,,,,,,,,,,,,,,,,,,,0.0,,,,,,,,Terrance Gore,13658,2019-06-20,0
9,KCR,@MIN,2019,28,4,PH-RF,1.0,2.0,2.0,0.0,0.0,0.0,0.0,0.0,0.0,0.0,0.0,0.0,1.0,0.0,0.0,0.0,0.0,0.0,0.0,0.0,1.0,0.0,0.0,0.0,5.0,1.0,4.0,0.0,0.0,0.0,0.0,0.5,0.0,0.0,0.0,0.0,0.0,0.0,1.0,0.0,1.0,0.0,0.0,0.0,0.0,0.0,0.0,-0.5531145360127323,-0.3013983096733921,0.142857142857143,-100.0,0.0,-0.05295199900865555,-0.05295199900865555,0.0,-0.3799999952316284,-0.03578149899840355,0.9965999722480774,1.190000057220459,1.0,-0.05323540046811104,0.00010274896982809256,0.4,94.5,0.6,84.66666667,,,,,,,,-0.27162036299705505,-0.20030441880226135,,,,-13.581018149852753,-6.676813960075378,,,,0.75,0.0,0.6,0.33333333,,0.33333333,0.2,0.5,0.4,1.0,0.0,0.0,0.0,1.0,0.0,1.0,1.0,0.0,0.0,0.0,1.0,0.0,,0.5,,,0.5,,,,,94.03333536783855,,,84.56666564941406,,,,,-7.1266663869222,,,2.6533333460489907,,,,,6.810000101725261,,,-0.8599999745686849,,,,,-0.31719334051012993,,,-0.20030441507697105,,,,,-10.573111350337665,,,-6.676813835899035,,,,0.6,0.0,0.5,0.33333333,,0.33333333,0.16666667,,,,,0.5,0.5,,,,,93.97639973958333,84.43226623535156,,,,,-6.816696802775065,3.4332968393961587,,,,,5.240393320719401,-2.6166467666625977,,,,,-0.31719334051012993,-0.20030441507697105,,,,,-10.573111350337665,-6.676813835899035,0.6,0.0,0.5,0.33333333,,0.33333333,0.16666667,1.0,82.9000015258789,-21.0,0.0,0.0,82.9,0.0,0.0,Terrance Gore,13658,2019-06-14,0
10,KCR,DET,2019,28,8,LF,1.0,2.0,4.0,1.0,1.0,0.0,0.0,0.0,1.0,0.0,2.0,0.0,1.0,0.0,0.0,0.0,0.0,0.0,0.0,0.5,0.0,0.0,0.0,0.0,22.0,11.0,11.0,0.0,0.0,0.0,0.5,0.25,2.0,0.75,0.5,1.25,0.0,1.0,0.0,0.0,0.0,0.0,0.0,0.0,0.0,0.0,0.5625490695238113,0.8388664849967773,1.3422989376754577,1.601190455357143,260.33182049957423,-0.006536226952448487,0.07423599809408188,-0.0027520000003278255,0.07698799669742584,1.2549999952316284,0.1165269985795021,0.4977000057697296,,0.0,0.0825503021478653,0.06660781967950027,0.66666667,91.6,0.16666667,79.66666667,0.05555556,90.0,0.11111111,79.5,,,0.18181818,0.7974231243133545,0.29754143953323364,-0.06530402600765228,-0.16482557356357574,,6.645192702611287,9.91804798444112,-6.530402600765228,-8.241278678178787,,0.16666667,0.66666667,0.33333333,0.5,1.0,0.83333333,0.33333333,0.25,0.04545455,0.0,0.0,0.0,0.0,0.0,0.0,1.0,,,,,,,,,,,,,,,,,,,,,,,,,,,,,,,,,,,,,,,,,,,,,,,,,,,,,,,,,,,,,,,,,,,,,,,,,,,,,,,,,,,,,,,,,,,,,,,,,,,,,,,,,1.0,,,,,,,,Terrance Gore,13658,2019-06-13,0
11,KCR,DET,2019,28,8,RF,1.0,3.0,4.0,0.0,0.0,0.0,0.0,0.0,0.0,0.0,1.0,0.0,2.0,0.0,0.0,0.0,0.0,1.0,0.0,0.0,1.0,0.0,0.0,0.0,16.0,7.0,9.0,0.0,0.0,0.0,0.25,0.5,0.5,0.25,0.0,0.25,0.0,0.0,1.0,0.0,1.0,0.0,0.0,0.0,0.0,0.0,0.17257362604141235,-0.5095305590290605,-0.006098106350380106,5.0,-3.3354792143028824,0.1978212606627494,-0.07539600133895874,-0.09907999634742737,0.023684000596404076,-0.3319999873638153,-0.030826399102807045,1.032480001449585,,0.0,-0.037071000784635544,-0.03595317521209465,0.6875,91.36363636,,,0.1875,89.33333333,,,0.125,85.0,,-0.22247852385044098,,-0.23270964622497559,,-0.02339935302734375,-2.022532035004009,,-7.7569882074991865,,-1.1699676513671875,0.22222222,0.71428571,0.4375,0.0,0.6,0.42857143,0.4375,0.5,0.25,1.0,0.0,0.0,1.0,0.0,0.0,1.0,1.0,0.0,0.0,1.0,0.0,0.0,0.625,0.0625,0.1875,,,,,0.125,91.42000122070313,90.0,89.4666748046875,,,,,84.80000305175781,1.234000015258789,9.149999618530273,1.6933333079020183,,,,,7.350000381469727,9.236000061035156,5.630000114440918,4.436666488647461,,,,,0.08500000834465027,-0.25230370834469795,0.02982518821954727,-0.2327096424996853,,,,,-0.02339935302734375,-2.5230370834469795,2.982518821954727,-7.756988083322843,,,,,-1.1699676513671875,0.22222222,0.71428571,0.4375,0.0,0.6,0.42857143,0.4375,0.125,,0.625,0.1875,0.0625,,84.73159790039062,,91.39871215820312,89.3983662923177,89.92669677734375,,6.81988000869751,,1.2526700973510743,0.7293943564097086,9.230649948120117,,-1.7798950672149658,,8.407685852050781,3.1360832850138345,4.5713701248168945,,-0.02339935302734375,,-0.25230370834469795,-0.2327096424996853,0.02982518821954727,,-1.1699676513671875,,-2.5230370834469795,-7.756988083322843,2.982518821954727,,0.3,0.66666667,0.4375,0.0,0.75,0.42857143,0.375,1.0,71.30000305175781,-34.0,0.0,0.0,71.3,0.0,0.0,Terrance Gore,13658,2019-06-12,0
12,KCR,DET,2019,28,4,PR-RF,1.0,0.0,0.0,0.0,0.0,0.0,0.0,0.0,1.0,0.0,0.0,0.0,0.0,0.0,0.0,0.0,0.0,1.0,0.0,0.0,0.0,0.0,0.0,0.0,0.0,0.0,0.0,0.0,0.0,0.0,0.0,0.0,0.0,0.0,0.0,0.0,0.0,0.0,0.0,0.0,0.0,0.0,0.0,0.0,0.0,0.0,0.0,0.0,0.0,0.5,,0.20000000298023224,0.08168800175189972,0.0,0.08168800175189972,0.257999986410141,0.02395539917051792,2.4719998836517334,,0.0,0.03304529935121536,1.0356173078818198e-08,,,,,,,,,,,,,,,,,,,,,,,,,,,,,,,,,,,,,,,,,,,,,,,,,,,,,,,,,,,,,,,,,,,,,,,,,,,,,,,,,,,,,,,,,,,,,,,,,,,,,,,,,,,,,,,,,,,,,,,,,,,,,,,,,,,,,,,,,,,,,,0.0,,,,,,,,Terrance Gore,13658,2019-06-11,0
13,KCR,CHW,2019,28,9,CF,1.0,2.0,3.0,0.0,0.0,0.0,0.0,0.0,0.0,0.0,1.0,0.0,1.0,0.0,0.0,0.0,0.0,0.0,0.0,0.0,0.0,1.0,0.0,0.0,12.0,6.0,6.0,0.0,0.0,0.0,0.33333333,0.33333333,1.0,0.33333333,0.0,0.33333333,0.0,0.0,0.0,0.0,0.0,1.0,0.0,0.0,0.0,0.0,0.23009816805521646,-0.23297329102269432,0.144601048486316,0.142857142857143,35.55758678138145,-0.002178742317482829,-0.03368400037288666,-0.048420000821352005,0.014736000448465347,-0.1720000058412552,-0.015970300883054733,0.7689329981803894,,0.0,-0.02250320091843605,-0.02130295703368306,0.66666667,94.0,0.25,84.66666667,,,,,0.08333333,83.0,,-0.11087855696678162,-0.12310495972633362,,,0.0,-1.3859819620847702,-4.1034986575444545,,,0.0,0.25,1.0,0.5,0.0,1.0,0.66666667,0.33333333,0.66666667,0.16666667,0.0,0.0,1.0,0.0,1.0,0.0,1.0,0.0,0.0,1.0,0.0,1.0,0.0,0.66666667,,,,0.25,,,0.08333333,94.0374984741211,,,,84.7999979654948,,,82.80000305175781,-4.641250133514404,,,,1.2966666221618652,,,-5.03000020980835,10.306249618530273,,,,2.7266667683919272,,,6.670000076293945,-0.11087856069207191,,,,-0.12310495972633362,,,0.0,-1.385982008650899,,,,-4.1034986575444545,,,0.0,0.28571429,0.8,0.5,0.0,1.0,0.66666667,0.41666667,0.08333333,,0.66666667,,,0.25,82.88520050048828,,94.14066314697266,,,84.77793375651042,-4.693480014801025,,-4.429955005645752,,,1.9153550465901692,5.4604902267456055,,9.2451171875,,,1.2905559539794922,0.0,,-0.11087856069207191,,,-0.12310495972633362,0.0,,-1.385982008650899,,,-4.1034986575444545,0.28571429,0.8,0.5,0.0,1.0,0.66666667,0.41666667,1.0,75.5999984741211,38.0,0.0,0.0,75.6,0.0,0.0,Terrance Gore,13658,2019-06-08,0
14,KCR,BOS,2019,28,1,RF,1.0,1.0,1.0,0.0,0.0,0.0,0.0,0.0,0.0,0.0,0.0,0.0,1.0,0.0,0.0,0.0,0.0,0.0,0.0,0.0,0.0,0.0,0.0,0.0,5.0,2.0,3.0,0.0,0.0,0.0,0.0,1.0,0.0,0.0,0.0,0.0,0.0,0.0,0.0,0.0,0.0,0.0,0.0,0.0,0.0,0.0,0.0,-0.27655726800636615,-0.15069915483669605,0.142857142857143,-100.0,0.0,-0.00019999999494757503,-0.00019997400522697717,0.0,-0.18799999356269836,-0.017455900087952614,0.009999999776482582,,0.0,-0.019999999552965164,-3.888271753182959e-10,0.6,93.33333333,0.4,79.5,,,,,,,,-0.08105181157588959,-0.2037362903356552,,,,-2.7017270525296526,-10.18681451678276,,,,0.5,1.0,0.6,0.0,0.0,0.0,0.2,,0.6,0.0,0.0,0.0,0.0,0.0,0.0,0.0,,,,,,,0.2,0.4,,,0.4,,,,94.0999984741211,93.19999694824219,,,79.69999694824219,,,,9.789999961853027,11.774999618530273,,,-6.489999771118164,,,,6.0,2.815000057220459,,,-2.265000104904175,,,,-0.06530402600765228,-0.015747781842947006,,,-0.2037362903356552,,,,-6.530402600765228,-0.7873890921473503,,,-10.18681451678276,,,,0.33333333,1.0,0.6,0.0,0.0,0.0,0.4,,,0.2,,0.4,0.4,,,94.13690185546875,,93.19104766845703,79.64039611816406,,,9.14719009399414,,11.113450050354004,-7.017535209655762,,,5.3111701011657715,,1.8324899673461914,-3.1384599208831787,,,-0.06530402600765228,,-0.015747781842947006,-0.2037362903356552,,,-6.530402600765228,,-0.7873890921473503,-10.18681451678276,0.33333333,1.0,0.6,0.0,0.0,0.0,0.4,0.0,,,0.0,,,0.0,,Terrance Gore,13658,2019-06-05,0
15,KCR,@TEX,2019,28,8,RF,1.0,4.0,4.0,1.0,1.0,0.0,0.0,0.0,0.0,0.0,0.0,0.0,1.0,0.0,0.0,0.0,0.0,0.0,0.0,0.25,0.0,2.0,0.0,1.0,12.0,3.0,9.0,0.0,1.0,1.0,0.0,0.25,0.0,0.25,0.25,0.5,0.0,0.33333333,0.0,0.0,0.0,1.0,0.5,0.0,0.0,1.0,0.21740181744098663,-0.3545305409960312,0.1489019116826492,0.142857142857143,26.973424525468285,-0.002178742317482829,-0.0347599983215332,-0.10480000078678131,0.07004000246524811,-0.5619999766349792,-0.04742620140314102,1.378499984741211,,0.0,-0.04861430078744888,0.023398487435039757,0.91666667,91.63636364,0.08333333,84.0,,,,,,,,-0.18759393692016602,-0.17990243434906006,,,,-1.7053994265469639,-17.990243434906006,,,,0.42857143,0.6,0.5,0.66666667,1.0,0.83333333,0.41666667,0.75,0.08333333,0.0,2.0,1.0,2.0,1.0,0.0,3.0,0.0,0.66666667,0.33333333,0.66666667,0.33333333,0.0,0.16666667,,,0.75,0.08333333,,,,91.35000610351562,,,91.54444715711806,83.5999984741211,,,,-7.550000190734863,,,-7.458888583713108,0.7799999713897705,,,,8.425000190734863,,,7.524444580078125,0.4099999964237213,,,,-0.2728937603533268,,,0.08529981598258018,-0.17990243434906006,,,,-13.64468801766634,,,0.9477757331397798,-17.990243434906006,,,,0.6,0.42857143,0.5,0.66666667,1.0,0.83333333,0.58333333,,,0.91666667,,,0.08333333,,,91.53950639204545,,,83.61609649658203,,,-6.7419655539772725,,,1.7684799432754517,,,6.515422474254262,,,-1.2717100381851196,,,-0.1875939443707466,,,-0.17990243434906006,,,-1.7053994942795148,,,-17.990243434906006,0.6,0.42857143,0.5,0.66666667,1.0,0.83333333,0.58333333,3.0,65.69999694824219,55.0,0.0,0.0,67.3,0.0,0.0,Terrance Gore,13658,2019-06-02,0
16,KCR,@CHW,2019,28,8,PR,1.0,0.0,0.0,0.0,0.0,0.0,0.0,0.0,1.0,0.0,0.0,0.0,0.0,0.0,0.0,0.0,0.0,1.0,0.0,0.0,0.0,0.0,0.0,0.0,0.0,0.0,0.0,0.0,0.0,0.0,0.0,0.0,0.0,0.0,0.0,0.0,0.0,0.0,0.0,0.0,0.0,0.0,0.0,0.0,0.0,0.0,0.0,0.0,0.0,0.5,,0.20000000298023224,0.07253000140190125,0.0,0.07253000140190125,0.4959999918937683,0.0488428995013237,3.524600028991699,,0.0,0.02057819999754429,2.187310873050241e-08,,,,,,,,,,,,,,,,,,,,,,,,,,,,,,,,,,,,,,,,,,,,,,,,,,,,,,,,,,,,,,,,,,,,,,,,,,,,,,,,,,,,,,,,,,,,,,,,,,,,,,,,,,,,,,,,,,,,,,,,,,,,,,,,,,,,,,,,,,,,,,0.0,,,,,,,,Terrance Gore,13658,2019-05-29,0
17,KCR,@CHW,2019,28,8,PR,1.0,0.0,0.0,0.0,0.0,0.0,0.0,0.0,0.0,0.0,0.0,0.0,0.0,0.0,0.0,0.0,0.0,0.0,1.0,0.0,0.0,0.0,0.0,0.0,0.0,0.0,0.0,0.0,0.0,0.0,0.0,0.0,0.0,0.0,0.0,0.0,0.0,0.0,0.0,0.0,0.0,0.0,0.0,0.0,0.0,0.0,0.0,0.0,0.0,0.0,,-0.43528249859809875,-0.14237800240516663,-0.14237800240516663,0.0,-0.6389999985694885,-0.06292469799518585,3.4405999183654785,,0.0,-0.041381701827049255,-3.559762811605749e-08,,,,,,,,,,,,,,,,,,,,,,,,,,,,,,,,,,,,,,,,,,,,,,,,,,,,,,,,,,,,,,,,,,,,,,,,,,,,,,,,,,,,,,,,,,,,,,,,,,,,,,,,,,,,,,,,,,,,,,,,,,,,,,,,,,,,,,,,,,,,,,0.0,,,,,,,,Terrance Gore,13658,2019-05-28,0
18,KCR,NYY,2019,28,9,CF,1.0,4.0,4.0,0.0,0.0,0.0,0.0,0.0,0.0,0.0,0.0,0.0,4.0,0.0,0.0,0.0,0.0,0.0,0.0,0.0,0.0,0.0,0.0,0.0,20.0,5.0,15.0,0.0,0.0,0.0,0.0,1.0,0.0,0.0,0.0,0.0,0.0,0.0,0.0,0.0,0.0,0.0,0.0,0.0,0.0,0.0,0.0,-1.1062290720254646,-0.6027966193467842,0.142857142857143,-100.0,0.0,-0.13065199553966522,-0.13065199553966522,0.0,-0.8360000252723694,-0.07762300223112106,1.1965999603271484,,0.0,-0.10948000103235245,0.00029397406311773566,0.65,94.53846154,0.1,84.0,,,0.15,79.66666667,0.1,91.5,,-1.0175809860229492,-0.14009955525398254,,-0.02173909917473793,0.06573854386806488,-7.8275460463303785,-7.004977762699127,,-0.7246366391579311,3.286927193403244,0.33333333,0.5,0.4,0.75,0.75,0.75,0.4,0.75,0.1,0.0,0.0,0.0,0.0,0.0,0.0,0.0,,,,,,,0.65,,,,0.1,0.15,,0.1,94.66922701322116,,,,84.05000305175781,79.40000406901042,,91.6500015258789,-1.9907691662128155,,,,-6.005000114440918,8.59000015258789,,-8.584999084472656,8.179999718299278,,,,0.2499999850988388,-3.623333295186361,,1.6050000190734863,-1.0175810419023037,,,,-0.14009955525398254,-0.02173909917473793,,0.06573854386806488,-7.827546476171567,,,,-7.004977762699127,-0.7246366391579311,,3.286927193403244,0.36363636,0.44444444,0.4,0.75,0.75,0.75,0.45,0.05,0.15,0.6,,,0.1,91.22989654541016,79.53070068359375,94.63522338867188,,,84.18470001220703,-8.459039688110352,9.321123758951822,-1.496413230895996,,,-6.354629993438721,-0.9553689956665039,-4.9973500569661455,7.427126566569011,,,-0.9927943348884583,0.023833870887756348,-0.02173909917473793,-0.7846757136285305,,,-0.14009955525398254,2.3833870887756348,-0.7246366391579311,-6.538964280237754,,,-7.004977762699127,0.33333333,0.5,0.4,0.75,0.75,0.75,0.4,0.0,,,0.0,,,0.0,,Terrance Gore,13658,2019-05-25,2
19,KCR,@STL,2019,28,9,PH,1.0,1.0,1.0,0.0,0.0,0.0,0.0,0.0,0.0,0.0,0.0,0.0,0.0,0.0,0.0,0.0,0.0,0.0,0.0,0.0,1.0,0.0,0.0,0.0,3.0,0.0,3.0,0.0,0.0,0.0,0.0,0.0,0.0,0.0,0.0,0.0,0.0,0.0,1.0,0.0,1.0,0.0,0.0,0.0,0.0,0.0,0.0,-0.27655726800636615,-0.15069915483669605,0.142857142857143,-100.0,0.0,-0.03457999974489212,-0.03457999974489212,0.0,-0.35499998927116394,-0.03697919845581055,1.5119999647140503,1.5119999647140503,1.0,-0.022870400920510292,3.018513008642976e-08,0.33333333,91.0,,,0.33333333,84.0,0.33333333,75.0,,,,-0.24561652541160583,,-0.04557297006249428,-0.05931270867586136,,-24.561652541160583,,-4.557297006249428,-5.931270867586136,,,0.66666667,0.66666667,,1.0,1.0,1.0,1.0,0.0,0.0,0.0,1.0,0.0,1.0,0.0,1.0,0.0,0.0,1.0,0.0,1.0,0.0,,,0.33333333,0.33333333,,0.33333333,,,,,84.0,91.0,,74.5999984741211,,,,,3.740000009536743,-8.3100004196167,,7.869999885559082,,,,,0.7599999904632568,6.110000133514404,,-8.229999542236328,,,,,-0.04557297006249428,-0.24561652541160583,,-0.05931270867586136,,,,,-4.557297006249428,-24.561652541160583,,-5.931270867586136,,,,0.66666667,0.66666667,,1.0,1.0,1.0,,0.33333333,,0.33333333,0.33333333,,,74.6436996459961,,83.9718017578125,91.11750030517578,,,8.422499656677246,,4.293759822845459,-7.964630126953125,,,-10.015199661254883,,-0.5803239941596985,4.823740005493164,,,-0.05931270867586136,,-0.04557297006249428,-0.24561652541160583,,,-5.931270867586136,,-4.557297006249428,-24.561652541160583,,,0.66666667,0.66666667,,1.0,1.0,1.0,1.0,88.0999984741211,-13.0,0.0,0.0,88.1,0.0,0.0,Terrance Gore,13658,2019-05-22,2
20,KCR,@LAA,2019,28,8,PR,1.0,0.0,0.0,0.0,0.0,0.0,0.0,0.0,0.0,0.0,0.0,0.0,0.0,0.0,0.0,0.0,0.0,0.0,0.0,0.0,0.0,0.0,0.0,0.0,0.0,0.0,0.0,0.0,0.0,0.0,0.0,0.0,0.0,0.0,0.0,0.0,0.0,0.0,0.0,0.0,0.0,0.0,0.0,0.0,0.0,0.0,0.0,0.0,0.0,0.142857142857143,,0.0,,,,,,,,0.0,,,,,,,,,,,,,,,,,,,,,,,,,,,,,,,,,,,,,,,,,,,,,,,,,,,,,,,,,,,,,,,,,,,,,,,,,,,,,,,,,,,,,,,,,,,,,,,,,,,,,,,,,,,,,,,,,,,,,,,,,,,,,,,,,,,,,,,,,,,,,,,,0.0,,,,,,,,Terrance Gore,13658,2019-05-19,0
21,KCR,TEX,2019,28,4,LF,1.0,1.0,1.0,1.0,1.0,0.0,0.0,0.0,0.0,0.0,0.0,0.0,0.0,0.0,0.0,0.0,0.0,0.0,0.0,1.0,1.0,0.0,0.0,0.0,2.0,0.0,2.0,0.0,0.0,0.0,0.0,0.0,0.0,1.0,1.0,2.0,0.0,1.0,1.0,0.0,1.0,0.0,0.0,0.0,0.0,0.0,0.8696072697639465,0.47514126302306736,0.6009993761927375,0.142857142857143,467.9377297059407,-0.002178742317482829,0.00023600000713486224,0.0,0.00023603900626767427,0.21799999475479126,0.020241400226950645,0.009999999776482582,,0.0,0.023600000888109207,3.528781503114864e-10,1.0,95.5,,,,,,,,,,0.4630792438983917,,,,,23.153962194919586,,,,,,0.5,0.5,,1.0,1.0,1.0,1.0,0.0,0.0,0.0,1.0,0.0,1.0,0.0,1.0,0.0,0.0,1.0,0.0,1.0,0.0,,1.0,,,,,,,,95.30000305175781,,,,,,,,4.625,,,,,,,,5.114999771118164,,,,,,,,0.4630792401731014,,,,,,,,23.15396200865507,,,,,,,,0.5,0.5,,1.0,1.0,1.0,,,,,1.0,,,,,,95.52659606933594,,,,,,4.227075099945068,,,,,,3.9505300521850586,,,,,,0.4630792401731014,,,,,,23.15396200865507,,,0.5,0.5,,1.0,1.0,1.0,1.0,94.4000015258789,-2.0,0.0,0.0,94.4,0.0,0.0,Terrance Gore,13658,2019-05-16,0
22,KCR,@HOU,2019,28,8,LF,1.0,4.0,4.0,1.0,1.0,0.0,0.0,0.0,0.0,0.0,0.0,0.0,2.0,0.0,0.0,0.0,0.0,0.0,0.0,0.25,1.0,0.0,1.0,0.0,17.0,8.0,9.0,0.0,0.0,0.0,0.0,0.5,0.0,0.25,0.25,0.5,0.0,0.5,1.0,0.5,0.5,0.0,0.0,0.0,0.0,0.0,0.21740181744098663,-0.3545305409960312,0.1489019116826492,0.142857142857143,26.973424525468285,-0.002178742317482829,-0.021460000425577164,-0.02710000053048134,0.005640009883791208,-0.4749999940395355,-0.04761910066008568,0.2904999852180481,,0.0,-0.013853699900209904,-0.06001893871445087,0.70588235,93.16666667,0.29411765,82.8,,,,,,,,-0.1469634473323822,-0.17950749397277832,,,,-1.2246953944365182,-3.590149879455566,,,,0.2,0.42857143,0.29411765,0.0,1.0,0.6,0.41176471,0.5,0.11764706,1.0,0.0,1.0,0.0,1.0,1.0,2.0,0.5,0.0,0.5,0.0,0.5,0.5,0.23529412,0.47058824,,,0.29411765,,,,95.80000305175781,91.9000015258789,,,82.74000244140625,,,,-7.704999923706055,-11.1875,,,7.401999664306641,,,,8.84749984741211,5.487500190734863,,,1.5340000152587892,,,,-0.04804861918091774,-0.09891482815146446,,,-0.16677185148000717,,,,-1.2012154795229435,-1.2364353518933058,,,-3.3354370296001434,,,,0.22222222,0.375,0.29411765,0.0,1.0,0.6,0.47058824,,,0.23529412,,0.47058824,0.29411765,,,95.90132904052734,,91.9451904296875,82.6923828125,,,-7.195677280426025,,-10.607114791870117,8.523359680175782,,,7.454802513122559,,4.293046474456787,0.019234013557434083,,,-0.04804861918091774,,-0.09891482815146446,-0.16677185148000717,,,-1.2012154795229435,,-1.2364353518933058,-3.3354370296001434,0.22222222,0.375,0.29411765,0.0,1.0,0.6,0.47058824,2.0,81.5999984741211,-1.5,0.0,0.0,98.6,1.0,0.5,Terrance Gore,13658,2019-05-08,0
23,KCR,@DET,2019,28,8,PR,1.0,0.0,0.0,0.0,0.0,0.0,0.0,0.0,0.0,0.0,0.0,0.0,0.0,0.0,0.0,0.0,0.0,1.0,0.0,0.0,0.0,0.0,0.0,0.0,0.0,0.0,0.0,0.0,0.0,0.0,0.0,0.0,0.0,0.0,0.0,0.0,0.0,0.0,0.0,0.0,0.0,0.0,0.0,0.0,0.0,0.0,0.0,0.0,0.0,0.5,,0.20000000298023224,0.038339998573064804,0.0,0.038339998573064804,0.09399999678134918,0.008826290257275105,2.4159998893737793,,0.0,0.015869200229644775,5.204384624646341e-09,,,,,,,,,,,,,,,,,,,,,,,,,,,,,,,,,,,,,,,,,,,,,,,,,,,,,,,,,,,,,,,,,,,,,,,,,,,,,,,,,,,,,,,,,,,,,,,,,,,,,,,,,,,,,,,,,,,,,,,,,,,,,,,,,,,,,,,,,,,,,,0.0,,,,,,,,Terrance Gore,13658,2019-05-05,0
24,KCR,@DET,2019,28,3,LF,1.0,0.0,0.0,0.0,0.0,0.0,0.0,0.0,0.0,0.0,0.0,0.0,0.0,0.0,0.0,0.0,0.0,0.0,0.0,0.0,0.0,0.0,0.0,0.0,0.0,0.0,0.0,0.0,0.0,0.0,0.0,0.0,0.0,0.0,0.0,0.0,0.0,0.0,0.0,0.0,0.0,0.0,0.0,0.0,0.0,0.0,0.0,0.0,0.0,0.142857142857143,,0.0,,,,,,,,0.0,,,,,,,,,,,,,,,,,,,,,,,,,,,,,,,,,,,,,,,,,,,,,,,,,,,,,,,,,,,,,,,,,,,,,,,,,,,,,,,,,,,,,,,,,,,,,,,,,,,,,,,,,,,,,,,,,,,,,,,,,,,,,,,,,,,,,,,,,,,,,,,,0.0,,,,,,,,Terrance Gore,13658,2019-05-04,0
25,KCR,TBR,2019,28,8,LF,1.0,4.0,4.0,1.0,1.0,0.0,0.0,0.0,1.0,0.0,0.0,0.0,0.0,0.0,0.0,0.0,0.0,0.0,0.0,0.25,4.0,0.0,0.0,0.0,14.0,4.0,10.0,0.0,0.0,0.0,0.0,0.0,0.0,0.25,0.25,0.5,0.0,0.25,4.0,0.0,1.0,0.0,0.0,0.0,0.0,0.0,0.21740181744098663,-0.3545305409960312,0.1489019116826492,2.642857142857143,26.973424525468285,-0.002178742317482829,0.002655989956110716,-0.01410400029271841,0.016759999096393585,-0.09799999743700027,-0.009099350310862064,0.24629999697208405,,0.0,-0.014687400311231613,0.025470956903852073,0.42857143,94.16666667,0.07142857,84.0,0.14285714,87.5,0.21428571,81.0,0.14285714,88.5,,0.2521548271179199,-0.05931270867586136,-0.03547883778810501,-0.47304433584213257,0.08063134551048279,4.202580451965332,-5.931270867586136,-1.7739418894052505,-15.768144528071085,4.031567275524139,0.33333333,0.5,0.42857143,0.5,1.0,0.83333333,0.57142857,0.75,0.07142857,1.0,3.0,0.0,2.0,2.0,0.0,4.0,0.25,0.75,0.0,0.5,0.5,0.0,0.42857143,,,,0.21428571,0.21428571,,0.14285714,94.15000406901042,,,,85.96666463216145,81.13333129882812,,88.0999984741211,1.7833333015441895,,,,3.7866668701171875,1.933333396911621,,6.349999904632568,10.553333282470703,,,,-0.6699999968210856,-6.3700002034505205,,6.880000114440918,0.2521548345685005,,,,-0.09479154646396637,-0.47304433584213257,,0.08063134551048279,4.202580576141676,,,,-3.1597182154655457,-15.768144528071085,,4.031567275524139,0.16666667,0.625,0.42857143,0.0,1.0,0.83333333,0.57142857,0.14285714,0.21428571,0.42857143,,,0.21428571,88.59555053710938,81.47159830729167,94.59983317057292,,,86.29686482747395,6.010624885559082,1.9132534662882488,1.630051612854004,,,4.103326797485352,5.298384666442871,-7.695852915445964,9.352938334147135,,,-1.694576581319173,0.08063134551048279,-0.47304433584213257,0.2521548345685005,,,-0.09479154646396637,4.031567275524139,-15.768144528071085,4.202580576141676,,,-3.1597182154655457,0.16666667,0.625,0.42857143,0.0,1.0,0.83333333,0.57142857,4.0,87.0,-16.25,0.0,0.0,99.3,1.0,0.25,Terrance Gore,13658,2019-05-01,2
26,KCR,TBR,2019,28,8,PR,1.0,0.0,0.0,0.0,0.0,0.0,0.0,0.0,0.0,0.0,0.0,0.0,0.0,0.0,0.0,0.0,0.0,0.0,1.0,0.0,0.0,0.0,0.0,0.0,0.0,0.0,0.0,0.0,0.0,0.0,0.0,0.0,0.0,0.0,0.0,0.0,0.0,0.0,0.0,0.0,0.0,0.0,0.0,0.0,0.0,0.0,0.0,0.0,0.0,0.0,,-0.43528249859809875,-0.05601600185036659,-0.05601600185036659,0.0,-0.7300000190734863,-0.06778089702129364,1.628000020980835,,0.0,-0.03440789878368378,3.5682663573899376e-08,,,,,,,,,,,,,,,,,,,,,,,,,,,,,,,,,,,,,,,,,,,,,,,,,,,,,,,,,,,,,,,,,,,,,,,,,,,,,,,,,,,,,,,,,,,,,,,,,,,,,,,,,,,,,,,,,,,,,,,,,,,,,,,,,,,,,,,,,,,,,,0.0,,,,,,,,Terrance Gore,13658,2019-05-01,1
27,KCR,@TBR,2019,28,8,RF,1.0,4.0,4.0,2.0,2.0,0.0,0.0,0.0,0.0,0.0,0.0,0.0,0.0,0.0,0.0,0.0,0.0,0.0,1.0,0.5,1.0,1.0,1.0,0.0,13.0,3.0,10.0,0.0,1.0,1.0,0.0,0.0,0.0,0.5,0.5,1.0,0.0,0.5,1.0,0.33333333,0.33333333,0.33333333,0.0,0.0,0.0,1.0,0.43480363488197327,0.3971679900334023,0.9006004427120827,2.5,173.96152625229243,-0.4396399832330644,-0.0677340030670166,-0.1344520002603531,0.06671799719333649,-0.9639999866485596,-0.09693309664726257,0.9404399991035461,,0.0,-0.048832301050424576,-0.02319143585100726,0.69230769,91.55555556,0.07692308,70.0,0.07692308,82.0,,,0.15384615,80.0,,0.9393642544746399,0.02982518821954727,-0.372119665145874,,-0.1765146255493164,10.437380605273777,2.982518821954727,-37.2119665145874,,-8.82573127746582,0.4,0.75,0.61538462,0.5,0.83333333,0.75,0.61538462,1.0,0.15384615,2.0,1.0,1.0,1.0,3.0,0.0,4.0,0.5,0.25,0.25,0.25,0.75,0.0,0.38461538,,0.07692308,0.30769231,,0.07692308,,0.15384615,95.55999755859375,,82.4000015258789,86.125,,70.19999694824219,,79.55000305175781,4.197999954223633,,-0.47999998927116394,9.837499618530273,,-8.470000267028809,,11.039999961853027,12.230000305175782,,4.079999923706055,7.777500152587891,,1.1200000047683716,,5.494999885559082,0.4630792923271656,,-0.372119665145874,0.476284958422184,,0.02982518821954727,,-0.176514632999897,9.261585846543312,,-37.2119665145874,11.9071239605546,,2.982518821954727,,-8.82573164999485,0.0,0.8,0.61538462,,0.75,0.75,0.76923077,0.15384615,,0.69230769,0.07692308,,0.07692308,79.73045349121094,,91.64161512586806,82.60350036621094,,70.30349731445312,10.638480186462402,,6.0654479132758246,-1.2671699523925781,,-8.663579940795898,3.926769733428955,,8.620736863878038,2.7340800762176514,,-0.3182399868965149,-0.176514632999897,,0.9393642507493496,-0.372119665145874,,0.02982518821954727,-8.82573164999485,,10.437380563881662,-37.2119665145874,,2.982518821954727,0.0,0.8,0.61538462,,0.75,0.75,0.76923077,4.0,77.2999979654948,11.333333333333334,0.0,0.0,88.1,0.0,0.0,Terrance Gore,13658,2019-04-24,0
28,KCR,@NYY,2019,28,4,PR-DH,1.0,0.0,0.0,0.0,0.0,0.0,0.0,0.0,0.0,0.0,0.0,0.0,0.0,0.0,0.0,0.0,0.0,0.0,1.0,0.0,0.0,0.0,0.0,0.0,0.0,0.0,0.0,0.0,0.0,0.0,0.0,0.0,0.0,0.0,0.0,0.0,0.0,0.0,0.0,0.0,0.0,0.0,0.0,0.0,0.0,0.0,0.0,0.0,0.0,0.0,,-0.43528249859809875,-0.14429600536823273,-0.14429600536823273,0.0,-0.652999997138977,-0.06254789978265762,3.412400007247925,,0.0,-0.042285799980163574,1.7228508272792986e-08,,,,,,,,,,,,,,,,,,,,,,,,,,,,,,,,,,,,,,,,,,,,,,,,,,,,,,,,,,,,,,,,,,,,,,,,,,,,,,,,,,,,,,,,,,,,,,,,,,,,,,,,,,,,,,,,,,,,,,,,,,,,,,,,,,,,,,,,,,,,,,0.0,,,,,,,,Terrance Gore,13658,2019-04-21,0
29,KCR,@NYY,2019,28,9,RF,1.0,3.0,4.0,1.0,1.0,0.0,0.0,0.0,1.0,0.0,1.0,0.0,2.0,0.0,0.0,0.0,0.0,0.0,0.0,0.33333333,0.0,0.0,0.0,0.0,20.0,9.0,11.0,0.0,1.0,1.0,0.25,0.5,0.5,0.5,0.33333333,0.83333333,0.0,1.0,0.0,0.0,0.0,0.0,0.0,0.0,0.0,1.0,0.389975443482399,0.24216797200037302,0.7456004246790534,2.642857142857143,143.65262251252128,-0.004357484634965658,0.12966400384902954,-0.03065199963748455,0.16031600534915924,1.0640000104904175,0.10191600024700165,0.9998000264167786,,0.0,0.05720369890332222,0.07248623950739908,0.3,93.5,0.3,81.16666667,0.4,88.625,,,,,,-0.3005358874797821,0.09793815016746521,0.432534784078598,,,-5.008931457996368,1.632302502791087,5.406684800982475,,,0.08333333,0.5,0.25,0.0,0.75,0.6,0.4,0.5,0.1,0.0,0.0,1.0,0.0,1.0,0.0,1.0,0.0,0.0,1.0,0.0,1.0,0.0,0.1,,0.4,0.2,0.3,,,,92.94999694824219,,88.4625015258789,93.9000015258789,81.0,,,,-5.730000019073486,,1.3949999809265137,8.710000038146973,1.0583333174387615,,,,6.880000114440918,,6.856249809265137,5.735000133514404,1.121666669845581,,,,-0.015747781842947006,,0.432534784078598,-0.2847881130874157,0.09793815016746521,,,,-0.7873890921473503,,5.406684800982475,-7.119702827185392,1.632302502791087,,,,0.11111111,0.36363636,0.25,0.0,0.75,0.6,0.55,,,0.1,0.4,0.2,0.3,,,93.15019989013672,88.64057159423828,93.94282531738281,81.12184651692708,,,-4.967144966125488,0.6893592476844788,8.507989883422852,1.1537549495697021,,,5.96003532409668,5.8998212814331055,4.011175155639648,-0.40834279855092365,,,-0.015747781842947006,0.432534784078598,-0.2847881130874157,0.09793815016746521,,,-0.7873890921473503,5.406684800982475,-7.119702827185392,1.632302502791087,0.11111111,0.36363636,0.25,0.0,0.75,0.6,0.55,1.0,,,0.0,0.0,,0.0,0.0,Terrance Gore,13658,2019-04-19,0
30,KCR,@CHW,2019,28,5,PR,1.0,0.0,0.0,0.0,0.0,0.0,0.0,0.0,0.0,0.0,0.0,0.0,0.0,0.0,0.0,0.0,0.0,0.0,1.0,0.0,0.0,0.0,0.0,0.0,0.0,0.0,0.0,0.0,0.0,0.0,0.0,0.0,0.0,0.0,0.0,0.0,0.0,0.0,0.0,0.0,0.0,0.0,0.0,0.0,0.0,0.0,0.0,0.0,0.0,0.0,,-0.43528249859809875,-0.043375998735427856,-0.043375998735427856,0.0,-0.43799999356269836,-0.043131500482559204,1.2386000156402588,,0.0,-0.03502019867300987,1.6057392936141834e-08,,,,,,,,,,,,,,,,,,,,,,,,,,,,,,,,,,,,,,,,,,,,,,,,,,,,,,,,,,,,,,,,,,,,,,,,,,,,,,,,,,,,,,,,,,,,,,,,,,,,,,,,,,,,,,,,,,,,,,,,,,,,,,,,,,,,,,,,,,,,,,0.0,,,,,,,,Terrance Gore,13658,2019-04-17,0
31,KCR,CLE,2019,28,5,PR,1.0,0.0,0.0,0.0,0.0,0.0,0.0,0.0,1.0,0.0,0.0,0.0,0.0,0.0,0.0,0.0,0.0,1.0,0.0,0.0,0.0,0.0,0.0,0.0,0.0,0.0,0.0,0.0,0.0,0.0,0.0,0.0,0.0,0.0,0.0,0.0,0.0,0.0,0.0,0.0,0.0,0.0,0.0,0.0,0.0,0.0,0.0,0.0,0.0,0.5,,0.20000000298023224,0.21221600472927094,0.0,0.21221600472927094,0.5239999890327454,0.048653699457645416,3.121999979019165,,0.0,0.06797440350055695,-2.612854217709515e-08,,,,,,,,,,,,,,,,,,,,,,,,,,,,,,,,,,,,,,,,,,,,,,,,,,,,,,,,,,,,,,,,,,,,,,,,,,,,,,,,,,,,,,,,,,,,,,,,,,,,,,,,,,,,,,,,,,,,,,,,,,,,,,,,,,,,,,,,,,,,,,0.0,,,,,,,,Terrance Gore,13658,2019-04-14,0
32,KCR,SEA,2019,28,9,CF,1.0,4.0,4.0,0.0,0.0,0.0,0.0,0.0,0.0,0.0,0.0,0.0,3.0,0.0,0.0,0.0,0.0,0.0,0.0,0.0,0.0,1.0,0.0,0.0,17.0,3.0,14.0,0.0,0.0,0.0,0.0,0.75,0.0,0.0,0.0,0.0,0.0,0.0,0.0,0.0,0.0,1.0,0.0,0.0,0.0,0.0,0.0,-1.1062290720254646,-0.6027966193467842,0.142857142857143,-100.0,0.0,-0.061879999935626984,-0.061879999935626984,0.0,-1.3530000448226929,-0.12562699615955353,0.6201000213623047,,0.0,-0.10110499709844589,0.0013146442458816937,0.64705882,90.81818182,0.23529412,82.0,0.11764706,88.5,,,,,,-0.417856901884079,-0.4100320339202881,-0.2866334915161133,,,-3.798699108037082,-10.250800848007202,-14.331674575805664,,,0.42857143,0.4,0.41176471,0.33333333,0.75,0.57142857,0.58823529,0.5,0.17647059,0.0,1.0,0.0,0.0,1.0,0.0,1.0,0.0,1.0,0.0,0.0,1.0,0.0,0.58823529,,0.05882353,0.11764706,0.23529412,,,,91.02999877929688,,87.69999694824219,88.39999389648438,81.94999694824219,,,,-4.181000137329102,,-2.509999990463257,-9.164999961853027,1.0924999713897705,,,,9.447000122070312,,5.079999923706055,-0.05500000715255737,2.015000104904175,,,,-0.5449462234973907,,-0.05931270867586136,-0.10023147985339165,-0.4100320376455784,,,,-5.4494622349739075,,-5.931270867586136,-5.011573992669582,-10.25080094113946,,,,0.42857143,0.4,0.41176471,0.33333333,0.75,0.57142857,0.58823529,,0.05882353,0.47058824,0.11764706,0.17647059,0.17647059,,80.78019714355469,92.10585021972656,88.36949920654297,88.5550028483073,82.61193339029948,,1.648460030555725,-3.85648250579834,-2.0542850494384766,-7.454626719156901,1.820466677347819,,0.20692500472068787,9.773448944091797,3.3814949989318848,0.8338356018066406,1.5596663157145183,,-0.17990243434906006,-0.27205246314406395,-0.2866334989666939,-0.14580444991588593,-0.23012960329651833,,-17.990243434906006,-3.4006557893007994,-14.331674948334694,-4.860148330529531,-7.670986776550611,0.42857143,0.4,0.41176471,0.33333333,0.75,0.57142857,0.58823529,1.0,86.5,31.0,0.0,0.0,86.5,0.0,0.0,Terrance Gore,13658,2019-04-11,0
33,KCR,SEA,2019,28,9,LF,1.0,4.0,4.0,3.0,1.0,1.0,1.0,0.0,1.0,1.0,0.0,0.0,0.0,0.0,0.0,0.0,0.0,2.0,0.0,0.75,2.0,1.0,1.0,0.0,18.0,8.0,10.0,1.0,0.0,0.0,0.0,0.0,0.0,0.75,1.5,2.25,0.75,0.75,2.0,0.25,0.5,0.25,0.0,0.0,0.5,0.0,0.9038217216730118,2.018866515910542,2.5222989685892223,8.9583333125,491.0705507510195,0.39782126364298165,0.31171199679374695,-0.03360399976372719,0.34531599283218384,1.4170000553131104,0.1315689980983734,2.177069902420044,,0.0,0.15812499821186066,-0.014945398674314325,0.72222222,93.30769231,0.22222222,87.5,,,0.05555556,76.0,,,,0.8246386647224426,1.2552783489227295,,-0.04557297006249428,,6.34337434401879,31.381958723068237,,-4.557297006249428,,0.11111111,0.55555556,0.33333333,1.0,1.0,1.0,0.5,0.25,0.0,3.0,1.0,0.0,2.0,1.0,1.0,4.0,0.75,0.25,0.0,0.5,0.25,0.25,0.72222222,,,,0.22222222,0.05555556,,,93.22307880108173,,,,87.375,75.80000305175781,,,2.9392306988055887,,,,1.8475000858306885,-4.079999923706055,,,8.633845989520733,,,,2.0975000858306885,-8.800000190734863,,,0.8246386796236038,,,,1.2552783153951168,-0.04557297006249428,,,6.343374458643106,,,,31.38195788487792,-4.557297006249428,,,0.0,0.6,0.33333333,,1.0,1.0,0.55555556,,0.05555556,0.72222222,,,0.22222222,,76.13809967041016,93.53517503004808,,,87.62249755859375,,-4.8914899826049805,2.6565355154184194,,,2.217474937438965,,-10.178799629211426,7.601830702561599,,,1.0484135150909424,,-0.04557297006249428,0.8246386796236038,,,1.2552783153951168,,-4.557297006249428,6.343374458643106,,,31.38195788487792,0.0,0.6,0.33333333,,1.0,1.0,0.55555556,4.0,88.42500305175781,0.75,0.0,0.0,96.5,1.0,0.25,Terrance Gore,13658,2019-04-10,0
34,KCR,SEA,2019,28,1,RF,1.0,1.0,1.0,1.0,1.0,0.0,0.0,0.0,1.0,0.0,0.0,0.0,0.0,0.0,0.0,0.0,0.0,0.0,0.0,1.0,0.0,0.0,1.0,0.0,1.0,0.0,1.0,0.0,0.0,0.0,0.0,0.0,0.0,1.0,1.0,2.0,0.0,1.0,0.0,1.0,0.0,0.0,0.0,0.0,0.0,0.0,0.8696072697639465,0.47514126302306736,0.6009993761927375,2.642857142857143,467.9377297059407,-0.002178742317482829,0.00013600000238511711,0.0,0.00013596299686469138,0.2800000011920929,0.025998100638389587,0.0,,0.0,0.0,,1.0,90.0,,,,,,,,,,0.4630792737007141,,,,,46.30792737007141,,,,,,1.0,1.0,,1.0,1.0,1.0,1.0,0.0,1.0,0.0,0.0,0.0,0.0,1.0,1.0,1.0,0.0,0.0,0.0,0.0,1.0,1.0,,,,,,,,89.5999984741211,,,,,,,,-9.109999656677246,,,,,,,,5.559999942779541,,,,,,,,0.4630792737007141,,,,,,,,46.30792737007141,,,,,,,,,1.0,1.0,,1.0,1.0,1.0,,,1.0,,,,,,89.83560180664062,,,,,,-8.469260215759277,,,,,,4.615749835968018,,,,,,0.4630792737007141,,,,,,46.30792737007141,,,,,1.0,1.0,,1.0,1.0,1.0,1.0,98.19999694824219,7.0,0.0,0.0,98.2,1.0,1.0,Terrance Gore,13658,2019-04-08,0
35,KCR,@DET,2019,28,5,PR,1.0,0.0,0.0,0.0,0.0,0.0,0.0,0.0,1.0,0.0,0.0,0.0,0.0,0.0,0.0,0.0,0.0,1.0,0.0,0.0,0.0,0.0,0.0,0.0,0.0,0.0,0.0,0.0,0.0,0.0,0.0,0.0,0.0,0.0,0.0,0.0,0.0,0.0,0.0,0.0,0.0,0.0,0.0,0.0,0.0,0.0,0.0,0.0,0.0,0.5,,0.20000000298023224,0.04554000124335289,0.0,0.04554000124335289,0.2370000034570694,0.022253500297665596,2.3380000591278076,,0.0,0.019478200003504753,-1.3480129890802717e-08,,,,,,,,,,,,,,,,,,,,,,,,,,,,,,,,,,,,,,,,,,,,,,,,,,,,,,,,,,,,,,,,,,,,,,,,,,,,,,,,,,,,,,,,,,,,,,,,,,,,,,,,,,,,,,,,,,,,,,,,,,,,,,,,,,,,,,,,,,,,,,0.0,,,,,,,,Terrance Gore,13658,2019-04-06,0
36,KCR,MIN,2019,28,8,PR,1.0,0.0,0.0,0.0,0.0,0.0,0.0,0.0,0.0,0.0,0.0,0.0,0.0,0.0,0.0,0.0,0.0,0.0,0.0,0.0,0.0,0.0,0.0,0.0,0.0,0.0,0.0,0.0,0.0,0.0,0.0,0.0,0.0,0.0,0.0,0.0,0.0,0.0,0.0,0.0,0.0,0.0,0.0,0.0,0.0,0.0,0.0,0.0,0.0,0.142857142857143,,0.0,,,,,,,,0.0,,,,,,,,,,,,,,,,,,,,,,,,,,,,,,,,,,,,,,,,,,,,,,,,,,,,,,,,,,,,,,,,,,,,,,,,,,,,,,,,,,,,,,,,,,,,,,,,,,,,,,,,,,,,,,,,,,,,,,,,,,,,,,,,,,,,,,,,,,,,,,,,0.0,,,,,,,,Terrance Gore,13658,2019-04-03,0
37,KCR,MIN,2019,28,7,PR-RF,1.0,0.0,0.0,0.0,0.0,0.0,0.0,0.0,0.0,0.0,0.0,0.0,0.0,0.0,0.0,0.0,0.0,0.0,0.0,0.0,0.0,0.0,0.0,0.0,0.0,0.0,0.0,0.0,0.0,0.0,0.0,0.0,0.0,0.0,0.0,0.0,0.0,0.0,0.0,0.0,0.0,0.0,0.0,0.0,0.0,0.0,0.0,0.0,0.0,0.142857142857143,,0.0,,,,,,,,0.0,,,,,,,,,,,,,,,,,,,,,,,,,,,,,,,,,,,,,,,,,,,,,,,,,,,,,,,,,,,,,,,,,,,,,,,,,,,,,,,,,,,,,,,,,,,,,,,,,,,,,,,,,,,,,,,,,,,,,,,,,,,,,,,,,,,,,,,,,,,,,,,,0.0,,,,,,,,Terrance Gore,13658,2019-04-02,0
