,Team,Opp,season,Age,BatOrder,Pos,G,AB,PA,H,1B,2B,3B,HR,R,RBI,BB,IBB,SO,HBP,SF,SH,GDP,SB,CS,AVG,GB,FB,LD,IFFB,Pitches,Balls,Strikes,IFH,BU,BUH,BB%,K%,BB/K,OBP,SLG,OPS,ISO,BABIP,GB/FB,LD%,GB%,FB%,IFFB%,HR/FB,IFH%,BUH%,wOBA,wRAA,wRC,Spd,wRC+,wBSR,WPA,-WPA,+WPA,RE24,REW,pLI,phLI,PH,WPA/LI,Clutch,FB%1,FBv,SL%,SLv,CT%,CTv,CB%,CBv,CH%,CHv,wFB,wSL,wCT,wCB,wCH,wFB/C,wSL/C,wCT/C,wCB/C,wCH/C,O-Swing%,Z-Swing%,Swing%,O-Contact%,Z-Contact%,Contact%,Zone%,F-Strike%,SwStr%,Pull,Cent,Oppo,Soft,Med,Hard,bipCount,Pull%,Cent%,Oppo%,Soft%,Med%,Hard%,pfxFA%,pfxFT%,pfxFC%,pfxSI%,pfxSL%,pfxCU%,pfxKC%,pfxCH%,pfxvFA,pfxvFT,pfxvFC,pfxvSI,pfxvSL,pfxvCU,pfxvKC,pfxvCH,pfxFA-X,pfxFT-X,pfxFC-X,pfxSI-X,pfxSL-X,pfxCU-X,pfxKC-X,pfxCH-X,pfxFA-Z,pfxFT-Z,pfxFC-Z,pfxSI-Z,pfxSL-Z,pfxCU-Z,pfxKC-Z,pfxCH-Z,pfxwFA,pfxwFT,pfxwFC,pfxwSI,pfxwSL,pfxwCU,pfxwKC,pfxwCH,pfxwFA/C,pfxwFT/C,pfxwFC/C,pfxwSI/C,pfxwSL/C,pfxwCU/C,pfxwKC/C,pfxwCH/C,pfxO-Swing%,pfxZ-Swing%,pfxSwing%,pfxO-Contact%,pfxZ-Contact%,pfxContact%,pfxZone%,piCH%,piCU%,piFA%,piFC%,piFS%,piSI%,piSL%,pivCH,pivCU,pivFA,pivFC,pivFS,pivSI,pivSL,piCH-X,piCU-X,piFA-X,piFC-X,piFS-X,piSI-X,piSL-X,piCH-Z,piCU-Z,piFA-Z,piFC-Z,piFS-Z,piSI-Z,piSL-Z,piwCH,piwCU,piwFA,piwFC,piwFS,piwSI,piwSL,piwCH/C,piwCU/C,piwFA/C,piwFC/C,piwFS/C,piwSI/C,piwSL/C,piO-Swing%,piZ-Swing%,piSwing%,piO-Contact%,piZ-Contact%,piContact%,piZone%,Events,EV,LA,Barrels,Barrel%,maxEV,HardHit,HardHit%,PlayerName,playerid,gamedate,dh
0,- - -,- - -,2019,33,- - -,- - -,38.0,97.0,107.0,12.0,10.0,2.0,0.0,0.0,4.0,7.0,5.0,0.0,16.0,2.0,3.0,0.0,2.0,0.0,0.0,0.12371134,26.0,40.0,18.0,10.0,395.0,141.0,254.0,1.0,0.0,0.0,0.04672897,0.14953271,0.3125,0.17757009,0.1443299,0.32189999,0.02061856,0.14285714,0.65,0.21428571,0.30952381,0.47619048,0.25,0.0,0.03846154,0.0,0.1497131352112672,-15.744355687591678,-2.277537578436978,0.9884453928571431,-16.04712691715241,-0.037038619397208095,-1.5352980997413397,-2.2617981038056314,0.726500005053822,-14.180700059980154,-1.3649048394872807,1.0193366252373313,2.25300004084905,3.0,-1.5537969982251525,0.04762321644440126,0.57468354,92.21585903,0.14177215,84.53571429,0.04810127,86.57894737,0.09367089,77.54054054,0.14177215,81.94642857,-13.348533544689417,-2.2262929640710354,-1.0532355941832066,-0.584223460406065,1.2207344025373459,-5.880411253167144,-3.9755231501268486,-5.543345232543192,-1.5789823254217972,2.179882861673832,0.21875,0.62561576,0.4278481,0.5952381,0.92913386,0.84615385,0.51392405,0.55140187,0.06582278,43.0,27.0,14.0,20.0,38.0,26.0,84.0,0.51190476,0.32142857,0.16666667,0.23809524,0.45238095,0.30952381,0.39493671,0.06075949,0.04810127,0.1164557,0.14936709,0.08101266,0.01265823,0.13670886,92.5179482973539,92.88750108083089,87.299999036287,90.39565243928328,84.33050847457628,77.29375004768372,77.73999938964843,82.02407441315827,-0.7864102862584286,-5.272916694482167,1.4484210139826725,1.0306522120600161,0.6032203531871407,1.1390624642372131,1.8899999618530274,4.925000049449779,9.982371813211685,6.327916632095973,5.78105270235162,5.866521767947985,1.6147457594841212,-5.638750068843365,-5.221999931335449,4.848333250593256,-8.287163570523262,-2.108415585011244,-1.1293197460472584,-2.749057900160551,-2.690421190112829,-0.44766776636242867,-0.1006891131401062,1.3927099592983723,-5.312284340079014,-8.78506493754685,-5.943788137090833,-5.97621282643598,-4.560035915445473,-1.3989617698825896,-2.013782262802124,2.579092517219208,0.19642857,0.59911894,0.4278481,0.57575758,0.91176471,0.84615385,0.57468354,0.13924051,0.08860759,0.40506329,0.05063291,0.00253165,0.16708861,0.14683544,82.32644528475674,77.80987788609096,92.48689303398132,86.25646018981934,79.89679718017578,91.76954639319217,84.31658475152378,4.735205407576127,0.7468148844582694,-0.12611158937215805,1.6007416650652886,8.187520027160645,-1.975900736722079,1.151421962113216,3.3824895640665833,-7.077152075086321,8.719970571994782,4.687068390846252,-2.078399896621704,4.63244506445798,-0.32300412243810195,1.268568355590105,-0.07676059380173683,-8.39610056206584,-0.8758509159088135,-0.2037363052368164,-5.056517351418734,-2.9388562440872192,2.3064879192547365,-0.21931598229067667,-5.24756285129115,-4.379254579544067,-20.37363052368164,-7.661389926392021,-5.066993524288309,0.19512195,0.59307359,0.4278481,0.5625,0.91240876,0.84615385,0.58481013,84.0,85.88452339172363,21.511904761904763,1.0,0.01190476,104.2,18.0,0.21428571,Zack Cozart,2616,2050-01-01,0
1,LAA,TEX,2019,33,1,3B,1.0,1.0,1.0,0.0,0.0,0.0,0.0,0.0,0.0,0.0,0.0,0.0,0.0,0.0,0.0,0.0,0.0,0.0,0.0,0.0,0.0,1.0,0.0,0.0,4.0,1.0,3.0,0.0,0.0,0.0,0.0,0.0,0.0,0.0,0.0,0.0,0.0,0.0,0.0,0.0,0.0,1.0,0.0,0.0,0.0,0.0,0.0,-0.27655726800636615,-0.15069915483669605,0.142857142857143,-100.0,0.0,-0.011049999855458736,-0.011049999855458736,0.0,-0.33399999141693115,-0.032987698912620544,0.38499999046325684,,0.0,-0.02870129980146885,7.646489691426339e-10,0.5,95.5,,,,,0.5,79.0,,,-0.2571460008621216,,,-0.015747781842947006,,-12.857300043106079,,,-0.7873890921473503,,0.5,0.5,0.5,0.0,1.0,0.5,0.5,1.0,0.25,0.0,0.0,1.0,0.0,1.0,0.0,1.0,0.0,0.0,1.0,0.0,1.0,0.0,0.5,,,,,0.5,,,95.30000305175781,,,,,78.8499984741211,,,-6.140000343322754,,,,,4.244999885559082,,,9.425000190734863,,,,,-5.425000190734863,,,-0.2571459859609604,,,,,-0.015747781842947006,,,-12.85729929804802,,,,,-0.7873890921473503,,,0.5,0.5,0.5,0.0,1.0,0.5,0.5,,0.5,0.5,,,,,,78.86830139160156,95.53889465332031,,,,,,4.930059909820557,-5.586509704589844,,,,,,-7.055449962615967,8.482734680175781,,,,,,-0.015747781842947006,-0.2571459859609604,,,,,,-0.7873890921473503,-12.85729929804802,,,,,0.5,0.5,0.5,0.0,1.0,0.5,0.5,1.0,83.30000305175781,52.0,0.0,0.0,83.3,0.0,0.0,Zack Cozart,2616,2019-05-26,0
2,LAA,TEX,2019,33,8,3B,1.0,4.0,4.0,1.0,1.0,0.0,0.0,0.0,0.0,0.0,0.0,0.0,2.0,0.0,0.0,0.0,0.0,0.0,0.0,0.25,0.0,1.0,1.0,0.0,17.0,6.0,11.0,0.0,0.0,0.0,0.0,0.5,0.0,0.25,0.25,0.5,0.0,0.5,0.0,0.5,0.0,0.5,0.0,0.0,0.0,0.0,0.21740181744098663,-0.3545305409960312,0.1489019116826492,0.142857142857143,29.718042051765842,-0.002178742317482829,-0.0783500000834465,-0.1379999965429306,0.0596500001847744,-0.08399999886751175,-0.008296290412545204,1.6437499523162842,,0.0,-0.04180920124053955,-0.005856199432500708,0.41176471,93.71428571,0.29411765,82.2,,,,,0.29411765,85.2,-0.3111813962459564,-0.20758973062038422,,,0.13938039541244507,-4.445448517799377,-4.151794612407684,,,2.7876079082489014,0.3,1.0,0.58823529,0.66666667,0.71428571,0.7,0.41176471,0.75,0.17647059,1.0,1.0,0.0,0.0,2.0,0.0,2.0,0.5,0.5,0.0,0.0,1.0,0.0,0.41176471,,,,0.35294118,,,0.23529412,93.65713936941964,,,,81.7000020345052,,,86.4000015258789,0.10285713842936925,,,,4.238333384195964,,,10.149999618530273,10.311428615025111,,,,0.14833332101504007,,,7.314999580383301,-0.3111813962459564,,,,-0.4534902386367321,,,0.3431167043745518,-4.445448517799377,,,,-7.558170643945535,,,8.577917609363794,0.36363636,1.0,0.58823529,0.75,0.66666667,0.7,0.35294118,0.23529412,,0.41176471,,0.05882353,,0.29411765,86.44239807128906,,93.73028564453125,,79.89679718017578,,82.184619140625,10.115324974060059,,0.4035260336739676,,8.187520027160645,,4.234312057495117,5.802062511444092,,9.0325927734375,,-2.078399896621704,,-1.3314319610595704,0.3431167043745518,,-0.3111813962459564,,-0.2037363052368164,,-0.2497539333999157,8.577917609363794,,-4.445448517799377,,-20.37363052368164,,-4.995078667998314,0.4,0.85714286,0.58823529,0.75,0.66666667,0.7,0.41176471,2.0,76.75,21.0,0.0,0.0,80.7,0.0,0.0,Zack Cozart,2616,2019-05-25,0
3,LAA,TEX,2019,33,8,SS,1.0,2.0,3.0,0.0,0.0,0.0,0.0,0.0,0.0,0.0,1.0,0.0,0.0,0.0,0.0,0.0,0.0,0.0,0.0,0.0,0.0,1.0,1.0,0.0,12.0,5.0,7.0,0.0,0.0,0.0,0.33333333,0.0,1.0,0.33333333,0.0,0.33333333,0.0,0.0,0.0,0.5,0.0,0.5,0.0,0.0,0.0,0.0,0.23009816805521646,-0.23297329102269432,0.144601048486316,0.142857142857143,38.30220430767901,-0.002178742317482829,-0.029500000178813934,-0.041349999606609344,0.011850000359117985,-0.34599998593330383,-0.034172799438238144,0.7049999833106995,,0.0,-0.02283870056271553,-0.019005272312689538,0.33333333,90.75,,,0.41666667,86.6,0.25,77.0,,,-0.5600501894950867,,0.07285606116056442,0.2651049494743347,,-14.001254737377167,,1.4571212232112885,8.83683164914449,,0.0,0.42857143,0.25,,1.0,1.0,0.58333333,1.0,0.0,1.0,1.0,0.0,0.0,1.0,1.0,2.0,0.5,0.5,0.0,0.0,0.5,0.5,0.33333333,,0.41666667,,,0.25,,,90.5999984741211,,86.45999755859376,,,76.96666463216145,,,2.2849998474121094,,1.9619998931884766,,,1.2599999904632568,,,12.414999961853027,,9.116000366210937,,,-0.8433333237965902,,,-0.602214377373457,,0.07285606116056442,,,0.2651049345731735,,,-15.055359434336424,,1.4571212232112885,,,8.836831152439117,,,0.0,0.42857143,0.25,,1.0,1.0,0.58333333,,0.25,0.33333333,0.41666667,,,,,76.98283386230469,90.63292694091797,86.51765747070313,,,,,1.0224846204121907,1.8792699575424194,1.6479152679443358,,,,,-2.4663000106811523,10.850349426269531,7.528389739990234,,,,,0.2651049345731735,-0.602214377373457,0.07285606116056442,,,,,8.836831152439117,-15.055359434336424,1.4571212232112885,,,,0.0,0.42857143,0.25,,1.0,1.0,0.58333333,2.0,86.4000015258789,28.5,0.0,0.0,99.4,1.0,0.5,Zack Cozart,2616,2019-05-24,0
4,LAA,MIN,2019,33,8,SS,1.0,5.0,5.0,0.0,0.0,0.0,0.0,0.0,0.0,0.0,0.0,0.0,0.0,0.0,0.0,0.0,0.0,0.0,0.0,0.0,3.0,1.0,1.0,0.0,15.0,6.0,9.0,0.0,0.0,0.0,0.0,0.0,0.0,0.0,0.0,0.0,0.0,0.0,3.0,0.2,0.6,0.2,0.0,0.0,0.0,0.0,0.0,-1.3827863400318308,-0.7534957741834802,0.142857142857143,-100.0,0.0,-0.020600000396370888,-0.020600000396370888,0.0,-1.0880000591278076,-0.1074569970369339,0.15800000727176666,,0.0,-0.08861520141363144,-0.04176454192991169,0.6,92.0,0.13333333,82.5,,,0.13333333,75.0,0.13333333,83.0,-1.0299861431121826,-0.012163817882537842,,-0.21823523938655853,0.016468722373247147,-11.44429047902425,-0.6081908941268921,,-10.911761969327927,0.8234361186623573,0.33333333,0.66666667,0.46666667,1.0,1.0,1.0,0.4,0.2,0.0,2.0,2.0,1.0,0.0,4.0,1.0,5.0,0.4,0.4,0.2,0.0,0.8,0.2,0.26666667,0.33333333,,,0.13333333,0.13333333,,0.13333333,92.1500015258789,91.82000122070312,,,82.25,75.05000305175781,,83.4000015258789,-1.4925000667572021,-1.6860000610351562,,,2.569999933242798,6.824999809265137,,9.145000457763672,9.344999313354492,7.331999969482422,,,4.034999847412109,-4.170000076293945,,7.5,-0.2886415272951126,-0.7413445673882961,,,-0.012163817882537842,-0.21823524311184883,,0.016468722373247147,-7.216038182377815,-14.826891347765923,,,-0.6081908941268921,-10.911762155592442,,0.8234361186623573,0.375,0.57142857,0.46666667,1.0,1.0,1.0,0.46666667,0.13333333,,0.26666667,0.13333333,,0.33333333,0.13333333,83.53794860839844,,92.35612487792969,82.45149993896484,,92.01820068359375,75.11294555664062,8.891839981079102,,-1.0551270246505737,3.1565001010894775,,-1.6000581741333009,7.42878532409668,5.781734943389893,,7.9272847175598145,2.634010076522827,,5.953097915649414,-6.3692450523376465,0.016468722373247147,,-0.2886415272951126,-0.012163817882537842,,-0.7413445673882961,-0.21823524311184883,0.8234361186623573,,-7.216038182377815,-0.6081908941268921,,-14.826891347765923,-10.911762155592442,0.375,0.57142857,0.46666667,1.0,1.0,1.0,0.46666667,5.0,74.45999755859376,11.2,0.0,0.0,75.9,0.0,0.0,Zack Cozart,2616,2019-05-23,0
5,LAA,MIN,2019,33,8,PR-3B-SS,1.0,1.0,1.0,0.0,0.0,0.0,0.0,0.0,0.0,0.0,0.0,0.0,0.0,0.0,0.0,0.0,0.0,0.0,0.0,0.0,1.0,0.0,0.0,0.0,3.0,2.0,1.0,0.0,0.0,0.0,0.0,0.0,0.0,0.0,0.0,0.0,0.0,0.0,1.0,0.0,1.0,0.0,0.0,0.0,0.0,0.0,0.0,-0.27655726800636615,-0.15069915483669605,0.142857142857143,-100.0,0.0,-0.06385000050067902,-0.06385000050067902,0.0,-0.3070000112056732,-0.030321000143885612,2.674999952316284,,0.0,-0.02386919967830181,4.018714321735173e-08,0.66666667,91.5,,,,,0.33333333,76.0,,,-0.38941290974617004,,,0.03891072794795036,,-19.470645487308502,,,3.8910727947950363,,0.0,1.0,0.33333333,,1.0,1.0,0.33333333,,0.0,1.0,0.0,0.0,0.0,1.0,0.0,1.0,1.0,0.0,0.0,0.0,1.0,0.0,0.66666667,,,,,0.33333333,,,91.30000305175781,,,,,76.19999694824219,,,-1.9500000476837158,,,,,4.829999923706055,,,10.420000076293945,,,,,-5.920000076293945,,,-0.38941291719675064,,,,,0.03891072794795036,,,-19.470645859837532,,,,,3.8910727947950363,,,0.0,1.0,0.33333333,,1.0,1.0,0.33333333,,0.33333333,0.66666667,,,,,,76.5436019897461,91.66754913330078,,,,,,5.509439945220947,-1.855934977531433,,,,,,-8.176480293273926,8.654999732971191,,,,,,0.03891072794795036,-0.38941291719675064,,,,,,3.8910727947950363,-19.470645859837532,,,,,0.0,1.0,0.33333333,,1.0,1.0,0.33333333,1.0,89.0,-23.0,0.0,0.0,89.0,0.0,0.0,Zack Cozart,2616,2019-05-20,0
6,LAA,KCR,2019,33,9,3B,1.0,3.0,3.0,0.0,0.0,0.0,0.0,0.0,0.0,0.0,0.0,0.0,0.0,0.0,0.0,0.0,0.0,0.0,0.0,0.0,0.0,3.0,0.0,1.0,8.0,1.0,7.0,0.0,0.0,0.0,0.0,0.0,0.0,0.0,0.0,0.0,0.0,0.0,0.0,0.0,0.0,1.0,0.33333333,0.0,0.0,0.0,0.0,-0.8296718040190985,-0.45209746451008814,0.142857142857143,-100.0,0.0,-0.15755000710487366,-0.15755000710487366,0.0,-1.3899999856948853,-0.13728399574756622,1.690000057220459,,0.0,-0.09116169810295105,-0.0020631550156908346,0.5,92.0,0.5,83.5,,,,,,,-0.36768531799316406,-0.4668039381504059,,,,-9.192132949829102,-11.670098453760147,,,,0.5,0.66666667,0.625,0.0,1.0,0.8,0.75,1.0,0.125,2.0,1.0,0.0,1.0,2.0,0.0,3.0,0.66666667,0.33333333,0.0,0.33333333,0.66666667,0.0,0.5,,,,0.5,,,,91.92500305175781,,,,83.44999694824219,,,,4.994999885559082,,,,-0.9750000238418579,,,,11.322500228881836,,,,1.0575000047683716,,,,-0.36768530309200287,,,,-0.4509959891438484,,,,-9.192132577300072,,,,-11.27489972859621,,,,1.0,0.57142857,0.625,0.0,1.0,0.8,0.875,,,0.5,,,,0.5,,,92.30377197265625,,,,83.76239776611328,,,4.267617702484131,,,,-1.6490509510040283,,,9.778440475463867,,,,-0.39797359704971313,,,-0.36768530309200287,,,,-0.4509959891438484,,,-9.192132577300072,,,,-11.27489972859621,1.0,0.57142857,0.625,0.0,1.0,0.8,0.875,3.0,83.7000020345052,49.666666666666664,0.0,0.0,94.2,0.0,0.0,Zack Cozart,2616,2019-05-19,0
7,LAA,KCR,2019,33,1,3B,1.0,0.0,0.0,0.0,0.0,0.0,0.0,0.0,0.0,0.0,0.0,0.0,0.0,0.0,0.0,0.0,0.0,0.0,0.0,0.0,0.0,0.0,0.0,0.0,0.0,0.0,0.0,0.0,0.0,0.0,0.0,0.0,0.0,0.0,0.0,0.0,0.0,0.0,0.0,0.0,0.0,0.0,0.0,0.0,0.0,0.0,0.0,0.0,0.0,0.142857142857143,,0.0,,,,,,,,0.0,,,,,,,,,,,,,,,,,,,,,,,,,,,,,,,,,,,,,,,,,,,,,,,,,,,,,,,,,,,,,,,,,,,,,,,,,,,,,,,,,,,,,,,,,,,,,,,,,,,,,,,,,,,,,,,,,,,,,,,,,,,,,,,,,,,,,,,,,,,,,,,,,,,,,0.0,,,,,,,,Zack Cozart,2616,2019-05-18,0
8,LAA,KCR,2019,33,1,3B,1.0,0.0,0.0,0.0,0.0,0.0,0.0,0.0,0.0,0.0,0.0,0.0,0.0,0.0,0.0,0.0,0.0,0.0,0.0,0.0,0.0,0.0,0.0,0.0,1.0,1.0,0.0,0.0,0.0,0.0,0.0,0.0,0.0,0.0,0.0,0.0,0.0,0.0,0.0,0.0,0.0,0.0,0.0,0.0,0.0,0.0,0.0,0.0,0.0,0.142857142857143,,0.0,,,,,,,,0.0,,,,,1.0,83.0,,,,,,,,0.03891072794795036,,,,,3.8910727947950363,,,,0.0,,0.0,,,,,,0.0,,,,,,,,,,,,,,,,,,1.0,,,,,,,,82.69999694824219,,,,,,,,0.3499999940395355,,,,,,,,-1.0499999523162842,,,,,,,,0.03891072794795036,,,,,,,,3.8910727947950363,,,,0.0,,0.0,,,,0.0,,,,,,,1.0,,,,,,,82.79019927978516,,,,,,,0.9385449886322021,,,,,,,-2.3503201007843018,,,,,,,0.03891072794795036,,,,,,,3.8910727947950363,0.0,,0.0,,,,0.0,0.0,,,0.0,,,0.0,,Zack Cozart,2616,2019-05-17,0
9,LAA,@MIN,2019,33,8,PR,1.0,0.0,0.0,0.0,0.0,0.0,0.0,0.0,0.0,0.0,0.0,0.0,0.0,0.0,0.0,0.0,0.0,0.0,0.0,0.0,0.0,0.0,0.0,0.0,0.0,0.0,0.0,0.0,0.0,0.0,0.0,0.0,0.0,0.0,0.0,0.0,0.0,0.0,0.0,0.0,0.0,0.0,0.0,0.0,0.0,0.0,0.0,0.0,0.0,0.142857142857143,,0.0,,,,,,,,0.0,,,,,,,,,,,,,,,,,,,,,,,,,,,,,,,,,,,,,,,,,,,,,,,,,,,,,,,,,,,,,,,,,,,,,,,,,,,,,,,,,,,,,,,,,,,,,,,,,,,,,,,,,,,,,,,,,,,,,,,,,,,,,,,,,,,,,,,,,,,,,,,,,,,,,0.0,,,,,,,,Zack Cozart,2616,2019-05-15,0
10,LAA,@MIN,2019,33,1,3B,1.0,0.0,0.0,0.0,0.0,0.0,0.0,0.0,0.0,0.0,0.0,0.0,0.0,0.0,0.0,0.0,0.0,0.0,0.0,0.0,0.0,0.0,0.0,0.0,0.0,0.0,0.0,0.0,0.0,0.0,0.0,0.0,0.0,0.0,0.0,0.0,0.0,0.0,0.0,0.0,0.0,0.0,0.0,0.0,0.0,0.0,0.0,0.0,0.0,0.142857142857143,,0.0,,,,,,,,0.0,,,,,,,,,,,,,,,,,,,,,,,,,,,,,,,,,,,,,,,,,,,,,,,,,,,,,,,,,,,,,,,,,,,,,,,,,,,,,,,,,,,,,,,,,,,,,,,,,,,,,,,,,,,,,,,,,,,,,,,,,,,,,,,,,,,,,,,,,,,,,,,,,,,,,0.0,,,,,,,,Zack Cozart,2616,2019-05-13,0
11,LAA,@BAL,2019,33,8,3B,1.0,2.0,3.0,1.0,1.0,0.0,0.0,0.0,0.0,0.0,1.0,0.0,0.0,0.0,0.0,0.0,0.0,0.0,0.0,0.5,0.0,2.0,0.0,0.0,14.0,7.0,7.0,0.0,0.0,0.0,0.33333333,0.0,1.0,0.66666667,0.5,1.16666667,0.0,0.5,0.0,0.0,0.0,1.0,0.0,0.0,0.0,0.0,0.519967257976532,0.5187252400067393,0.8962995795157495,0.142857142857143,234.28633994344446,-0.004357484634965658,0.007756010163575411,-0.017640000209212303,0.02539600059390068,0.007999960333108902,0.000744876975659281,0.4929330050945282,,0.0,0.036582499742507935,-0.020848089420180127,0.78571429,90.72727273,0.07142857,83.0,,,,,0.14285714,80.5,-0.22047439217567444,0.10435162484645844,,,0.6300066709518433,-2.004312656142495,10.435162484645844,,,31.500333547592163,0.2,0.5,0.28571429,0.5,1.0,0.75,0.28571429,0.33333333,0.07142857,0.0,1.0,1.0,2.0,0.0,0.0,2.0,0.0,0.5,0.5,1.0,0.0,0.0,0.78571429,,,,0.07142857,,,0.14285714,90.58181485262784,,,,82.5,,,80.39999389648438,4.814545371315696,,,,-8.220000267028809,,,7.630000114440918,11.77090870250355,,,,-0.3700000047683716,,,12.34000015258789,-0.22047439590096474,,,,0.10435162484645844,,,0.6300066635012627,-2.00431269000877,,,,10.435162484645844,,,31.500333175063133,0.2,0.5,0.28571429,0.5,1.0,0.75,0.28571429,0.14285714,,0.78571429,,,,0.07142857,80.51130676269531,,90.7805009321733,,,,82.65160369873047,7.858885288238525,,4.548939098011363,,,,-9.429929733276367,10.847280502319336,,10.423094315962357,,,,-2.1455800533294678,0.6300066635012627,,-0.22047439590096474,,,,0.10435162484645844,31.500333175063133,,-2.00431269000877,,,,10.435162484645844,0.2,0.5,0.28571429,0.5,1.0,0.75,0.28571429,2.0,65.55000305175781,38.0,0.0,0.0,68.1,0.0,0.0,Zack Cozart,2616,2019-05-12,0
12,LAA,@BAL,2019,33,8,SS-3B,1.0,3.0,4.0,0.0,0.0,0.0,0.0,0.0,0.0,1.0,1.0,0.0,0.0,0.0,0.0,0.0,0.0,0.0,0.0,0.0,3.0,0.0,0.0,0.0,14.0,6.0,8.0,1.0,0.0,0.0,0.25,0.0,1.0,0.25,0.0,0.25,0.0,0.0,3.0,0.0,1.0,0.0,0.0,0.0,0.33333333,0.0,0.17257362604141235,-0.5095305590290605,-0.006098106350380106,0.142857142857143,-0.590861688005324,-0.002178742317482829,0.08110400289297104,-0.017343999817967415,0.0984480008482933,0.9509999752044678,0.08854749798774719,0.8604999780654907,,0.0,0.019787799566984177,0.0744643851632267,0.71428571,90.7,0.28571429,80.5,,,,,,,-0.35651782155036926,-0.23010514676570892,,,,-3.5651782155036926,-5.752628669142723,,,,0.0,0.71428571,0.35714286,,1.0,1.0,0.5,0.5,0.0,3.0,0.0,0.0,1.0,2.0,0.0,3.0,1.0,0.0,0.0,0.33333333,0.66666667,0.0,0.57142857,0.07142857,,0.07142857,0.28571429,,,,89.5374984741211,94.5999984741211,,93.0,80.55000305175781,,,,-4.260000228881836,-10.670000076293945,,-11.029999732971191,2.2274999618530273,,,,10.131250381469727,6.360000133514404,,5.260000228881836,-0.3725000023841858,,,,0.029904350638389587,-0.23270964622497559,,-0.05931270867586136,-0.23010515049099922,,,,0.37380438297986984,-23.27096462249756,,-5.931270867586136,-5.7526287622749805,,,,0.0,0.625,0.35714286,,1.0,1.0,0.57142857,,,0.64285714,,,0.07142857,0.28571429,,,90.28915744357639,,,93.15750122070312,80.64209747314453,,,-4.2187143961588545,,,-10.71030044555664,2.8848977088928223,,,8.268885294596354,,,4.038589954376221,-1.6798192262649536,,,-0.2972051054239273,,,-0.05931270867586136,-0.23010515049099922,,,-3.302278949154748,,,-5.931270867586136,-5.7526287622749805,0.0,0.625,0.35714286,,1.0,1.0,0.57142857,3.0,81.7999979654948,-17.333333333333332,0.0,0.0,84.8,0.0,0.0,Zack Cozart,2616,2019-05-11,0
13,LAA,@DET,2019,33,8,3B,1.0,4.0,5.0,1.0,0.0,1.0,0.0,0.0,1.0,2.0,0.0,0.0,0.0,0.0,1.0,0.0,1.0,0.0,0.0,0.25,2.0,3.0,0.0,0.0,19.0,8.0,11.0,0.0,0.0,0.0,0.0,0.0,0.0,0.2,0.5,0.7,0.25,0.2,0.66666667,0.0,0.4,0.6,0.0,0.0,0.0,0.0,0.243332839012146,-0.3310878090023973,0.2982027568459532,2.642857142857143,47.25033171450836,0.0,-0.0036400100216269493,-0.007660000119358301,0.004019999876618385,0.19200000166893005,0.018028199672698975,0.23999999463558197,,0.0,-0.07115200161933899,0.05598529285689101,0.57894737,93.72727273,0.31578947,82.33333333,,,0.10526316,82.5,,,-0.37558478116989136,-0.3801024556159973,,0.0808154046535492,,-3.4144071015444672,-6.335040926933289,,4.04077023267746,,0.11111111,0.7,0.42105263,1.0,1.0,1.0,0.52631579,,0.0,3.0,1.0,1.0,0.0,3.0,2.0,5.0,0.6,0.2,0.2,0.0,0.6,0.4,0.52631579,0.05263158,,,0.36842105,0.05263158,,,93.75999755859375,92.5999984741211,,,82.89999825613839,78.0,,,-2.594000053405762,-7.519999980926514,,,-0.6442856788635254,-6.829999923706055,,,8.979000091552734,5.909999847412109,,,0.7142857142857143,-7.829999923706055,,,-0.414495512843132,0.03891072794795036,,,-0.38335593044757843,0.04190467298030853,,,-4.14495512843132,3.8910727947950363,,,-5.4765132921082635,4.190467298030853,,,0.11111111,0.7,0.42105263,1.0,1.0,1.0,0.52631579,,0.10526316,0.47368421,,,0.10526316,0.31578947,,82.63185119628906,94.14189995659723,,,92.42304992675781,82.33884684244792,,-4.23814582824707,-3.2590143415662975,,,-0.3736100196838379,-0.8958432674407959,,-6.10345983505249,7.6725514729817705,,,5.707440376281738,-0.6151113112767538,,0.0808154009282589,-0.3107558861374855,,,-0.06482889875769615,-0.4222666583955288,,4.040770046412945,-3.4528431793053946,,,-3.2414449378848076,-7.03777763992548,0.0,0.72727273,0.42105263,,1.0,1.0,0.57894737,5.0,92.82000122070312,17.4,0.0,0.0,98.5,2.0,0.4,Zack Cozart,2616,2019-05-09,0
14,LAA,@DET,2019,33,9,3B,1.0,4.0,4.0,1.0,1.0,0.0,0.0,0.0,0.0,0.0,0.0,0.0,1.0,0.0,0.0,0.0,0.0,0.0,0.0,0.25,0.0,2.0,1.0,2.0,11.0,2.0,9.0,0.0,0.0,0.0,0.0,0.25,0.0,0.25,0.25,0.5,0.0,0.33333333,0.0,0.33333333,0.0,0.66666667,1.0,0.0,0.0,0.0,0.21740181744098663,-0.3545305409960312,0.1489019116826492,0.142857142857143,29.718042051765842,-0.002178742317482829,-0.05057999864220619,-0.05139999836683273,0.0008200170123018324,-0.2770000100135803,-0.026009399443864822,0.5260000228881836,,0.0,-0.038860999047756195,-0.057298690004117525,0.90909091,91.7,0.09090909,79.0,,,,,,,-0.3021923303604126,-0.06530402600765228,,,,-3.021923303604126,-6.530402600765228,,,,0.0,0.55555556,0.45454545,,0.6,0.6,0.81818182,0.5,0.18181818,1.0,0.0,2.0,2.0,0.0,1.0,3.0,0.33333333,0.0,0.66666667,0.66666667,0.0,0.33333333,0.90909091,,,,0.09090909,,,,91.65999755859374,,,,79.4000015258789,,,,5.7319999694824215,,,,-1.4700000286102295,,,,10.002999877929687,,,,0.03999999910593033,,,,-0.3021923340857029,,,,-0.06530402600765228,,,,-3.021923340857029,,,,-6.530402600765228,,,,0.0,0.55555556,0.45454545,,0.6,0.6,0.81818182,,,0.90909091,,,,0.09090909,,,91.84556884765625,,,,79.56670379638672,,,5.132239913940429,,,,-1.9754600524902344,,,8.648822021484374,,,,-1.0628199577331543,,,-0.3021923340857029,,,,-0.06530402600765228,,,-3.021923340857029,,,,-6.530402600765228,0.0,0.55555556,0.45454545,,0.6,0.6,0.81818182,3.0,90.76666259765625,49.666666666666664,0.0,0.0,104.0,1.0,0.33333333,Zack Cozart,2616,2019-05-08,0
15,LAA,@DET,2019,33,9,3B,1.0,4.0,4.0,1.0,1.0,0.0,0.0,0.0,1.0,0.0,0.0,0.0,0.0,0.0,0.0,0.0,0.0,0.0,0.0,0.25,1.0,2.0,1.0,0.0,11.0,4.0,7.0,0.0,0.0,0.0,0.0,0.0,0.0,0.25,0.25,0.5,0.0,0.25,0.5,0.25,0.25,0.5,0.0,0.0,0.0,0.0,0.21740181744098663,-0.3545305409960312,0.1489019116826492,2.642857142857143,29.718042051765842,-0.002178742317482829,0.02491999976336956,-0.033799998462200165,0.058720000088214874,-0.1550000011920929,-0.014554000459611416,0.684499979019165,,0.0,-0.04840780049562454,0.08481393713141812,0.63636364,90.14285714,0.09090909,84.0,,,0.09090909,80.0,0.18181818,83.5,-0.26718518137931824,0.04190467298030853,,0.02982518821954727,-0.11996253579854965,-3.816931162561689,4.190467298030853,,2.982518821954727,-5.998126789927483,0.0,0.71428571,0.45454545,,1.0,1.0,0.63636364,0.5,0.0,1.0,2.0,1.0,3.0,0.0,1.0,4.0,0.25,0.5,0.25,0.75,0.0,0.25,0.36363636,0.27272727,,,0.09090909,0.09090909,,0.18181818,89.375,91.2000020345052,,,84.0,80.0999984741211,,83.80000305175781,3.325000047683716,-4.743333498636882,,,-3.559999942779541,4.440000057220459,,7.924999713897705,11.095000267028809,7.539999643961589,,,-0.1599999964237213,-4.96999979019165,,0.33000001311302185,-0.08572529628872871,-0.2236241027712822,,,0.04190467298030853,0.02982518821954727,,-0.11996253579854965,-2.143132407218218,-7.45413675904274,,,4.190467298030853,2.982518821954727,,-5.998126789927483,0.0,0.625,0.45454545,,1.0,1.0,0.72727273,0.18181818,0.09090909,0.45454545,,,0.18181818,0.09090909,83.93550109863281,80.22730255126953,89.73731689453125,,,91.81605529785156,84.08599853515625,7.435044765472412,5.107250213623047,3.6592838287353517,,,-9.960245132446289,-4.462850093841553,-1.4801174402236938,-7.150969982147217,9.373310089111328,,,4.905155181884766,-1.9244699478149414,-0.11996253579854965,0.02982518821954727,-0.04681456834077835,,,-0.26253483071923256,0.04190467298030853,-5.998126789927483,2.982518821954727,-0.936291366815567,,,-13.126741535961628,4.190467298030853,0.0,0.625,0.45454545,,1.0,1.0,0.72727273,4.0,85.8499984741211,17.5,0.0,0.0,97.1,1.0,0.25,Zack Cozart,2616,2019-05-07,0
16,LAA,NYY,2019,33,1,PH,1.0,1.0,1.0,0.0,0.0,0.0,0.0,0.0,0.0,0.0,0.0,0.0,0.0,0.0,0.0,0.0,0.0,0.0,0.0,0.0,1.0,0.0,0.0,0.0,2.0,1.0,1.0,0.0,0.0,0.0,0.0,0.0,0.0,0.0,0.0,0.0,0.0,0.0,1.0,0.0,1.0,0.0,0.0,0.0,0.0,0.0,0.0,-0.27655726800636615,-0.15069915483669605,0.142857142857143,-100.0,0.0,-0.01600000075995922,-0.01600000075995922,0.0,-0.10999999940395355,-0.010864200070500374,0.5950000286102295,0.5950000286102295,1.0,-0.026890799403190613,4.311645361576577e-08,1.0,94.5,,,,,,,,,-0.23270966112613678,,,,,-11.635483056306839,,,,,0.0,1.0,0.5,,1.0,1.0,0.5,,0.0,1.0,0.0,0.0,0.0,0.0,1.0,1.0,1.0,0.0,0.0,0.0,0.0,1.0,,,,1.0,,,,,,,,94.3499984741211,,,,,,,,6.559999942779541,,,,,,,,3.2950000762939453,,,,,,,,-0.23270966485142708,,,,,,,,-11.635483242571354,,,,,,0.5,0.5,,1.0,1.0,1.0,,,,,,1.0,,,,,,,94.41294860839844,,,,,,,6.485665321350098,,,,,,,2.02874493598938,,,,,,,-0.23270966485142708,,,,,,,-11.635483242571354,,,0.5,0.5,,1.0,1.0,1.0,1.0,86.0999984741211,-9.0,0.0,0.0,86.1,0.0,0.0,Zack Cozart,2616,2019-04-23,0
17,LAA,NYY,2019,33,8,3B,1.0,4.0,5.0,1.0,1.0,0.0,0.0,0.0,0.0,0.0,0.0,0.0,0.0,1.0,0.0,0.0,1.0,0.0,0.0,0.25,2.0,1.0,1.0,1.0,15.0,5.0,10.0,0.0,0.0,0.0,0.0,0.0,0.0,0.4,0.25,0.65,0.0,0.25,2.0,0.25,0.5,0.25,1.0,0.0,0.0,0.0,0.31776463985443115,-0.009389283125257936,0.6199012827230925,0.142857142857143,97.57460794502481,-0.004357484634965658,-0.06949999928474426,-0.13044999539852142,0.06094999983906746,-0.5199999809265137,-0.051357999444007874,2.053999900817871,,0.0,-0.05361289903521538,0.019776481001762485,0.6,94.44444444,0.33333333,85.0,,,,,0.06666667,86.0,-0.7587057948112488,0.16036656498908997,,,0.062041692435741425,-8.430064386791653,3.2073312997817993,,,6.2041692435741425,0.375,0.85714286,0.6,1.0,1.0,1.0,0.46666667,0.6,0.0,2.0,1.0,1.0,1.0,1.0,2.0,4.0,0.5,0.25,0.25,0.25,0.25,0.5,0.13333333,0.26666667,,0.2,0.33333333,,,0.06666667,93.30000305175781,90.9000015258789,,99.59999593098958,85.15999755859374,,,85.5999984741211,-0.554999828338623,-0.46000003814697266,,7.013333638509114,-4.0279998779296875,,,5.880000114440918,9.664999961853027,5.602499961853027,,9.569999694824219,0.5300000190734864,,,0.7900000214576721,-0.006662242114543915,-0.6927308328449726,,-0.05931270867586136,0.17617451772093773,,,0.062041692435741425,-0.33311210572719574,-17.318270821124315,,-1.9770902891953785,3.5234903544187546,,,6.2041692435741425,0.28571429,0.875,0.6,1.0,1.0,1.0,0.53333333,0.06666667,,0.13333333,,,0.46666667,0.33333333,85.6592025756836,,93.49349975585938,,,94.89292689732143,85.35751953125,6.020730018615723,,-0.5187649726867676,,,2.957439967564174,-4.284700012207031,0.032406799495220184,,8.77822494506836,,,6.029022761753628,-1.103541946411133,0.062041692435741425,,-0.006662242114543915,,,-0.752043541520834,0.17617451772093773,6.2041692435741425,,-0.33311210572719574,,,-10.743479164583343,3.5234903544187546,0.28571429,0.875,0.6,1.0,1.0,1.0,0.53333333,4.0,88.7750015258789,16.75,0.0,0.0,101.0,2.0,0.5,Zack Cozart,2616,2019-04-22,0
18,LAA,SEA,2019,33,8,3B,1.0,4.0,4.0,0.0,0.0,0.0,0.0,0.0,0.0,0.0,0.0,0.0,2.0,0.0,0.0,0.0,0.0,0.0,0.0,0.0,0.0,2.0,0.0,0.0,12.0,3.0,9.0,0.0,0.0,0.0,0.0,0.5,0.0,0.0,0.0,0.0,0.0,0.0,0.0,0.0,0.0,1.0,0.0,0.0,0.0,0.0,0.0,-1.1062290720254646,-0.6027966193467842,0.142857142857143,-100.0,0.0,-0.03590000048279762,-0.03590000048279762,0.0,-0.9800000190734863,-0.09679009765386581,0.3474999964237213,,0.0,-0.10246799886226654,-0.0008413561082677573,0.58333333,90.0,0.25,81.66666667,0.08333333,85.0,0.08333333,79.0,,,-0.8763791918754578,-0.15069808065891266,0.10435162484645844,-0.17990243434906006,,-12.519702741077968,-5.023269355297089,10.435162484645844,-17.990243434906006,,0.4,0.42857143,0.41666667,0.0,1.0,0.6,0.58333333,0.75,0.16666667,0.0,2.0,0.0,0.0,1.0,1.0,2.0,0.0,1.0,0.0,0.0,0.5,0.5,0.25,,0.08333333,0.33333333,0.16666667,,0.16666667,,92.86666870117188,,85.0,87.69999694824219,83.35000610351562,,79.19999694824219,,-6.5,,1.7000000476837158,-8.02750015258789,2.4649999141693115,,7.954999923706055,,8.306666692097982,,1.7000000476837158,1.7975000143051147,1.1800000667572021,,-2.5199999809265137,,-0.164198387414217,,0.10435162484645844,-0.712180819362402,-0.21273976936936378,,-0.11786074191331863,,-5.4732795804739,,10.435162484645844,-17.80452048406005,-10.63698846846819,,-5.893037095665932,,0.5,0.375,0.41666667,0.0,1.0,0.6,0.66666667,,,0.25,0.16666667,,0.33333333,0.25,,,92.93539428710938,82.20075225830078,,87.73455047607422,81.88076782226562,,,-6.054850260416667,3.383924961090088,,-7.1982550621032715,6.299969991048177,,,7.1736602783203125,0.9358044862747192,,0.653858482837677,-2.7642288208007812,,,-0.164198387414217,0.05877865478396416,,-0.712180819362402,-0.28502754122018814,,,-5.4732795804739,2.938932739198208,,-17.80452048406005,-9.50091804067294,0.5,0.375,0.41666667,0.0,1.0,0.6,0.66666667,2.0,92.75,34.0,0.0,0.0,93.7,0.0,0.0,Zack Cozart,2616,2019-04-21,0
19,LAA,SEA,2019,33,9,3B,1.0,3.0,4.0,1.0,1.0,0.0,0.0,0.0,0.0,1.0,0.0,0.0,2.0,0.0,1.0,0.0,0.0,0.0,0.0,0.33333333,1.0,1.0,0.0,0.0,17.0,5.0,12.0,0.0,0.0,0.0,0.0,0.5,0.0,0.25,0.33333333,0.58333333,0.0,0.5,1.0,0.0,0.5,0.5,0.0,0.0,0.0,0.0,0.21740181744098663,-0.3545305409960312,0.1489019116826492,0.142857142857143,29.718042051765842,-0.002178742317482829,0.004850020166486502,-0.07429999858140945,0.0791499987244606,-0.07100000232458115,-0.007012339774519205,1.556249976158142,,0.0,-0.013957199640572071,0.017073678510155458,0.52941176,92.22222222,0.41176471,88.0,,,0.05882353,77.0,,,0.032830897718667984,-0.00042046234011650085,,-0.2037363052368164,,0.36478775242964423,-0.006006604858807155,,-20.37363052368164,,0.16666667,0.63636364,0.47058824,0.0,0.71428571,0.625,0.64705882,0.75,0.17647059,1.0,1.0,0.0,0.0,0.0,2.0,2.0,0.5,0.5,0.0,0.0,0.0,1.0,0.41176471,,,0.11764706,0.41176471,0.05882353,,,92.88571602957589,,,89.5999984741211,87.95714460100446,76.5,,,-0.39428578104291645,,,-12.114999771118164,0.4285714626312256,-4.309999942779541,,,9.091428484235491,,,0.6000000238418579,3.5171429770333424,-9.680000305175781,,,-0.3951899819076061,,,0.4280208796262741,-0.00042046234011650085,-0.19100067019462585,,,-5.645571170108659,,,21.401043981313705,-0.006006604858807155,-19.100067019462585,,,0.25,0.53846154,0.47058824,0.0,0.71428571,0.625,0.76470588,,0.05882353,0.41176471,,,0.11764706,0.41176471,,76.72360229492188,93.08931187220982,,,89.70845031738281,88.10081263950893,,-4.926939964294434,-0.7123770713806152,,,-11.348299980163574,1.2491046360560827,,-11.62720012664795,8.051219940185547,,,-0.5382025241851807,2.3793542044503346,,-0.19100067019462585,-0.3951899819076061,,,0.4280208796262741,-0.00042046234011650085,,-19.100067019462585,-5.645571170108659,,,21.401043981313705,-0.006006604858807155,0.25,0.53846154,0.47058824,0.0,0.71428571,0.625,0.76470588,2.0,101.19999694824219,16.0,1.0,0.5,104.2,2.0,1.0,Zack Cozart,2616,2019-04-20,0
20,LAA,SEA,2019,33,9,3B,1.0,3.0,4.0,0.0,0.0,0.0,0.0,0.0,0.0,1.0,0.0,0.0,1.0,0.0,1.0,0.0,0.0,0.0,0.0,0.0,0.0,0.0,3.0,0.0,11.0,3.0,8.0,0.0,0.0,0.0,0.0,0.25,0.0,0.0,0.0,0.0,0.0,0.0,0.0,1.0,0.0,0.0,0.0,0.0,0.0,0.0,0.0,-1.1062290720254646,-0.6027966193467842,0.142857142857143,-100.0,0.0,-0.17730000615119934,-0.17730000615119934,0.0,-1.2059999704360962,-0.11911100149154663,1.6375000476837158,,0.0,-0.10810399800539017,-0.000170811758429118,0.54545455,90.33333333,,,0.09090909,84.0,0.18181818,77.0,0.18181818,82.5,-0.8102115392684937,,-0.06530402600765228,0.0808154046535492,-0.13013291358947754,-13.503525654474894,,-6.530402600765228,4.04077023267746,-6.506645679473877,0.25,0.71428571,0.54545455,1.0,1.0,1.0,0.63636364,0.5,0.0,2.0,0.0,1.0,0.0,2.0,1.0,3.0,0.66666667,0.0,0.33333333,0.0,0.66666667,0.33333333,0.27272727,,0.09090909,0.27272727,,0.18181818,,0.18181818,93.09999593098958,,84.0,87.46666463216145,,76.5999984741211,,82.80000305175781,5.810000101725261,,1.2200000286102295,7.7133331298828125,,-7.305000305175781,,10.494999885559082,10.800000508626303,,6.420000076293945,9.663333257039389,,-6.429999828338623,,5.359999656677246,-0.29165860638022423,,-0.06530402600765228,-0.5607171431183815,,0.0808154009282589,,-0.06530402600765228,-9.721953546007473,,-6.530402600765228,-18.69057143727938,,4.040770046412945,,-3.265201300382614,0.0,0.75,0.54545455,,1.0,1.0,0.72727273,0.18181818,0.18181818,0.45454545,0.09090909,,0.09090909,,82.95210266113281,76.61845397949219,90.86663818359375,84.18730163574219,,88.12529754638672,,10.008275032043457,-8.38541030883789,5.726950073242188,0.5409719944000244,,8.841449737548828,,4.1291351318359375,-8.533245086669922,9.235072326660156,5.458829879760742,,7.402309894561768,,-0.13013292104005814,0.0808154009282589,-0.6613750793039799,-0.06530402600765228,,-0.19100067019462585,,-6.506646052002907,4.040770046412945,-13.2275015860796,-6.530402600765228,,-19.100067019462585,,0.0,0.75,0.54545455,,1.0,1.0,0.72727273,3.0,95.2999979654948,17.666666666666668,0.0,0.0,103.5,2.0,0.66666667,Zack Cozart,2616,2019-04-19,0
21,LAA,SEA,2019,33,7,PH,1.0,1.0,1.0,0.0,0.0,0.0,0.0,0.0,0.0,0.0,0.0,0.0,1.0,0.0,0.0,0.0,0.0,0.0,0.0,0.0,0.0,0.0,0.0,0.0,6.0,3.0,3.0,0.0,0.0,0.0,0.0,1.0,0.0,0.0,0.0,0.0,0.0,0.0,0.0,0.0,0.0,0.0,0.0,0.0,0.0,0.0,0.0,-0.27655726800636615,-0.15069915483669605,0.142857142857143,-100.0,0.0,-0.12745000422000885,-0.12745000422000885,0.0,-0.3709999918937683,-0.03664200007915497,5.400000095367432,5.400000095367432,1.0,-0.023601800203323364,-5.201318789907483e-08,0.5,93.0,,,,,,,0.5,85.66666667,-0.2987993657588959,,,,0.02674691006541252,-9.959978858629864,,,,0.891563668847084,0.0,0.66666667,0.33333333,,0.5,0.5,0.5,,0.16666667,0.0,0.0,0.0,0.0,0.0,0.0,0.0,,,,,,,0.5,,,,,,,0.5,93.0,,,,,,,85.63334147135417,5.726666768391927,,,,,,,10.7466672261556,11.096666971842447,,,,,,,5.7966664632161455,-0.29879937320947647,,,,,,,0.02674691006541252,-9.959979106982548,,,,,,,0.891563668847084,0.0,0.66666667,0.33333333,,0.5,0.5,0.5,0.5,,0.5,,,,,85.7018330891927,,93.07643636067708,,,,,10.603060404459635,,5.476919809977214,,,,,4.394856770833333,,9.594356536865234,,,,,0.02674691006541252,,-0.29879937320947647,,,,,0.891563668847084,,-9.959979106982548,,,,,0.0,0.66666667,0.33333333,,0.5,0.5,0.5,0.0,,,0.0,,,0.0,,Zack Cozart,2616,2019-04-18,0
22,LAA,@TEX,2019,33,8,3B,1.0,4.0,4.0,1.0,1.0,0.0,0.0,0.0,0.0,0.0,0.0,0.0,0.0,0.0,0.0,0.0,0.0,0.0,0.0,0.25,0.0,2.0,2.0,0.0,18.0,6.0,12.0,0.0,0.0,0.0,0.0,0.0,0.0,0.25,0.25,0.5,0.0,0.25,0.0,0.5,0.0,0.5,0.0,0.0,0.0,0.0,0.21740181744098663,-0.3545305409960312,0.1489019116826492,0.142857142857143,29.718042051765842,-0.002178742317482829,-0.07586000114679337,-0.09821999818086624,0.022360000759363174,-0.9480000138282776,-0.07999999821186066,0.9334999918937683,,0.0,-0.06839060038328171,-0.012873461540166262,0.77777778,94.57142857,0.16666667,88.0,0.05555556,92.0,,,,,0.13529060781002045,-0.29931017756462097,-0.23374661803245544,,,0.966361484357289,-9.977005918820698,-23.374661803245544,,,0.28571429,0.63636364,0.5,1.0,1.0,1.0,0.61111111,0.5,0.0,3.0,1.0,0.0,0.0,1.0,3.0,4.0,0.75,0.25,0.0,0.0,0.25,0.75,0.5,0.11111111,0.27777778,0.11111111,,,,,95.16666666666667,92.4000015258789,89.34000244140626,95.30000305175781,,,,,-2.923333273993598,-5.659999847412109,1.8479999542236327,-8.875,,,,,7.850000169542101,4.119999885559082,2.647999954223633,7.920000076293945,,,,,0.4682551994919777,0.050806157290935516,-0.8481147587299347,-0.11087699607014656,,,,,5.202835549910864,2.540307864546776,-16.962295174598694,-5.543849803507328,,,,,0.16666667,0.66666667,0.5,1.0,1.0,1.0,0.66666667,,,0.5,0.11111111,,0.27777778,0.11111111,,,94.9901123046875,90.90180206298828,,93.68414306640625,87.12654876708984,,,-1.7504881752861872,2.821889877319336,,-5.906884002685547,4.389064788818359,,,6.836809794108073,2.3740200996398926,,4.566793823242188,-1.2685160636901855,,,0.25001995265483856,-0.2251046672463417,,-0.11472934857010841,-0.3501163348555565,,,2.777999473942651,-11.255233362317085,,-2.2945869714021683,-17.505816742777824,0.16666667,0.66666667,0.5,1.0,1.0,1.0,0.66666667,4.0,94.3499984741211,18.75,0.0,0.0,101.5,2.0,0.5,Zack Cozart,2616,2019-04-17,0
23,LAA,@TEX,2019,33,7,3B,1.0,3.0,3.0,0.0,0.0,0.0,0.0,0.0,0.0,0.0,0.0,0.0,1.0,0.0,0.0,0.0,0.0,0.0,0.0,0.0,0.0,2.0,0.0,1.0,16.0,7.0,9.0,0.0,0.0,0.0,0.0,0.33333333,0.0,0.0,0.0,0.0,0.0,0.0,0.0,0.0,0.0,1.0,0.5,0.0,0.0,0.0,0.0,-0.8296718040190985,-0.45209746451008814,0.142857142857143,-100.0,0.0,-0.05671999976038933,-0.05671999976038933,0.0,-0.8140000104904175,-0.06869199872016907,0.6919999718666077,,0.0,-0.08172880113124847,-0.0002365197738842667,0.5,92.75,0.0625,87.0,,,0.0625,77.0,0.375,86.16666667,-0.9653432369232178,0.04190467298030853,,-0.04557297006249428,0.12262794375419617,-12.066790461540222,4.190467298030853,,-4.557297006249428,2.043799062569936,0.25,0.375,0.3125,0.0,0.66666667,0.4,0.5,1.0,0.1875,0.0,0.0,2.0,1.0,1.0,0.0,2.0,0.0,0.0,1.0,0.5,0.5,0.0,0.5,,,,0.0625,,0.0625,0.375,92.73750305175781,,,,87.4000015258789,,76.9000015258789,86.11666870117188,4.887499809265137,,,,-1.7899999618530273,,-4.309999942779541,10.173333485921225,9.532500267028809,,,,3.1600000858306885,,-8.069999694824219,8.103333155314127,-0.9495352655649185,,,,0.04190467298030853,,-0.04557297006249428,0.12262794375419617,-11.869190819561481,,,,4.190467298030853,,-4.557297006249428,2.043799062569936,0.14285714,0.44444444,0.3125,0.0,0.5,0.4,0.5625,0.375,0.0625,0.5,,,,0.0625,86.08784993489583,76.81990051269531,92.71772766113281,,,,87.36750030517578,10.224164962768555,-4.806610107421875,4.847101211547852,,,,-2.1717300415039062,6.496188481648763,-9.937029838562012,8.48128890991211,,,,1.7322399616241455,0.12262794375419617,-0.04557297006249428,-0.9495352655649185,,,,0.04190467298030853,2.043799062569936,-4.557297006249428,-11.869190819561481,,,,4.190467298030853,0.14285714,0.44444444,0.3125,0.0,0.5,0.4,0.5625,2.0,88.85000610351562,64.5,0.0,0.0,91.3,0.0,0.0,Zack Cozart,2616,2019-04-16,0
24,LAA,@TEX,2019,33,8,3B,1.0,4.0,5.0,0.0,0.0,0.0,0.0,0.0,1.0,0.0,1.0,0.0,0.0,0.0,0.0,0.0,0.0,0.0,0.0,0.0,1.0,1.0,2.0,0.0,23.0,9.0,14.0,0.0,0.0,0.0,0.2,0.0,1.0,0.2,0.0,0.2,0.0,0.0,1.0,0.5,0.25,0.25,0.0,0.0,0.0,0.0,0.13805890083312988,-0.7860878270354267,-0.15679726118707618,2.642857142857143,-23.92670128541592,-0.002178742317482829,-0.06514009833335876,-0.06785999983549118,0.0027199899777770042,-1.3830000162124634,-0.11670900136232376,0.47279998660087585,,0.0,-0.07142230123281479,-0.06635286835141821,0.82608696,93.52631579,0.04347826,83.0,0.04347826,88.0,0.04347826,78.0,0.04347826,79.0,-0.8123323321342468,0.04190467298030853,0.02982518821954727,-0.16800808906555176,0.0965895727276802,-4.275433327022352,4.190467298030853,2.982518821954727,-16.800808906555176,9.65895727276802,0.16666667,0.45454545,0.30434783,0.5,1.0,0.85714286,0.47826087,0.6,0.04347826,3.0,1.0,0.0,0.0,2.0,2.0,4.0,0.75,0.25,0.0,0.0,0.5,0.5,0.65217391,,0.04347826,0.17391304,0.08695652,0.04347826,,,93.55333658854167,,88.19999694824219,92.75,80.75,77.80000305175781,,,-3.1426666259765623,,0.9800000190734863,8.65999984741211,0.48000001907348633,9.630000114440918,,,9.463333129882812,,4.070000171661377,8.1875,3.6700000762939453,-6.559999942779541,,,-1.1487845182418823,,0.02982518821954727,0.3364521823823452,0.13849424570798874,-0.16800808906555176,,,-7.658563454945883,,2.982518821954727,8.41130455955863,6.924712285399437,-16.800808906555176,,,0.18181818,0.41666667,0.30434783,0.5,1.0,0.85714286,0.52173913,,0.08695652,0.73913043,0.04347826,,0.08695652,0.04347826,,78.25135040283203,93.12692440257354,88.2738037109375,,95.75779724121094,82.60600280761719,,8.733155250549316,0.1629806827096378,1.7406200170516968,,-5.4572296142578125,-6.334080219268799,,-3.2826051712036133,8.137022130629596,2.09771990776062,,7.251774787902832,2.58309006690979,,-0.07141851633787155,-0.49727436900138855,0.02982518821954727,,-0.3150579668581486,0.04190467298030853,,-3.5709258168935776,-2.9251433470669914,2.982518821954727,,-15.752898342907429,4.190467298030853,0.2,0.38461538,0.30434783,0.5,1.0,0.85714286,0.56521739,4.0,86.67500305175781,10.0,0.0,0.0,100.4,1.0,0.25,Zack Cozart,2616,2019-04-15,0
25,LAA,@CHC,2019,33,8,3B,1.0,4.0,4.0,3.0,3.0,0.0,0.0,0.0,0.0,1.0,0.0,0.0,0.0,0.0,0.0,0.0,0.0,0.0,0.0,0.75,1.0,0.0,3.0,0.0,13.0,5.0,8.0,0.0,0.0,0.0,0.0,0.0,0.0,0.75,0.75,1.5,0.0,0.75,1.0,0.75,0.25,0.0,0.0,0.0,0.0,0.0,0.6522054523229599,1.148866521062836,1.6522989737415164,0.142857142857143,323.69424550541413,-0.006536226952448487,0.030859999358654022,-0.07863999903202057,0.10949999839067459,1.3589999675750732,0.13522399961948395,1.3695000410079956,,0.0,0.09352870285511017,-0.07099493254872881,0.46153846,88.0,0.07692308,84.0,,,0.07692308,76.0,0.38461538,78.4,0.2789430618286133,-0.22732079029083252,,0.03891072794795036,1.0258110761642456,4.649051030476889,-22.732079029083252,,3.8910727947950363,20.516221523284912,0.0,0.66666667,0.30769231,,1.0,1.0,0.46153846,0.75,0.0,2.0,1.0,1.0,1.0,2.0,1.0,4.0,0.5,0.25,0.25,0.25,0.5,0.25,0.15384615,,,0.30769231,0.07692308,0.07692308,,0.38461538,92.4000015258789,,,85.5250015258789,84.0,76.0999984741211,,78.3,-0.7650001049041748,,,-7.994999885559082,3.8299999237060547,-8.75,,-8.427999877929688,8.405000686645508,,,6.845000267028809,-0.75,-9.479999542236328,,7.133999633789062,0.378595557063818,,,-0.0996524915099144,-0.2694849967956543,0.03891072794795036,,1.0258110389113426,18.9297778531909,,,-2.49131228774786,-26.94849967956543,3.8910727947950363,,20.516220778226852,0.0,0.44444444,0.30769231,,1.0,1.0,0.69230769,0.38461538,0.07692308,0.15384615,,,0.30769231,0.07692308,78.44428100585938,76.15670013427734,92.54505157470703,,,85.64302062988281,84.00869750976562,-7.730892181396484,-9.014840126037598,-0.2735499143600464,,,-7.357107162475586,4.815549850463867,5.589690017700195,-11.454999923706055,7.344310283660889,,,5.399089813232422,-2.1348700523376465,1.0258110389113426,0.03891072794795036,0.378595557063818,,,-0.0996524915099144,-0.2694849967956543,20.516220778226852,3.8910727947950363,18.9297778531909,,,-2.49131228774786,-26.94849967956543,0.0,0.44444444,0.30769231,,1.0,1.0,0.69230769,4.0,85.9749984741211,17.0,0.0,0.0,99.5,1.0,0.25,Zack Cozart,2616,2019-04-13,0
26,LAA,@CHC,2019,33,7,2B,1.0,3.0,3.0,0.0,0.0,0.0,0.0,0.0,0.0,0.0,0.0,0.0,0.0,0.0,0.0,0.0,0.0,0.0,0.0,0.0,2.0,1.0,0.0,0.0,10.0,3.0,7.0,0.0,0.0,0.0,0.0,0.0,0.0,0.0,0.0,0.0,0.0,0.0,2.0,0.0,0.66666667,0.33333333,0.0,0.0,0.0,0.0,0.0,-0.8296718040190985,-0.45209746451008814,0.142857142857143,-100.0,0.0,-0.05841999873518944,-0.05841999873518944,0.0,-0.7269999980926514,-0.0723382979631424,0.7226669788360596,,0.0,-0.08092659711837769,8.715039385494283e-05,,,,,0.3,87.33333333,0.4,77.25,0.3,82.33333333,,,-0.35252755880355835,-0.13448622822761536,-0.25129929184913635,,,-11.750918626785278,-3.362155705690384,-8.376643061637878,0.28571429,0.66666667,0.4,0.5,1.0,0.75,0.3,0.66666667,0.1,1.0,2.0,0.0,1.0,2.0,0.0,3.0,0.33333333,0.66666667,0.0,0.33333333,0.66666667,0.0,,,0.3,,,0.4,,0.3,,,87.26666259765625,,,77.32499694824219,,82.56667073567708,,,0.40333330631256104,,,-3.065000057220459,,8.823333740234375,,,5.993333180745442,,,-4.987500190734863,,4.390000025431315,,,-0.35252754390239716,,,-0.13448622077703476,,-0.25129930302500725,,,-11.750918130079906,,,-3.362155519425869,,-8.376643434166908,0.33333333,0.5,0.4,0.5,1.0,0.75,0.4,0.3,0.4,,0.3,,,,82.75293477376302,77.39802551269531,,87.44373575846355,,,,8.382026672363281,-4.014554977416992,,-0.36821866035461426,,,,2.890226682027181,-6.359077453613281,,4.803906758626302,,,,-0.25129930302500725,-0.13448622077703476,,-0.35252754390239716,,,,-8.376643434166908,-3.362155519425869,,-11.750918130079906,,,,0.33333333,0.5,0.4,0.5,1.0,0.75,0.4,3.0,68.16666666666667,12.333333333333334,0.0,0.0,91.2,0.0,0.0,Zack Cozart,2616,2019-04-12,0
27,LAA,MIL,2019,33,6,3B,1.0,0.0,0.0,0.0,0.0,0.0,0.0,0.0,0.0,0.0,0.0,0.0,0.0,0.0,0.0,0.0,0.0,0.0,0.0,0.0,0.0,0.0,0.0,0.0,0.0,0.0,0.0,0.0,0.0,0.0,0.0,0.0,0.0,0.0,0.0,0.0,0.0,0.0,0.0,0.0,0.0,0.0,0.0,0.0,0.0,0.0,0.0,0.0,0.0,0.142857142857143,,0.0,,,,,,,,0.0,,,,,,,,,,,,,,,,,,,,,,,,,,,,,,,,,,,,,,,,,,,,,,,,,,,,,,,,,,,,,,,,,,,,,,,,,,,,,,,,,,,,,,,,,,,,,,,,,,,,,,,,,,,,,,,,,,,,,,,,,,,,,,,,,,,,,,,,,,,,,,,,,,,,,0.0,,,,,,,,Zack Cozart,2616,2019-04-10,0
28,LAA,MIL,2019,33,9,3B,1.0,4.0,4.0,0.0,0.0,0.0,0.0,0.0,0.0,0.0,0.0,0.0,2.0,0.0,0.0,0.0,0.0,0.0,0.0,0.0,1.0,1.0,0.0,1.0,24.0,9.0,15.0,0.0,0.0,0.0,0.0,0.5,0.0,0.0,0.0,0.0,0.0,0.0,1.0,0.0,0.5,0.5,1.0,0.0,0.0,0.0,0.0,-1.1062290720254646,-0.6027966193467842,0.142857142857143,-100.0,0.0,-0.11259999871253967,-0.11259999871253967,0.0,-1.3980000019073486,-0.13807399570941925,1.09375,,0.0,-0.10462500154972076,0.001676431298255926,0.5,90.08333333,,,0.125,85.0,0.20833333,76.4,0.16666667,72.75,-0.8078094124794006,,-0.22647950053215027,-0.11353670060634613,0.0853816419839859,-6.731745103995006,,-7.549316684405009,-2.2707340121269226,2.1345410495996475,0.08333333,0.58333333,0.33333333,1.0,1.0,1.0,0.5,0.5,0.0,1.0,0.0,1.0,1.0,1.0,0.0,2.0,0.5,0.0,0.5,0.5,0.5,0.0,0.375,,,0.125,0.125,0.20833333,,0.16666667,91.38888888888889,,,85.59999593098958,84.89999898274739,76.44000244140625,,72.7750015258789,-5.461111280653212,,,10.009999593098959,3.370000203450521,4.186000061035156,,11.220000267028809,9.455555386013454,,,-2.9033333460489907,2.2800000508626304,-4.181999969482422,,-0.2150000035762787,-0.48971812054514885,,,-0.3180912844836712,-0.22647950798273087,-0.11353670060634613,,0.0853816419839859,-5.441312450501654,,,-10.603042816122372,-7.549316932757695,-2.2707340121269226,,2.1345410495996475,0.09090909,0.53846154,0.33333333,1.0,1.0,1.0,0.54166667,0.16666667,0.20833333,0.375,,,0.125,0.125,72.89492797851562,76.661962890625,91.66838921440973,,,85.67262776692708,85.0572001139323,10.734359741210938,4.8697357177734375,-4.729226854112413,,,9.48188336690267,4.01434326171875,-1.430419921875,-5.4051658630371096,8.63619656032986,,,-3.9610732396443686,0.9538443883260092,0.0853816419839859,-0.11353670060634613,-0.48971812054514885,,,-0.3180912844836712,-0.22647950798273087,2.1345410495996475,-2.2707340121269226,-5.441312450501654,,,-10.603042816122372,-7.549316932757695,0.09090909,0.53846154,0.33333333,1.0,1.0,1.0,0.54166667,2.0,78.55000305175781,11.5,0.0,0.0,79.4,0.0,0.0,Zack Cozart,2616,2019-04-09,0
29,LAA,MIL,2019,33,6,3B,1.0,0.0,0.0,0.0,0.0,0.0,0.0,0.0,0.0,0.0,0.0,0.0,0.0,0.0,0.0,0.0,0.0,0.0,0.0,0.0,0.0,0.0,0.0,0.0,0.0,0.0,0.0,0.0,0.0,0.0,0.0,0.0,0.0,0.0,0.0,0.0,0.0,0.0,0.0,0.0,0.0,0.0,0.0,0.0,0.0,0.0,0.0,0.0,0.0,0.142857142857143,,0.0,,,,,,,,0.0,,,,,,,,,,,,,,,,,,,,,,,,,,,,,,,,,,,,,,,,,,,,,,,,,,,,,,,,,,,,,,,,,,,,,,,,,,,,,,,,,,,,,,,,,,,,,,,,,,,,,,,,,,,,,,,,,,,,,,,,,,,,,,,,,,,,,,,,,,,,,,,,,,,,,0.0,,,,,,,,Zack Cozart,2616,2019-04-08,0
30,LAA,TEX,2019,33,8,3B,1.0,0.0,1.0,0.0,0.0,0.0,0.0,0.0,0.0,1.0,0.0,0.0,0.0,1.0,0.0,0.0,0.0,0.0,0.0,0.0,0.0,0.0,0.0,0.0,5.0,1.0,4.0,0.0,0.0,0.0,0.0,0.0,0.0,1.0,0.0,1.0,0.0,0.0,0.0,0.0,0.0,0.0,0.0,0.0,0.0,0.0,0.7192159295082092,0.34514125787077327,0.47099937104044337,0.142857142857143,369.00087151806076,-0.002178742317482829,0.08869999647140503,0.0,0.08869999647140503,1.0,0.09876540303230286,2.3550000190734863,,0.0,0.0376644991338253,4.258719843441838e-08,0.8,94.75,,,,,0.2,80.0,,,0.3441826105117798,,,0.0,,8.604565262794495,,,0.0,,0.8,,0.8,0.75,,0.75,,1.0,0.2,0.0,0.0,0.0,0.0,0.0,0.0,0.0,,,,,,,0.8,,,,,0.2,,,94.77499389648438,,,,,80.0999984741211,,,-6.659999847412109,,,,,3.8399999141693115,,,9.422499656677246,,,,,-6.46999979019165,,,0.3441825993359089,,,,,0.0,,,8.604564983397722,,,,,0.0,,,0.66666667,1.0,0.8,0.5,1.0,0.75,0.4,,0.2,0.8,,,,,,80.25740051269531,95.08390045166016,,,,,,4.219580173492432,-6.2785749435424805,,,,,,-7.759570121765137,8.5871000289917,,,,,,0.0,0.3441825993359089,,,,,,0.0,8.604564983397722,,,,,0.66666667,1.0,0.8,0.5,1.0,0.75,0.4,0.0,,,0.0,,,0.0,,Zack Cozart,2616,2019-04-07,0
31,LAA,TEX,2019,33,7,3B,1.0,3.0,3.0,0.0,0.0,0.0,0.0,0.0,0.0,0.0,0.0,0.0,1.0,0.0,0.0,0.0,0.0,0.0,0.0,0.0,0.0,2.0,0.0,0.0,8.0,2.0,6.0,0.0,0.0,0.0,0.0,0.33333333,0.0,0.0,0.0,0.0,0.0,0.0,0.0,0.0,0.0,1.0,0.0,0.0,0.0,0.0,0.0,-0.8296718040190985,-0.45209746451008814,0.142857142857143,-100.0,0.0,-0.0925000011920929,-0.0925000011920929,0.0,-0.8700000047683716,-0.08592589944601059,1.1916699409484863,,0.0,-0.07706739753484726,-0.0005547678094168923,0.625,93.4,,,,,0.375,81.0,,,-0.8410029411315918,,,0.023162946105003357,,-16.820058822631836,,,0.7720982035001118,,0.5,0.5,0.5,0.5,1.0,0.75,0.5,0.66666667,0.125,0.0,2.0,0.0,0.0,0.0,2.0,2.0,0.0,1.0,0.0,0.0,0.0,1.0,0.5,0.125,,,,0.375,,,93.94999694824219,90.80000305175781,,,,81.2000020345052,,,-4.619999885559082,-8.180000305175781,,,,3.316666603088379,,,9.734999656677246,3.700000047683716,,,,-5.1200002034505205,,,-0.8238544203341007,-0.05931270867586136,,,,0.023162946105003357,,,-20.596360508352518,-5.931270867586136,,,,0.7720982035001118,,,0.0,0.66666667,0.5,,0.75,0.75,0.75,0.125,0.375,0.5,,,,,91.08809661865234,81.42319742838542,94.16062927246094,,,,,-7.497049808502197,4.618359883626302,-3.532335042953491,,,,,2.437040090560913,-6.820727030436198,8.553897857666016,,,,,-0.05931270867586136,0.023162946105003357,-0.8238544203341007,,,,,-5.931270867586136,0.7720982035001118,-20.596360508352518,,,,,0.0,0.66666667,0.5,,0.75,0.75,0.75,2.0,89.5999984741211,30.5,0.0,0.0,89.7,0.0,0.0,Zack Cozart,2616,2019-04-05,0
32,LAA,TEX,2019,33,9,3B-SS,1.0,4.0,4.0,0.0,0.0,0.0,0.0,0.0,0.0,0.0,0.0,0.0,0.0,0.0,0.0,0.0,0.0,0.0,0.0,0.0,1.0,2.0,1.0,0.0,21.0,7.0,14.0,0.0,0.0,0.0,0.0,0.0,0.0,0.0,0.0,0.0,0.0,0.0,0.5,0.25,0.25,0.5,0.0,0.0,0.0,0.0,0.0,-1.1062290720254646,-0.6027966193467842,0.142857142857143,-100.0,0.0,-0.04924999922513962,-0.04924999922513962,0.0,-1.1759999990463257,-0.11614800244569778,0.4424999952316284,,0.0,-0.1150360032916069,0.0037365688150946402,0.42857143,92.0,0.04761905,84.0,,,0.04761905,79.0,0.47619048,80.4,-0.4012748897075653,-0.1516578495502472,,0.023833870887756348,-0.5222920775413513,-4.458609885639615,-15.16578495502472,,2.3833870887756348,-5.222920775413513,0.33333333,0.66666667,0.47619048,0.5,0.83333333,0.7,0.42857143,0.25,0.14285714,2.0,2.0,0.0,1.0,2.0,1.0,4.0,0.5,0.5,0.0,0.25,0.5,0.25,0.14285714,,,0.28571429,0.04761905,,0.04761905,0.47619048,93.93332926432292,,,90.90000406901042,83.69999694824219,,79.0999984741211,80.35999755859375,-7.3700002034505205,,,-3.9249998728434243,2.3299999237060547,,2.2300000190734863,-3.139000129699707,9.593332926432291,,,6.913333257039388,-0.7799999713897705,,-4.699999809265137,1.6319999694824219,-0.08105180785059929,,,-0.3623872809112072,-0.1516578495502472,,0.023833870887756348,-0.5222920700907707,-2.7017269283533096,,,-6.039788015186787,-15.16578495502472,,2.3833870887756348,-5.222920700907707,0.22222222,0.66666667,0.47619048,0.5,0.75,0.7,0.57142857,0.47619048,0.04761905,0.14285714,,,0.28571429,0.04761905,80.665966796875,79.27529907226562,91.88150024414062,,,92.37404378255208,83.94519805908203,-2.68614501953125,3.0851800441741943,-2.961223602294922,,,-5.579203287760417,3.2331600189208984,0.21367695331573486,-6.256259918212891,7.940273284912109,,,5.815544764200847,-2.182990074157715,-0.5222920700907707,0.023833870887756348,-0.380892600864172,,,-0.0625464878976345,-0.1516578495502472,-5.222920700907707,2.3833870887756348,-12.696420028805733,,,-1.042441464960575,-15.16578495502472,0.22222222,0.66666667,0.47619048,0.5,0.75,0.7,0.57142857,4.0,87.69999694824219,22.5,0.0,0.0,94.2,0.0,0.0,Zack Cozart,2616,2019-04-04,0
33,LAA,@SEA,2019,33,1,3B,1.0,4.0,4.0,0.0,0.0,0.0,0.0,0.0,0.0,0.0,0.0,0.0,1.0,0.0,0.0,0.0,0.0,0.0,0.0,0.0,1.0,2.0,0.0,1.0,12.0,2.0,10.0,0.0,0.0,0.0,0.0,0.25,0.0,0.0,0.0,0.0,0.0,0.0,0.5,0.0,0.33333333,0.66666667,0.5,0.0,0.0,0.0,0.0,-1.1062290720254646,-0.6027966193467842,0.142857142857143,-100.0,0.0,-0.1301400065422058,-0.1301400065422058,0.0,-0.8101000189781189,-0.08182830363512039,1.2769999504089355,,0.0,-0.1013059988617897,-0.0006047384883025031,0.5,87.83333333,,,0.08333333,84.0,0.16666667,74.5,0.25,80.33333333,-0.7461603283882141,,0.02982518821954727,-0.006662242114543915,-0.32755225896835327,-12.436005473136902,,2.982518821954727,-0.33311210572719574,-10.918408632278442,0.33333333,0.44444444,0.41666667,1.0,1.0,1.0,0.75,0.75,0.0,1.0,2.0,0.0,1.0,1.0,1.0,3.0,0.33333333,0.66666667,0.0,0.33333333,0.33333333,0.33333333,,,0.08333333,0.5,,0.16666667,,0.25,,,84.19999694824219,87.90000406901042,,74.80000305175781,,80.26666259765625,,,0.7599999904632568,9.0,,-2.8450000286102295,,9.516666412353516,,,6.650000095367432,8.483333587646484,,-8.450000762939453,,6.216667175292969,,,0.02982518821954727,-0.7461603321135044,,-0.006662242114543915,,-0.32755227014422417,,,2.982518821954727,-12.436005535225075,,-0.33311210572719574,,-10.918409004807472,0.33333333,0.44444444,0.41666667,1.0,1.0,1.0,0.75,0.25,0.16666667,,0.08333333,,0.5,,80.47213236490886,74.90104675292969,,84.35230255126953,,88.12024943033855,,8.974796295166016,-3.4006848335266113,,-0.32245001196861267,,8.451976776123047,,5.100186665852864,-9.614385604858398,,5.442699909210205,,7.2695363362630205,,-0.32755227014422417,-0.006662242114543915,,0.02982518821954727,,-0.7461603321135044,,-10.918409004807472,-0.33311210572719574,,2.982518821954727,,-12.436005535225075,,0.33333333,0.44444444,0.41666667,1.0,1.0,1.0,0.75,3.0,88.09999593098958,33.666666666666664,0.0,0.0,93.0,0.0,0.0,Zack Cozart,2616,2019-04-02,0
34,LAA,@SEA,2019,33,8,PH,1.0,1.0,1.0,0.0,0.0,0.0,0.0,0.0,0.0,0.0,0.0,0.0,0.0,0.0,0.0,0.0,0.0,0.0,0.0,0.0,0.0,1.0,0.0,1.0,5.0,2.0,3.0,0.0,0.0,0.0,0.0,0.0,0.0,0.0,0.0,0.0,0.0,0.0,0.0,0.0,0.0,1.0,1.0,0.0,0.0,0.0,0.0,-0.27655726800636615,-0.15069915483669605,0.142857142857143,-100.0,0.0,-0.019600000232458115,-0.019600000232458115,0.0,-0.23999999463558197,-0.024242399260401726,0.7639999985694885,0.7639999985694885,1.0,-0.025654500350356102,4.973627612883669e-08,0.4,94.0,,,,,,,0.6,87.66666667,-0.11977848410606384,,,,-0.15311527252197266,-5.988924205303192,,,,-5.103842417399088,0.0,0.66666667,0.4,,1.0,1.0,0.6,1.0,0.0,1.0,0.0,0.0,1.0,0.0,0.0,1.0,1.0,0.0,0.0,1.0,0.0,0.0,0.4,,,,,,,0.6,94.19999694824219,,,,,,,87.46666463216145,4.765000343322754,,,,,,,10.31000010172526,11.079999923706055,,,,,,,4.640000025431315,-0.11977848038077354,,,,,,,-0.15311527252197266,-5.988924019038677,,,,,,,-5.103842417399088,0.0,0.66666667,0.4,,1.0,1.0,0.6,0.6,,0.4,,,,,87.55936686197917,,94.28475189208984,,,,,10.384893417358398,,4.491085052490234,,,,,3.388183275858561,,9.880305290222168,,,,,-0.15311527252197266,,-0.11977848038077354,,,,,-5.103842417399088,,-5.988924019038677,,,,,0.0,0.66666667,0.4,,1.0,1.0,0.6,1.0,80.0,69.0,0.0,0.0,80.0,0.0,0.0,Zack Cozart,2616,2019-04-01,0
35,LAA,@OAK,2019,33,5,3B,1.0,3.0,3.0,0.0,0.0,0.0,0.0,0.0,0.0,0.0,0.0,0.0,1.0,0.0,0.0,0.0,0.0,0.0,0.0,0.0,1.0,1.0,0.0,1.0,13.0,5.0,8.0,0.0,0.0,0.0,0.0,0.33333333,0.0,0.0,0.0,0.0,0.0,0.0,1.0,0.0,0.5,0.5,1.0,0.0,0.0,0.0,0.0,-0.8296718040190985,-0.45209746451008814,0.142857142857143,-100.0,0.0,-0.1239200010895729,-0.1239200010895729,0.0,-0.8479999899864197,-0.08514060080051422,1.5282700061798096,,0.0,-0.0795660987496376,-0.0015190502021066032,0.46153846,96.83333333,0.46153846,88.33333333,0.07692308,91.0,,,,,-0.30312928557395935,-0.44841164350509644,-0.05465850979089737,,,-5.052154759565989,-7.473527391751607,-5.465850979089737,,,0.16666667,0.42857143,0.30769231,0.0,1.0,0.75,0.53846154,0.33333333,0.07692308,2.0,0.0,0.0,1.0,1.0,0.0,2.0,1.0,0.0,0.0,0.5,0.5,0.0,0.07692308,0.38461538,0.07692308,,0.46153846,,,,96.5999984741211,96.8,91.4000015258789,,88.2999979654948,,,,-5.71999979019165,-9.277999877929688,0.6299999952316284,,1.8249999682108562,,,,9.699999809265137,5.970000076293945,7.0,,2.826666514078776,,,,0.03891072794795036,-0.32623206824064255,-0.05465850979089737,,-0.44841165840625763,,,,3.8910727947950363,-6.524641364812851,-5.465850979089737,,-7.473527640104294,,,,0.28571429,0.33333333,0.30769231,0.5,1.0,0.75,0.46153846,,,0.07692308,0.07692308,,0.38461538,0.46153846,,,96.6792984008789,91.56439971923828,,96.95037841796875,88.37774658203125,,,-5.4873199462890625,0.989342987537384,,-9.057292175292968,2.489655017852783,,,8.75055980682373,5.982679843902588,,4.853731918334961,1.5579059918721516,,,0.03891072794795036,-0.05465850979089737,,-0.32623206824064255,-0.44841165840625763,,,3.8910727947950363,-5.465850979089737,,-6.524641364812851,-7.473527640104294,0.33333333,0.28571429,0.30769231,0.5,1.0,0.75,0.53846154,2.0,76.94999694824219,31.5,0.0,0.0,86.9,0.0,0.0,Zack Cozart,2616,2019-03-31,0
36,LAA,@OAK,2019,33,1,3B,1.0,3.0,4.0,1.0,0.0,1.0,0.0,0.0,1.0,0.0,1.0,0.0,0.0,0.0,0.0,0.0,0.0,0.0,0.0,0.33333333,1.0,1.0,1.0,0.0,12.0,6.0,6.0,0.0,0.0,0.0,0.25,0.0,1.0,0.5,0.66666667,1.16666667,0.33333334,0.33333333,1.0,0.33333333,0.33333333,0.33333333,0.0,0.0,0.0,0.0,0.47673967480659485,0.542167972000373,1.0456004246790536,2.642857142857143,205.05962754895305,-0.002178742317482829,0.07226800173521042,-0.03194800019264221,0.10421600192785263,1.145400047302246,0.11500000208616257,0.7738000154495239,,0.0,0.058269601315259933,0.0351240408304148,0.58333333,91.42857143,,,,,0.16666667,76.5,0.25,83.33333333,0.08499737828969955,,,-0.020401980727910995,0.46922796964645386,1.2142482612814223,,,-1.0200990363955498,15.640932321548462,0.25,1.0,0.5,0.5,1.0,0.83333333,0.33333333,0.5,0.08333333,2.0,1.0,0.0,0.0,1.0,2.0,3.0,0.66666667,0.33333333,0.0,0.0,0.33333333,0.66666667,0.25,,,0.33333333,,0.08333333,0.08333333,0.25,93.03333536783855,,,89.7249984741211,,79.0999984741211,74.30000305175781,83.16666666666667,-0.08999999364217122,,,8.640000343322754,,3.9800000190734863,-4.380000114440918,2.306666692097982,9.59333356221517,,,6.349999904632568,,-10.239999771118164,-8.300000190734863,3.0399999618530273,0.10441724583506584,,,-0.019419867545366287,,-0.05931270867586136,0.03891072794795036,0.46922796219587326,3.4805748611688614,,,-0.4854966886341572,,-5.931270867586136,3.8910727947950363,15.640932073195776,0.14285714,1.0,0.5,0.0,1.0,0.83333333,0.41666667,0.25,0.16666667,0.25,,,0.33333333,,83.28483072916667,76.81520080566406,93.1991678873698,,,89.84732818603516,,2.446683088938395,0.26617002487182617,0.6805666287740072,,,8.592267990112305,,1.536077340443929,-11.124250411987305,8.589719772338867,,,4.988582611083984,,0.46922796219587326,-0.020401980727910995,0.10441724583506584,,,-0.019419867545366287,,15.640932073195776,-1.0200990363955498,3.4805748611688614,,,-0.4854966886341572,,0.14285714,1.0,0.5,0.0,1.0,0.83333333,0.41666667,3.0,95.23333740234375,9.0,0.0,0.0,98.2,2.0,0.66666667,Zack Cozart,2616,2019-03-30,0
37,LAA,@OAK,2019,33,6,3B,1.0,4.0,4.0,0.0,0.0,0.0,0.0,0.0,0.0,0.0,0.0,0.0,0.0,0.0,0.0,0.0,0.0,0.0,0.0,0.0,2.0,2.0,0.0,0.0,14.0,6.0,8.0,0.0,0.0,0.0,0.0,0.0,0.0,0.0,0.0,0.0,0.0,0.0,1.0,0.0,0.5,0.5,0.0,0.0,0.0,0.0,0.0,-1.1062290720254646,-0.6027966193467842,0.142857142857143,-100.0,0.0,-0.1466519981622696,-0.1466519981622696,0.0,-1.4279999732971191,-0.14337299764156342,1.417099952697754,,0.0,-0.1049090027809143,0.0014215967704306887,0.64285714,92.77777778,0.21428571,87.0,0.07142857,85.0,,,0.07142857,77.0,-1.1184847354888916,-0.015747781842947006,-0.04557297006249428,,0.050806157290935516,-12.427608172098797,-0.524926061431567,-4.557297006249428,,5.080615729093552,0.0,0.75,0.42857143,,1.0,1.0,0.57142857,0.5,0.0,2.0,2.0,0.0,0.0,3.0,1.0,4.0,0.5,0.5,0.0,0.0,0.75,0.25,0.57142857,0.07142857,0.07142857,,0.21428571,,,0.07142857,91.9375,97.80000305175781,85.0999984741211,,87.03333536783855,,,77.0999984741211,-4.276249885559082,-8.520000457763672,1.9700000286102295,,0.8666666348775228,,,-8.420000076293945,11.596250534057617,7.769999980926514,7.199999809265137,,3.879999796549479,,,8.699999809265137,-1.1573954746127129,0.03891072794795036,-0.04557297006249428,,-0.015747781842947006,,,0.050806157290935516,-14.46744343265891,3.8910727947950363,-4.557297006249428,,-0.524926061431567,,,5.080615729093552,0.0,0.75,0.42857143,,1.0,1.0,0.57142857,0.07142857,,0.5,0.07142857,,0.14285714,0.21428571,77.26270294189453,,91.37860979352679,85.15339660644531,,97.52095031738281,87.23773193359375,-8.077670097351074,,-2.992170606340681,2.3053500652313232,,-8.226360321044922,1.5308596293131511,6.533899784088135,,10.666397094726562,6.056240081787109,,7.3039751052856445,2.543983300526937,0.050806157290935516,,-0.8455910012125969,-0.04557297006249428,,-0.2728937454521656,-0.015747781842947006,5.080615729093552,,-12.079871445894241,-4.557297006249428,,-13.64468727260828,-0.524926061431567,0.0,0.75,0.42857143,,1.0,1.0,0.57142857,4.0,91.0,9.0,0.0,0.0,98.3,1.0,0.25,Zack Cozart,2616,2019-03-29,0
38,LAA,@OAK,2019,33,6,3B,1.0,4.0,4.0,0.0,0.0,0.0,0.0,0.0,0.0,0.0,0.0,0.0,1.0,0.0,0.0,0.0,0.0,0.0,0.0,0.0,1.0,2.0,0.0,1.0,9.0,2.0,7.0,0.0,0.0,0.0,0.0,0.25,0.0,0.0,0.0,0.0,0.0,0.0,0.5,0.0,0.33333333,0.66666667,0.5,0.0,0.0,0.0,0.0,-1.1062290720254646,-0.6027966193467842,0.142857142857143,-100.0,0.0,-0.07368399947881699,-0.07368409633636475,0.0,-0.9549999833106995,-0.09588350355625153,0.7376999855041504,,0.0,-0.10494700074195862,0.0050635780407086994,0.77777778,91.85714286,,,0.11111111,86.0,0.11111111,73.0,,,-0.6952404379844666,,-0.31180447340011597,-0.05931270867586136,,-9.932006256920952,,-31.180447340011597,-5.931270867586136,,0.33333333,0.66666667,0.55555556,1.0,1.0,1.0,0.66666667,0.5,0.0,2.0,0.0,1.0,2.0,1.0,0.0,3.0,0.66666667,0.0,0.33333333,0.66666667,0.33333333,0.0,0.44444444,0.11111111,,0.22222222,0.11111111,0.11111111,,,90.4749984741211,88.4000015258789,,96.55000305175781,85.5,72.9000015258789,,,-5.559999942779541,-9.449999809265137,,-11.234999656677246,0.6399999856948853,5.380000114440918,,,11.287500381469727,8.350000381469727,,3.440000057220459,6.070000171661377,-11.59000015258789,,,-0.4856335259974003,0.03891072794795036,,-0.23270966485142708,-0.31180447340011597,-0.05931270867586136,,,-12.140838149935007,3.8910727947950363,,-11.635483242571354,-31.180447340011597,-5.931270867586136,,,0.33333333,0.66666667,0.55555556,1.0,1.0,1.0,0.66666667,,0.11111111,0.44444444,0.11111111,,0.33333333,,,73.04949951171875,90.64579772949219,85.57039642333984,,93.94380696614583,,,5.942180156707764,-5.216515064239502,0.9014480113983154,,-10.163753509521484,,,-13.587800025939941,10.033987045288086,4.761859893798828,,3.706010182698568,,,-0.05931270867586136,-0.4856335259974003,-0.31180447340011597,,-0.19379893690347672,,,-5.931270867586136,-12.140838149935007,-31.180447340011597,,-6.4599645634492235,,0.33333333,0.66666667,0.55555556,1.0,1.0,1.0,0.66666667,3.0,78.59999593098958,38.0,0.0,0.0,92.7,0.0,0.0,Zack Cozart,2616,2019-03-28,0
